Datum en tijdstip (Europa/Brussel);Energie (kWh);Energie (kWh)2;;
01/01/2026 00:00;0,037;0,037;;
01/01/2026 00:15;0,046;0,046;;
01/01/2026 00:30;0,033;0,033;;
01/01/2026 00:45;0,044;0,044;;
01/01/2026 01:00;0,043;0,043;;
01/01/2026 01:15;0,032;0,032;;
01/01/2026 01:30;0,036;0,036;;
01/01/2026 01:45;0,035;0,035;;
01/01/2026 02:00;0,031;0,031;;
01/01/2026 02:15;0,039;0,039;;
01/01/2026 02:30;0,046;0,046;;
01/01/2026 02:45;0,032;0,032;;
01/01/2026 03:00;0,039;0,039;;
01/01/2026 03:15;0,033;0,033;;
01/01/2026 03:30;0,031;0,031;;
01/01/2026 03:45;0,039;0,039;;
01/01/2026 04:00;0,033;0,033;;
01/01/2026 04:15;0,031;0,031;;
01/01/2026 04:30;0,038;0,038;;
01/01/2026 04:45;0,044;0,044;;
01/01/2026 05:00;0,037;0,037;;
01/01/2026 05:15;0,047;0,047;;
01/01/2026 05:30;0,041;0,041;;
01/01/2026 05:45;0,031;0,031;;
01/01/2026 06:00;0,036;0,036;;
01/01/2026 06:15;0,036;0,036;;
01/01/2026 06:30;0,031;0,031;;
01/01/2026 06:45;0,036;0,036;;
01/01/2026 07:00;0,043;0,043;;
01/01/2026 07:15;0,04;0,04;;
01/01/2026 07:30;0,036;0,036;;
01/01/2026 07:45;0,035;0,035;;
01/01/2026 08:00;0,034;0,034;;
01/01/2026 08:15;0,034;0,034;;
01/01/2026 08:30;0,034;0,034;;
01/01/2026 08:45;0,036;0,036;;
01/01/2026 09:00;0,033;0,033;;
01/01/2026 09:15;0,037;0,037;;
01/01/2026 09:30;0,051;0,051;;
01/01/2026 09:45;0,043;0,043;;
01/01/2026 10:00;0,034;0,034;;
01/01/2026 10:15;0,04;0,04;;
01/01/2026 10:30;0,032;0,032;;
01/01/2026 10:45;0,031;0,031;;
01/01/2026 11:00;0,04;0,04;;
01/01/2026 11:15;0,032;0,032;;
01/01/2026 11:30;0,033;0,033;;
01/01/2026 11:45;0,051;0,051;;
01/01/2026 12:00;0,033;0,033;;
01/01/2026 12:15;0,031;0,031;;
01/01/2026 12:30;0,039;0,039;;
01/01/2026 12:45;0,034;0,034;;
01/01/2026 13:00;0,031;0,031;;
01/01/2026 13:15;0,037;0,037;;
01/01/2026 13:30;0,035;0,035;;
01/01/2026 13:45;0,032;0,032;;
01/01/2026 14:00;0,051;0,051;;
01/01/2026 14:15;0,079;0,079;;
01/01/2026 14:30;0,08;0,08;;
01/01/2026 14:45;0,063;0,063;;
01/01/2026 15:00;0,036;0,036;;
01/01/2026 15:15;0,035;0,035;;
01/01/2026 15:30;0,032;0,032;;
01/01/2026 15:45;0,035;0,035;;
01/01/2026 16:00;0,037;0,037;;
01/01/2026 16:15;0,039;0,039;;
01/01/2026 16:30;0,04;0,04;;
01/01/2026 16:45;0,039;0,039;;
01/01/2026 17:00;0,031;0,031;;
01/01/2026 17:15;0,034;0,034;;
01/01/2026 17:30;0,038;0,038;;
01/01/2026 17:45;0,031;0,031;;
01/01/2026 18:00;0,035;0,035;;
01/01/2026 18:15;0,038;0,038;;
01/01/2026 18:30;0,044;0,044;;
01/01/2026 18:45;0,052;0,052;;
01/01/2026 19:00;0,038;0,038;;
01/01/2026 19:15;0,031;0,031;;
01/01/2026 19:30;0,036;0,036;;
01/01/2026 19:45;0,04;0,04;;
01/01/2026 20:00;0,037;0,037;;
01/01/2026 20:15;0,036;0,036;;
01/01/2026 20:30;0,041;0,041;;
01/01/2026 20:45;0,08;0,08;;
01/01/2026 21:00;0,084;0,084;;
01/01/2026 21:15;0,045;0,045;;
01/01/2026 21:30;0,04;0,04;;
01/01/2026 21:45;0,037;0,037;;
01/01/2026 22:00;0,042;0,042;;
01/01/2026 22:15;0,042;0,042;;
01/01/2026 22:30;0,033;0,033;;
01/01/2026 22:45;0,035;0,035;;
01/01/2026 23:00;0,05;0,05;;
01/01/2026 23:15;0,05;0,05;;
01/01/2026 23:30;0,037;0,037;;
01/01/2026 23:45;0,039;0,039;;
02/01/2026 00:00;0,031;0,031;;
02/01/2026 00:15;0,036;0,036;;
02/01/2026 00:30;0,038;0,038;;
02/01/2026 00:45;0,031;0,031;;
02/01/2026 01:00;0,037;0,037;;
02/01/2026 01:15;0,036;0,036;;
02/01/2026 01:30;0,04;0,04;;
02/01/2026 01:45;0,061;0,061;;
02/01/2026 02:00;0,08;0,08;;
02/01/2026 02:15;0,072;0,072;;
02/01/2026 02:30;0,033;0,033;;
02/01/2026 02:45;0,034;0,034;;
02/01/2026 03:00;0,038;0,038;;
02/01/2026 03:15;0,033;0,033;;
02/01/2026 03:30;0,044;0,044;;
02/01/2026 03:45;0,049;0,049;;
02/01/2026 04:00;0,04;0,04;;
02/01/2026 04:15;0,034;0,034;;
02/01/2026 04:30;0,038;0,038;;
02/01/2026 04:45;0,031;0,031;;
02/01/2026 05:00;0,035;0,035;;
02/01/2026 05:15;0,038;0,038;;
02/01/2026 05:30;0,031;0,031;;
02/01/2026 05:45;0,037;0,037;;
02/01/2026 06:00;0,04;0,04;;
02/01/2026 06:15;0,042;0,042;;
02/01/2026 06:30;0,036;0,036;;
02/01/2026 06:45;0,036;0,036;;
02/01/2026 07:00;0,031;0,031;;
02/01/2026 07:15;0,036;0,036;;
02/01/2026 07:30;0,037;0,037;;
02/01/2026 07:45;0,04;0,04;;
02/01/2026 08:00;0,047;0,047;;
02/01/2026 08:15;0,035;0,035;;
02/01/2026 08:30;0,049;0,049;;
02/01/2026 08:45;0,038;0,038;;
02/01/2026 09:00;0,032;0,032;;
02/01/2026 09:15;0,038;0,038;;
02/01/2026 09:30;0,128;0,128;;
02/01/2026 09:45;0,333;0,333;;
02/01/2026 10:00;0,224;0,224;;
02/01/2026 10:15;0,188;0,188;;
02/01/2026 10:30;0,152;0,152;;
02/01/2026 10:45;0,209;0,209;;
02/01/2026 11:00;0,153;0,153;;
02/01/2026 11:15;0,147;0,147;;
02/01/2026 11:30;0,175;0,175;;
02/01/2026 11:45;0,124;0,124;;
02/01/2026 12:00;0,137;0,137;;
02/01/2026 12:15;0,193;0,193;;
02/01/2026 12:30;0,171;0,171;;
02/01/2026 12:45;0,158;0,158;;
02/01/2026 13:00;0,133;0,133;;
02/01/2026 13:15;0,153;0,153;;
02/01/2026 13:30;0,183;0,183;;
02/01/2026 13:45;0,1;0,1;;
02/01/2026 14:00;0,428;0,428;;
02/01/2026 14:15;0,463;0,463;;
02/01/2026 14:30;0,462;0,462;;
02/01/2026 14:45;0,416;0,416;;
02/01/2026 15:00;0,515;0,515;;
02/01/2026 15:15;0,476;0,476;;
02/01/2026 15:30;0,45;0,45;;
02/01/2026 15:45;0,29;0,29;;
02/01/2026 16:00;0,112;0,112;;
02/01/2026 16:15;0,139;0,139;;
02/01/2026 16:30;0,155;0,155;;
02/01/2026 16:45;0,296;0,296;;
02/01/2026 17:00;0,509;0,509;;
02/01/2026 17:15;0,477;0,477;;
02/01/2026 17:30;0,472;0,472;;
02/01/2026 17:45;0,461;0,461;;
02/01/2026 18:00;0,526;0,526;;
02/01/2026 18:15;0,46;0,46;;
02/01/2026 18:30;0,488;0,488;;
02/01/2026 18:45;0,503;0,503;;
02/01/2026 19:00;0,44;0,44;;
02/01/2026 19:15;0,493;0,493;;
02/01/2026 19:30;0,509;0,509;;
02/01/2026 19:45;0,5;0,5;;
02/01/2026 20:00;0,485;0,485;;
02/01/2026 20:15;0,496;0,496;;
02/01/2026 20:30;0,506;0,506;;
02/01/2026 20:45;0,467;0,467;;
02/01/2026 21:00;0,523;0,523;;
02/01/2026 21:15;0,463;0,463;;
02/01/2026 21:30;0,488;0,488;;
02/01/2026 21:45;0,499;0,499;;
02/01/2026 22:00;0,04;0,04;;
02/01/2026 22:15;0,042;0,042;;
02/01/2026 22:30;0,054;0,054;;
02/01/2026 22:45;0,069;0,069;;
02/01/2026 23:00;0,036;0,036;;
02/01/2026 23:15;0,07;0,07;;
02/01/2026 23:30;0,039;0,039;;
02/01/2026 23:45;0,038;0,038;;
03/01/2026 00:00;0,073;0,073;;
03/01/2026 00:15;0,043;0,043;;
03/01/2026 00:30;0,036;0,036;;
03/01/2026 00:45;0,046;0,046;;
03/01/2026 01:00;0,041;0,041;;
03/01/2026 01:15;0,036;0,036;;
03/01/2026 01:30;0,036;0,036;;
03/01/2026 01:45;0,049;0,049;;
03/01/2026 02:00;0,067;0,067;;
03/01/2026 02:15;0,054;0,054;;
03/01/2026 02:30;0,038;0,038;;
03/01/2026 02:45;0,038;0,038;;
03/01/2026 03:00;0,044;0,044;;
03/01/2026 03:15;0,074;0,074;;
03/01/2026 03:30;0,075;0,075;;
03/01/2026 03:45;0,035;0,035;;
03/01/2026 04:00;0,036;0,036;;
03/01/2026 04:15;0,034;0,034;;
03/01/2026 04:30;0,035;0,035;;
03/01/2026 04:45;0,038;0,038;;
03/01/2026 05:00;0,033;0,033;;
03/01/2026 05:15;0,044;0,044;;
03/01/2026 05:30;0,046;0,046;;
03/01/2026 05:45;0,033;0,033;;
03/01/2026 06:00;0,039;0,039;;
03/01/2026 06:15;0,051;0,051;;
03/01/2026 06:30;0,037;0,037;;
03/01/2026 06:45;0,033;0,033;;
03/01/2026 07:00;0,043;0,043;;
03/01/2026 07:15;0,034;0,034;;
03/01/2026 07:30;0,038;0,038;;
03/01/2026 07:45;0,051;0,051;;
03/01/2026 08:00;0,036;0,036;;
03/01/2026 08:15;0,034;0,034;;
03/01/2026 08:30;0,038;0,038;;
03/01/2026 08:45;0,037;0,037;;
03/01/2026 09:00;0,032;0,032;;
03/01/2026 09:15;0,035;0,035;;
03/01/2026 09:30;0,597;0,597;;
03/01/2026 09:45;0,698;0,698;;
03/01/2026 10:00;0,706;0,706;;
03/01/2026 10:15;0,69;0,69;;
03/01/2026 10:30;0,698;0,698;;
03/01/2026 10:45;0,7;0,7;;
03/01/2026 11:00;0,748;0,748;;
03/01/2026 11:15;0,988;0,988;;
03/01/2026 11:30;0,997;0,997;;
03/01/2026 11:45;0,888;0,888;;
03/01/2026 12:00;0,854;0,854;;
03/01/2026 12:15;0,869;0,869;;
03/01/2026 12:30;0,877;0,877;;
03/01/2026 12:45;0,894;0,894;;
03/01/2026 13:00;0,864;0,864;;
03/01/2026 13:15;0,842;0,842;;
03/01/2026 13:30;0,803;0,803;;
03/01/2026 13:45;0,73;0,73;;
03/01/2026 14:00;0,696;0,696;;
03/01/2026 14:15;0,689;0,689;;
03/01/2026 14:30;0,7;0,7;;
03/01/2026 14:45;0,72;0,72;;
03/01/2026 15:00;0,718;0,718;;
03/01/2026 15:15;0,705;0,705;;
03/01/2026 15:30;0,734;0,734;;
03/01/2026 15:45;0,703;0,703;;
03/01/2026 16:00;0,712;0,712;;
03/01/2026 16:15;0,707;0,707;;
03/01/2026 16:30;0,692;0,692;;
03/01/2026 16:45;0,692;0,692;;
03/01/2026 17:00;0,702;0,702;;
03/01/2026 17:15;0,732;0,732;;
03/01/2026 17:30;0,69;0,69;;
03/01/2026 17:45;0,688;0,688;;
03/01/2026 18:00;0,695;0,695;;
03/01/2026 18:15;0,691;0,691;;
03/01/2026 18:30;0,688;0,688;;
03/01/2026 18:45;0,695;0,695;;
03/01/2026 19:00;0,699;0,699;;
03/01/2026 19:15;0,701;0,701;;
03/01/2026 19:30;0,707;0,707;;
03/01/2026 19:45;0,701;0,701;;
03/01/2026 20:00;0,689;0,689;;
03/01/2026 20:15;0,693;0,693;;
03/01/2026 20:30;0,693;0,693;;
03/01/2026 20:45;0,691;0,691;;
03/01/2026 21:00;0,694;0,694;;
03/01/2026 21:15;0,688;0,688;;
03/01/2026 21:30;0,702;0,702;;
03/01/2026 21:45;0,698;0,698;;
03/01/2026 22:00;0,687;0,687;;
03/01/2026 22:15;0,691;0,691;;
03/01/2026 22:30;0,693;0,693;;
03/01/2026 22:45;0,689;0,689;;
03/01/2026 23:00;0,692;0,692;;
03/01/2026 23:15;0,698;0,698;;
03/01/2026 23:30;0,693;0,693;;
03/01/2026 23:45;0,739;0,739;;
04/01/2026 00:00;0,758;0,758;;
04/01/2026 00:15;0,697;0,697;;
04/01/2026 00:30;0,697;0,697;;
04/01/2026 00:45;0,699;0,699;;
04/01/2026 01:00;0,692;0,692;;
04/01/2026 01:15;0,687;0,687;;
04/01/2026 01:30;0,692;0,692;;
04/01/2026 01:45;0,691;0,691;;
04/01/2026 02:00;0,695;0,695;;
04/01/2026 02:15;0,698;0,698;;
04/01/2026 02:30;0,69;0,69;;
04/01/2026 02:45;0,693;0,693;;
04/01/2026 03:00;0,687;0,687;;
04/01/2026 03:15;0,69;0,69;;
04/01/2026 03:30;0,695;0,695;;
04/01/2026 03:45;0,687;0,687;;
04/01/2026 04:00;0,69;0,69;;
04/01/2026 04:15;0,702;0,702;;
04/01/2026 04:30;0,71;0,71;;
04/01/2026 04:45;0,694;0,694;;
04/01/2026 05:00;0,692;0,692;;
04/01/2026 05:15;0,692;0,692;;
04/01/2026 05:30;0,691;0,691;;
04/01/2026 05:45;0,69;0,69;;
04/01/2026 06:00;0,694;0,694;;
04/01/2026 06:15;0,693;0,693;;
04/01/2026 06:30;0,691;0,691;;
04/01/2026 06:45;0,703;0,703;;
04/01/2026 07:00;0,699;0,699;;
04/01/2026 07:15;0,691;0,691;;
04/01/2026 07:30;0,69;0,69;;
04/01/2026 07:45;0,699;0,699;;
04/01/2026 08:00;0,695;0,695;;
04/01/2026 08:15;0,722;0,722;;
04/01/2026 08:30;0,723;0,723;;
04/01/2026 08:45;0,704;0,704;;
04/01/2026 09:00;0,713;0,713;;
04/01/2026 09:15;0,673;0,673;;
04/01/2026 09:30;0,363;0,363;;
04/01/2026 09:45;0,36;0,36;;
04/01/2026 10:00;0,367;0,367;;
04/01/2026 10:15;0,363;0,363;;
04/01/2026 10:30;0,359;0,359;;
04/01/2026 10:45;0,364;0,364;;
04/01/2026 11:00;0,365;0,365;;
04/01/2026 11:15;0,365;0,365;;
04/01/2026 11:30;0,059;0,059;;
04/01/2026 11:45;0,039;0,039;;
04/01/2026 12:00;0,032;0,032;;
04/01/2026 12:15;0,032;0,032;;
04/01/2026 12:30;0,039;0,039;;
04/01/2026 12:45;0,032;0,032;;
04/01/2026 13:00;0,032;0,032;;
04/01/2026 13:15;0,047;0,047;;
04/01/2026 13:30;0,044;0,044;;
04/01/2026 13:45;0,043;0,043;;
04/01/2026 14:00;0,036;0,036;;
04/01/2026 14:15;0,036;0,036;;
04/01/2026 14:30;0,032;0,032;;
04/01/2026 14:45;0,037;0,037;;
04/01/2026 15:00;0,039;0,039;;
04/01/2026 15:15;0,036;0,036;;
04/01/2026 15:30;0,037;0,037;;
04/01/2026 15:45;0,04;0,04;;
04/01/2026 16:00;0,051;0,051;;
04/01/2026 16:15;0,076;0,076;;
04/01/2026 16:30;0,085;0,085;;
04/01/2026 16:45;0,092;0,092;;
04/01/2026 17:00;0,09;0,09;;
04/01/2026 17:15;0,053;0,053;;
04/01/2026 17:30;0,047;0,047;;
04/01/2026 17:45;0,05;0,05;;
04/01/2026 18:00;0,045;0,045;;
04/01/2026 18:15;0,382;0,382;;
04/01/2026 18:30;0,713;0,713;;
04/01/2026 18:45;0,702;0,702;;
04/01/2026 19:00;0,706;0,706;;
04/01/2026 19:15;0,702;0,702;;
04/01/2026 19:30;0,696;0,696;;
04/01/2026 19:45;0,699;0,699;;
04/01/2026 20:00;0,526;0,526;;
04/01/2026 20:15;0,32;0,32;;
04/01/2026 20:30;0,331;0,331;;
04/01/2026 20:45;0,048;0,048;;
04/01/2026 21:00;0,034;0,034;;
04/01/2026 21:15;0,037;0,037;;
04/01/2026 21:30;0,035;0,035;;
04/01/2026 21:45;0,037;0,037;;
04/01/2026 22:00;0,041;0,041;;
04/01/2026 22:15;0,043;0,043;;
04/01/2026 22:30;0,04;0,04;;
04/01/2026 22:45;0,041;0,041;;
04/01/2026 23:00;0,044;0,044;;
04/01/2026 23:15;0,033;0,033;;
04/01/2026 23:30;0,04;0,04;;
04/01/2026 23:45;0,033;0,033;;
05/01/2026 00:00;0,032;0,032;;
05/01/2026 00:15;0,042;0,042;;
05/01/2026 00:30;0,034;0,034;;
05/01/2026 00:45;0,033;0,033;;
05/01/2026 01:00;0,035;0,035;;
05/01/2026 01:15;0,052;0,052;;
05/01/2026 01:30;0,036;0,036;;
05/01/2026 01:45;0,036;0,036;;
05/01/2026 02:00;0,039;0,039;;
05/01/2026 02:15;0,037;0,037;;
05/01/2026 02:30;0,041;0,041;;
05/01/2026 02:45;0,047;0,047;;
05/01/2026 03:00;0,042;0,042;;
05/01/2026 03:15;0,034;0,034;;
05/01/2026 03:30;0,048;0,048;;
05/01/2026 03:45;0,041;0,041;;
05/01/2026 04:00;0,038;0,038;;
05/01/2026 04:15;0,038;0,038;;
05/01/2026 04:30;0,034;0,034;;
05/01/2026 04:45;0,038;0,038;;
05/01/2026 05:00;0,039;0,039;;
05/01/2026 05:15;0,035;0,035;;
05/01/2026 05:30;0,035;0,035;;
05/01/2026 05:45;0,047;0,047;;
05/01/2026 06:00;0,044;0,044;;
05/01/2026 06:15;0,035;0,035;;
05/01/2026 06:30;0,036;0,036;;
05/01/2026 06:45;0,041;0,041;;
05/01/2026 07:00;0,042;0,042;;
05/01/2026 07:15;0,044;0,044;;
05/01/2026 07:30;0,042;0,042;;
05/01/2026 07:45;0,037;0,037;;
05/01/2026 08:00;0,038;0,038;;
05/01/2026 08:15;0,049;0,049;;
05/01/2026 08:30;0,037;0,037;;
05/01/2026 08:45;0,033;0,033;;
05/01/2026 09:00;0,034;0,034;;
05/01/2026 09:15;0,035;0,035;;
05/01/2026 09:30;0,036;0,036;;
05/01/2026 09:45;0,033;0,033;;
05/01/2026 10:00;0,036;0,036;;
05/01/2026 10:15;0,035;0,035;;
05/01/2026 10:30;0,047;0,047;;
05/01/2026 10:45;0,038;0,038;;
05/01/2026 11:00;0,031;0,031;;
05/01/2026 11:15;0,034;0,034;;
05/01/2026 11:30;0,044;0,044;;
05/01/2026 11:45;0,04;0,04;;
05/01/2026 12:00;0,032;0,032;;
05/01/2026 12:15;0,037;0,037;;
05/01/2026 12:30;0,034;0,034;;
05/01/2026 12:45;0,04;0,04;;
05/01/2026 13:00;0,037;0,037;;
05/01/2026 13:15;0,038;0,038;;
05/01/2026 13:30;0,031;0,031;;
05/01/2026 13:45;0,031;0,031;;
05/01/2026 14:00;0,04;0,04;;
05/01/2026 14:15;0,032;0,032;;
05/01/2026 14:30;0,031;0,031;;
05/01/2026 14:45;0,036;0,036;;
05/01/2026 15:00;0,042;0,042;;
05/01/2026 15:15;0,038;0,038;;
05/01/2026 15:30;0,035;0,035;;
05/01/2026 15:45;0,036;0,036;;
05/01/2026 16:00;0,044;0,044;;
05/01/2026 16:15;0,039;0,039;;
05/01/2026 16:30;0,033;0,033;;
05/01/2026 16:45;0,036;0,036;;
05/01/2026 17:00;0,034;0,034;;
05/01/2026 17:15;0,04;0,04;;
05/01/2026 17:30;0,047;0,047;;
05/01/2026 17:45;0,037;0,037;;
05/01/2026 18:00;0,037;0,037;;
05/01/2026 18:15;0,139;0,139;;
05/01/2026 18:30;0,376;0,376;;
05/01/2026 18:45;0,372;0,372;;
05/01/2026 19:00;0,368;0,368;;
05/01/2026 19:15;0,369;0,369;;
05/01/2026 19:30;0,375;0,375;;
05/01/2026 19:45;0,381;0,381;;
05/01/2026 20:00;0,371;0,371;;
05/01/2026 20:15;0,379;0,379;;
05/01/2026 20:30;0,377;0,377;;
05/01/2026 20:45;0,369;0,369;;
05/01/2026 21:00;0,373;0,373;;
05/01/2026 21:15;0,37;0,37;;
05/01/2026 21:30;0,267;0,267;;
05/01/2026 21:45;0,039;0,039;;
05/01/2026 22:00;0,049;0,049;;
05/01/2026 22:15;0,038;0,038;;
05/01/2026 22:30;0,036;0,036;;
05/01/2026 22:45;0,035;0,035;;
05/01/2026 23:00;0,037;0,037;;
05/01/2026 23:15;0,034;0,034;;
05/01/2026 23:30;0,035;0,035;;
05/01/2026 23:45;0,037;0,037;;
06/01/2026 00:00;0,034;0,034;;
06/01/2026 00:15;0,041;0,041;;
06/01/2026 00:30;0,039;0,039;;
06/01/2026 00:45;0,044;0,044;;
06/01/2026 01:00;0,047;0,047;;
06/01/2026 01:15;0,035;0,035;;
06/01/2026 01:30;0,034;0,034;;
06/01/2026 01:45;0,039;0,039;;
06/01/2026 02:00;0,034;0,034;;
06/01/2026 02:15;0,04;0,04;;
06/01/2026 02:30;0,052;0,052;;
06/01/2026 02:45;0,095;0,095;;
06/01/2026 03:00;0,064;0,064;;
06/01/2026 03:15;0,046;0,046;;
06/01/2026 03:30;0,043;0,043;;
06/01/2026 03:45;0,044;0,044;;
06/01/2026 04:00;0,033;0,033;;
06/01/2026 04:15;0,039;0,039;;
06/01/2026 04:30;0,037;0,037;;
06/01/2026 04:45;0,035;0,035;;
06/01/2026 05:00;0,049;0,049;;
06/01/2026 05:15;0,047;0,047;;
06/01/2026 05:30;0,041;0,041;;
06/01/2026 05:45;0,037;0,037;;
06/01/2026 06:00;0,038;0,038;;
06/01/2026 06:15;0,034;0,034;;
06/01/2026 06:30;0,036;0,036;;
06/01/2026 06:45;0,032;0,032;;
06/01/2026 07:00;0,036;0,036;;
06/01/2026 07:15;0,046;0,046;;
06/01/2026 07:30;0,037;0,037;;
06/01/2026 07:45;0,036;0,036;;
06/01/2026 08:00;0,039;0,039;;
06/01/2026 08:15;0,032;0,032;;
06/01/2026 08:30;0,032;0,032;;
06/01/2026 08:45;0,04;0,04;;
06/01/2026 09:00;0,031;0,031;;
06/01/2026 09:15;0,031;0,031;;
06/01/2026 09:30;0,046;0,046;;
06/01/2026 09:45;0,05;0,05;;
06/01/2026 10:00;0,038;0,038;;
06/01/2026 10:15;0,035;0,035;;
06/01/2026 10:30;0,036;0,036;;
06/01/2026 10:45;0,031;0,031;;
06/01/2026 11:00;0,034;0,034;;
06/01/2026 11:15;0,035;0,035;;
06/01/2026 11:30;0,035;0,035;;
06/01/2026 11:45;0,038;0,038;;
06/01/2026 12:00;0,042;0,042;;
06/01/2026 12:15;0,036;0,036;;
06/01/2026 12:30;0,033;0,033;;
06/01/2026 12:45;0,034;0,034;;
06/01/2026 13:00;0,033;0,033;;
06/01/2026 13:15;0,035;0,035;;
06/01/2026 13:30;0,035;0,035;;
06/01/2026 13:45;0,031;0,031;;
06/01/2026 14:00;0,042;0,042;;
06/01/2026 14:15;0,056;0,056;;
06/01/2026 14:30;0,036;0,036;;
06/01/2026 14:45;0,035;0,035;;
06/01/2026 15:00;0,037;0,037;;
06/01/2026 15:15;0,031;0,031;;
06/01/2026 15:30;0,033;0,033;;
06/01/2026 15:45;0,039;0,039;;
06/01/2026 16:00;0,031;0,031;;
06/01/2026 16:15;0,033;0,033;;
06/01/2026 16:30;0,05;0,05;;
06/01/2026 16:45;0,034;0,034;;
06/01/2026 17:00;0,034;0,034;;
06/01/2026 17:15;0,037;0,037;;
06/01/2026 17:30;0,036;0,036;;
06/01/2026 17:45;0,037;0,037;;
06/01/2026 18:00;0,034;0,034;;
06/01/2026 18:15;0,246;0,246;;
06/01/2026 18:30;0,711;0,711;;
06/01/2026 18:45;0,717;0,717;;
06/01/2026 19:00;0,707;0,707;;
06/01/2026 19:15;0,7;0,7;;
06/01/2026 19:30;0,693;0,693;;
06/01/2026 19:45;0,694;0,694;;
06/01/2026 20:00;0,703;0,703;;
06/01/2026 20:15;0,695;0,695;;
06/01/2026 20:30;0,695;0,695;;
06/01/2026 20:45;0,703;0,703;;
06/01/2026 21:00;0,701;0,701;;
06/01/2026 21:15;0,702;0,702;;
06/01/2026 21:30;0,63;0,63;;
06/01/2026 21:45;0,307;0,307;;
06/01/2026 22:00;0,136;0,136;;
06/01/2026 22:15;0,039;0,039;;
06/01/2026 22:30;0,039;0,039;;
06/01/2026 22:45;0,037;0,037;;
06/01/2026 23:00;0,044;0,044;;
06/01/2026 23:15;0,049;0,049;;
06/01/2026 23:30;0,052;0,052;;
06/01/2026 23:45;0,038;0,038;;
07/01/2026 00:00;0,037;0,037;;
07/01/2026 00:15;0,038;0,038;;
07/01/2026 00:30;0,039;0,039;;
07/01/2026 00:45;0,037;0,037;;
07/01/2026 01:00;0,034;0,034;;
07/01/2026 01:15;0,039;0,039;;
07/01/2026 01:30;0,038;0,038;;
07/01/2026 01:45;0,046;0,046;;
07/01/2026 02:00;0,037;0,037;;
07/01/2026 02:15;0,041;0,041;;
07/01/2026 02:30;0,034;0,034;;
07/01/2026 02:45;0,034;0,034;;
07/01/2026 03:00;0,042;0,042;;
07/01/2026 03:15;0,035;0,035;;
07/01/2026 03:30;0,043;0,043;;
07/01/2026 03:45;0,047;0,047;;
07/01/2026 04:00;0,047;0,047;;
07/01/2026 04:15;0,04;0,04;;
07/01/2026 04:30;0,037;0,037;;
07/01/2026 04:45;0,037;0,037;;
07/01/2026 05:00;0,035;0,035;;
07/01/2026 05:15;0,038;0,038;;
07/01/2026 05:30;0,034;0,034;;
07/01/2026 05:45;0,038;0,038;;
07/01/2026 06:00;0,036;0,036;;
07/01/2026 06:15;0,043;0,043;;
07/01/2026 06:30;0,044;0,044;;
07/01/2026 06:45;0,037;0,037;;
07/01/2026 07:00;0,033;0,033;;
07/01/2026 07:15;0,031;0,031;;
07/01/2026 07:30;0,037;0,037;;
07/01/2026 07:45;0,035;0,035;;
07/01/2026 08:00;0,043;0,043;;
07/01/2026 08:15;0,041;0,041;;
07/01/2026 08:30;0,044;0,044;;
07/01/2026 08:45;0,045;0,045;;
07/01/2026 09:00;0,031;0,031;;
07/01/2026 09:15;0,554;0,554;;
07/01/2026 09:30;0,864;0,864;;
07/01/2026 09:45;0,878;0,878;;
07/01/2026 10:00;0,886;0,886;;
07/01/2026 10:15;0,879;0,879;;
07/01/2026 10:30;0,878;0,878;;
07/01/2026 10:45;0,887;0,887;;
07/01/2026 11:00;0,895;0,895;;
07/01/2026 11:15;0,888;0,888;;
07/01/2026 11:30;0,89;0,89;;
07/01/2026 11:45;0,891;0,891;;
07/01/2026 12:00;0,891;0,891;;
07/01/2026 12:15;0,883;0,883;;
07/01/2026 12:30;0,889;0,889;;
07/01/2026 12:45;0,88;0,88;;
07/01/2026 13:00;0,88;0,88;;
07/01/2026 13:15;0,886;0,886;;
07/01/2026 13:30;0,884;0,884;;
07/01/2026 13:45;0,889;0,889;;
07/01/2026 14:00;0,887;0,887;;
07/01/2026 14:15;0,884;0,884;;
07/01/2026 14:30;0,889;0,889;;
07/01/2026 14:45;0,896;0,896;;
07/01/2026 15:00;0,891;0,891;;
07/01/2026 15:15;0,389;0,389;;
07/01/2026 15:30;0,048;0,048;;
07/01/2026 15:45;0,042;0,042;;
07/01/2026 16:00;0,035;0,035;;
07/01/2026 16:15;0,038;0,038;;
07/01/2026 16:30;0,037;0,037;;
07/01/2026 16:45;0,04;0,04;;
07/01/2026 17:00;0,205;0,205;;
07/01/2026 17:15;0,709;0,709;;
07/01/2026 17:30;0,699;0,699;;
07/01/2026 17:45;0,705;0,705;;
07/01/2026 18:00;0,708;0,708;;
07/01/2026 18:15;0,699;0,699;;
07/01/2026 18:30;0,699;0,699;;
07/01/2026 18:45;0,693;0,693;;
07/01/2026 19:00;1.071;1,071;;
07/01/2026 19:15;1.182;1,182;;
07/01/2026 19:30;1.182;1,182;;
07/01/2026 19:45;1.169;1,169;;
07/01/2026 20:00;1.182;1,182;;
07/01/2026 20:15;0,821;0,821;;
07/01/2026 20:30;0,251;0,251;;
07/01/2026 20:45;0,04;0,04;;
07/01/2026 21:00;0,037;0,037;;
07/01/2026 21:15;0,042;0,042;;
07/01/2026 21:30;0,046;0,046;;
07/01/2026 21:45;0,036;0,036;;
07/01/2026 22:00;0,031;0,031;;
07/01/2026 22:15;0,035;0,035;;
07/01/2026 22:30;0,045;0,045;;
07/01/2026 22:45;0,036;0,036;;
07/01/2026 23:00;0,036;0,036;;
07/01/2026 23:15;0,032;0,032;;
07/01/2026 23:30;0,035;0,035;;
07/01/2026 23:45;0,036;0,036;;
08/01/2026 00:00;0,031;0,031;;
08/01/2026 00:15;0,035;0,035;;
08/01/2026 00:30;0,036;0,036;;
08/01/2026 00:45;0,039;0,039;;
08/01/2026 01:00;0,04;0,04;;
08/01/2026 01:15;0,039;0,039;;
08/01/2026 01:30;0,031;0,031;;
08/01/2026 01:45;0,041;0,041;;
08/01/2026 02:00;0,049;0,049;;
08/01/2026 02:15;0,031;0,031;;
08/01/2026 02:30;0,031;0,031;;
08/01/2026 02:45;0,038;0,038;;
08/01/2026 03:00;0,038;0,038;;
08/01/2026 03:15;0,041;0,041;;
08/01/2026 03:30;0,035;0,035;;
08/01/2026 03:45;0,036;0,036;;
08/01/2026 04:00;0,031;0,031;;
08/01/2026 04:15;0,036;0,036;;
08/01/2026 04:30;0,034;0,034;;
08/01/2026 04:45;0,033;0,033;;
08/01/2026 05:00;0,036;0,036;;
08/01/2026 05:15;0,039;0,039;;
08/01/2026 05:30;0,053;0,053;;
08/01/2026 05:45;0,083;0,083;;
08/01/2026 06:00;0,067;0,067;;
08/01/2026 06:15;0,052;0,052;;
08/01/2026 06:30;0,048;0,048;;
08/01/2026 06:45;0,04;0,04;;
08/01/2026 07:00;0,032;0,032;;
08/01/2026 07:15;0,037;0,037;;
08/01/2026 07:30;0,035;0,035;;
08/01/2026 07:45;0,041;0,041;;
08/01/2026 08:00;0,042;0,042;;
08/01/2026 08:15;0,033;0,033;;
08/01/2026 08:30;0,031;0,031;;
08/01/2026 08:45;0,036;0,036;;
08/01/2026 09:00;0,035;0,035;;
08/01/2026 09:15;0,032;0,032;;
08/01/2026 09:30;0,035;0,035;;
08/01/2026 09:45;0,034;0,034;;
08/01/2026 10:00;0,045;0,045;;
08/01/2026 10:15;0,062;0,062;;
08/01/2026 10:30;0,07;0,07;;
08/01/2026 10:45;0,056;0,056;;
08/01/2026 11:00;0,043;0,043;;
08/01/2026 11:15;0,038;0,038;;
08/01/2026 11:30;0,036;0,036;;
08/01/2026 11:45;0,033;0,033;;
08/01/2026 12:00;0,036;0,036;;
08/01/2026 12:15;0,041;0,041;;
08/01/2026 12:30;0,04;0,04;;
08/01/2026 12:45;0,035;0,035;;
08/01/2026 13:00;0,037;0,037;;
08/01/2026 13:15;0,031;0,031;;
08/01/2026 13:30;0,034;0,034;;
08/01/2026 13:45;0,039;0,039;;
08/01/2026 14:00;0,031;0,031;;
08/01/2026 14:15;0,031;0,031;;
08/01/2026 14:30;0,043;0,043;;
08/01/2026 14:45;0,042;0,042;;
08/01/2026 15:00;0,038;0,038;;
08/01/2026 15:15;0,049;0,049;;
08/01/2026 15:30;0,033;0,033;;
08/01/2026 15:45;0,033;0,033;;
08/01/2026 16:00;0,039;0,039;;
08/01/2026 16:15;0,031;0,031;;
08/01/2026 16:30;0,034;0,034;;
08/01/2026 16:45;0,036;0,036;;
08/01/2026 17:00;0,532;0,532;;
08/01/2026 17:15;0,381;0,381;;
08/01/2026 17:30;0,364;0,364;;
08/01/2026 17:45;0,364;0,364;;
08/01/2026 18:00;0,364;0,364;;
08/01/2026 18:15;0,463;0,463;;
08/01/2026 18:30;0,697;0,697;;
08/01/2026 18:45;0,694;0,694;;
08/01/2026 19:00;0,688;0,688;;
08/01/2026 19:15;0,7;0,7;;
08/01/2026 19:30;0,703;0,703;;
08/01/2026 19:45;0,694;0,694;;
08/01/2026 20:00;0,588;0,588;;
08/01/2026 20:15;0,365;0,365;;
08/01/2026 20:30;0,358;0,358;;
08/01/2026 20:45;0,362;0,362;;
08/01/2026 21:00;0,367;0,367;;
08/01/2026 21:15;0,359;0,359;;
08/01/2026 21:30;0,37;0,37;;
08/01/2026 21:45;0,372;0,372;;
08/01/2026 22:00;0,361;0,361;;
08/01/2026 22:15;0,366;0,366;;
08/01/2026 22:30;0,362;0,362;;
08/01/2026 22:45;0,363;0,363;;
08/01/2026 23:00;0,365;0,365;;
08/01/2026 23:15;0,359;0,359;;
08/01/2026 23:30;0,358;0,358;;
08/01/2026 23:45;0,044;0,044;;
09/01/2026 00:00;0,051;0,051;;
09/01/2026 00:15;0,044;0,044;;
09/01/2026 00:30;0,037;0,037;;
09/01/2026 00:45;0,032;0,032;;
09/01/2026 01:00;0,038;0,038;;
09/01/2026 01:15;0,036;0,036;;
09/01/2026 01:30;0,031;0,031;;
09/01/2026 01:45;0,037;0,037;;
09/01/2026 02:00;0,036;0,036;;
09/01/2026 02:15;0,042;0,042;;
09/01/2026 02:30;0,038;0,038;;
09/01/2026 02:45;0,037;0,037;;
09/01/2026 03:00;0,031;0,031;;
09/01/2026 03:15;0,036;0,036;;
09/01/2026 03:30;0,036;0,036;;
09/01/2026 03:45;0,033;0,033;;
09/01/2026 04:00;0,035;0,035;;
09/01/2026 04:15;0,036;0,036;;
09/01/2026 04:30;0,053;0,053;;
09/01/2026 04:45;0,044;0,044;;
09/01/2026 05:00;0,033;0,033;;
09/01/2026 05:15;0,038;0,038;;
09/01/2026 05:30;0,033;0,033;;
09/01/2026 05:45;0,032;0,032;;
09/01/2026 06:00;0,04;0,04;;
09/01/2026 06:15;0,032;0,032;;
09/01/2026 06:30;0,031;0,031;;
09/01/2026 06:45;0,048;0,048;;
09/01/2026 07:00;0,04;0,04;;
09/01/2026 07:15;0,035;0,035;;
09/01/2026 07:30;0,045;0,045;;
09/01/2026 07:45;0,035;0,035;;
09/01/2026 08:00;0,037;0,037;;
09/01/2026 08:15;0,045;0,045;;
09/01/2026 08:30;0,035;0,035;;
09/01/2026 08:45;0,042;0,042;;
09/01/2026 09:00;0,052;0,052;;
09/01/2026 09:15;0,047;0,047;;
09/01/2026 09:30;0,035;0,035;;
09/01/2026 09:45;0,034;0,034;;
09/01/2026 10:00;0,034;0,034;;
09/01/2026 10:15;0,037;0,037;;
09/01/2026 10:30;0,031;0,031;;
09/01/2026 10:45;0,041;0,041;;
09/01/2026 11:00;0,049;0,049;;
09/01/2026 11:15;0,043;0,043;;
09/01/2026 11:30;0,052;0,052;;
09/01/2026 11:45;0,04;0,04;;
09/01/2026 12:00;0,033;0,033;;
09/01/2026 12:15;0,042;0,042;;
09/01/2026 12:30;0,037;0,037;;
09/01/2026 12:45;0,033;0,033;;
09/01/2026 13:00;0,042;0,042;;
09/01/2026 13:15;0,042;0,042;;
09/01/2026 13:30;0,044;0,044;;
09/01/2026 13:45;0,051;0,051;;
09/01/2026 14:00;0,065;0,065;;
09/01/2026 14:15;0,079;0,079;;
09/01/2026 14:30;0,087;0,087;;
09/01/2026 14:45;0,051;0,051;;
09/01/2026 15:00;0,036;0,036;;
09/01/2026 15:15;0,037;0,037;;
09/01/2026 15:30;0,04;0,04;;
09/01/2026 15:45;0,037;0,037;;
09/01/2026 16:00;0,042;0,042;;
09/01/2026 16:15;0,046;0,046;;
09/01/2026 16:30;0,04;0,04;;
09/01/2026 16:45;0,035;0,035;;
09/01/2026 17:00;0,037;0,037;;
09/01/2026 17:15;0,041;0,041;;
09/01/2026 17:30;0,035;0,035;;
09/01/2026 17:45;0,043;0,043;;
09/01/2026 18:00;0,052;0,052;;
09/01/2026 18:15;0,036;0,036;;
09/01/2026 18:30;0,047;0,047;;
09/01/2026 18:45;0,043;0,043;;
09/01/2026 19:00;0,033;0,033;;
09/01/2026 19:15;0,036;0,036;;
09/01/2026 19:30;0,044;0,044;;
09/01/2026 19:45;0,139;0,139;;
09/01/2026 20:00;0,376;0,376;;
09/01/2026 20:15;0,373;0,373;;
09/01/2026 20:30;0,367;0,367;;
09/01/2026 20:45;0,379;0,379;;
09/01/2026 21:00;0,371;0,371;;
09/01/2026 21:15;0,367;0,367;;
09/01/2026 21:30;0,267;0,267;;
09/01/2026 21:45;0,036;0,036;;
09/01/2026 22:00;0,038;0,038;;
09/01/2026 22:15;0,048;0,048;;
09/01/2026 22:30;0,042;0,042;;
09/01/2026 22:45;0,041;0,041;;
09/01/2026 23:00;0,047;0,047;;
09/01/2026 23:15;0,039;0,039;;
09/01/2026 23:30;0,041;0,041;;
09/01/2026 23:45;0,038;0,038;;
10/01/2026 00:00;0,033;0,033;;
10/01/2026 00:15;0,041;0,041;;
10/01/2026 00:30;0,037;0,037;;
10/01/2026 00:45;0,034;0,034;;
10/01/2026 01:00;0,041;0,041;;
10/01/2026 01:15;0,043;0,043;;
10/01/2026 01:30;0,041;0,041;;
10/01/2026 01:45;0,04;0,04;;
10/01/2026 02:00;0,038;0,038;;
10/01/2026 02:15;0,035;0,035;;
10/01/2026 02:30;0,04;0,04;;
10/01/2026 02:45;0,049;0,049;;
10/01/2026 03:00;0,041;0,041;;
10/01/2026 03:15;0,037;0,037;;
10/01/2026 03:30;0,04;0,04;;
10/01/2026 03:45;0,049;0,049;;
10/01/2026 04:00;0,036;0,036;;
10/01/2026 04:15;0,035;0,035;;
10/01/2026 04:30;0,041;0,041;;
10/01/2026 04:45;0,035;0,035;;
10/01/2026 05:00;0,034;0,034;;
10/01/2026 05:15;0,043;0,043;;
10/01/2026 05:30;0,034;0,034;;
10/01/2026 05:45;0,035;0,035;;
10/01/2026 06:00;0,054;0,054;;
10/01/2026 06:15;0,036;0,036;;
10/01/2026 06:30;0,034;0,034;;
10/01/2026 06:45;0,041;0,041;;
10/01/2026 07:00;0,04;0,04;;
10/01/2026 07:15;0,044;0,044;;
10/01/2026 07:30;0,041;0,041;;
10/01/2026 07:45;0,039;0,039;;
10/01/2026 08:00;0,038;0,038;;
10/01/2026 08:15;0,049;0,049;;
10/01/2026 08:30;0,052;0,052;;
10/01/2026 08:45;0,081;0,081;;
10/01/2026 09:00;0,076;0,076;;
10/01/2026 09:15;0,04;0,04;;
10/01/2026 09:30;0,048;0,048;;
10/01/2026 09:45;0,044;0,044;;
10/01/2026 10:00;0,038;0,038;;
10/01/2026 10:15;0,039;0,039;;
10/01/2026 10:30;0,047;0,047;;
10/01/2026 10:45;0,042;0,042;;
10/01/2026 11:00;0,04;0,04;;
10/01/2026 11:15;0,039;0,039;;
10/01/2026 11:30;0,041;0,041;;
10/01/2026 11:45;0,049;0,049;;
10/01/2026 12:00;0,041;0,041;;
10/01/2026 12:15;0,035;0,035;;
10/01/2026 12:30;0,039;0,039;;
10/01/2026 12:45;0,042;0,042;;
10/01/2026 13:00;0,047;0,047;;
10/01/2026 13:15;0,039;0,039;;
10/01/2026 13:30;0,036;0,036;;
10/01/2026 13:45;0,04;0,04;;
10/01/2026 14:00;0,038;0,038;;
10/01/2026 14:15;0,035;0,035;;
10/01/2026 14:30;0,042;0,042;;
10/01/2026 14:45;0,139;0,139;;
10/01/2026 15:00;0,371;0,371;;
10/01/2026 15:15;0,382;0,382;;
10/01/2026 15:30;0,373;0,373;;
10/01/2026 15:45;0,365;0,365;;
10/01/2026 16:00;0,155;0,155;;
10/01/2026 16:15;0,051;0,051;;
10/01/2026 16:30;0,035;0,035;;
10/01/2026 16:45;0,037;0,037;;
10/01/2026 17:00;0,04;0,04;;
10/01/2026 17:15;0,039;0,039;;
10/01/2026 17:30;0,046;0,046;;
10/01/2026 17:45;0,042;0,042;;
10/01/2026 18:00;0,04;0,04;;
10/01/2026 18:15;0,036;0,036;;
10/01/2026 18:30;0,038;0,038;;
10/01/2026 18:45;0,038;0,038;;
10/01/2026 19:00;0,038;0,038;;
10/01/2026 19:15;0,038;0,038;;
10/01/2026 19:30;0,035;0,035;;
10/01/2026 19:45;0,048;0,048;;
10/01/2026 20:00;0,046;0,046;;
10/01/2026 20:15;0,037;0,037;;
10/01/2026 20:30;0,048;0,048;;
10/01/2026 20:45;0,049;0,049;;
10/01/2026 21:00;0,035;0,035;;
10/01/2026 21:15;0,035;0,035;;
10/01/2026 21:30;0,044;0,044;;
10/01/2026 21:45;0,035;0,035;;
10/01/2026 22:00;0,039;0,039;;
10/01/2026 22:15;0,052;0,052;;
10/01/2026 22:30;0,037;0,037;;
10/01/2026 22:45;0,035;0,035;;
10/01/2026 23:00;0,039;0,039;;
10/01/2026 23:15;0,04;0,04;;
10/01/2026 23:30;0,039;0,039;;
10/01/2026 23:45;0,037;0,037;;
11/01/2026 00:00;0,035;0,035;;
11/01/2026 00:15;0,037;0,037;;
11/01/2026 00:30;0,047;0,047;;
11/01/2026 00:45;0,037;0,037;;
11/01/2026 01:00;0,047;0,047;;
11/01/2026 01:15;0,04;0,04;;
11/01/2026 01:30;0,034;0,034;;
11/01/2026 01:45;0,035;0,035;;
11/01/2026 02:00;0,039;0,039;;
11/01/2026 02:15;0,035;0,035;;
11/01/2026 02:30;0,032;0,032;;
11/01/2026 02:45;0,049;0,049;;
11/01/2026 03:00;0,04;0,04;;
11/01/2026 03:15;0,034;0,034;;
11/01/2026 03:30;0,034;0,034;;
11/01/2026 03:45;0,04;0,04;;
11/01/2026 04:00;0,032;0,032;;
11/01/2026 04:15;0,033;0,033;;
11/01/2026 04:30;0,041;0,041;;
11/01/2026 04:45;0,034;0,034;;
11/01/2026 05:00;0,041;0,041;;
11/01/2026 05:15;0,049;0,049;;
11/01/2026 05:30;0,046;0,046;;
11/01/2026 05:45;0,035;0,035;;
11/01/2026 06:00;0,036;0,036;;
11/01/2026 06:15;0,037;0,037;;
11/01/2026 06:30;0,034;0,034;;
11/01/2026 06:45;0,037;0,037;;
11/01/2026 07:00;0,034;0,034;;
11/01/2026 07:15;0,042;0,042;;
11/01/2026 07:30;0,043;0,043;;
11/01/2026 07:45;0,035;0,035;;
11/01/2026 08:00;0,035;0,035;;
11/01/2026 08:15;0,035;0,035;;
11/01/2026 08:30;0,036;0,036;;
11/01/2026 08:45;0,032;0,032;;
11/01/2026 09:00;0,038;0,038;;
11/01/2026 09:15;0,036;0,036;;
11/01/2026 09:30;0,279;0,279;;
11/01/2026 09:45;0,385;0,385;;
11/01/2026 10:00;0,382;0,382;;
11/01/2026 10:15;0,363;0,363;;
11/01/2026 10:30;0,362;0,362;;
11/01/2026 10:45;0,37;0,37;;
11/01/2026 11:00;0,362;0,362;;
11/01/2026 11:15;0,361;0,361;;
11/01/2026 11:30;0,366;0,366;;
11/01/2026 11:45;0,365;0,365;;
11/01/2026 12:00;0,373;0,373;;
11/01/2026 12:15;0,367;0,367;;
11/01/2026 12:30;0,219;0,219;;
11/01/2026 12:45;0,033;0,033;;
11/01/2026 13:00;0,033;0,033;;
11/01/2026 13:15;0,034;0,034;;
11/01/2026 13:30;0,036;0,036;;
11/01/2026 13:45;0,033;0,033;;
11/01/2026 14:00;0,087;0,087;;
11/01/2026 14:15;0,387;0,387;;
11/01/2026 14:30;0,38;0,38;;
11/01/2026 14:45;0,366;0,366;;
11/01/2026 15:00;0,363;0,363;;
11/01/2026 15:15;0,368;0,368;;
11/01/2026 15:30;0,364;0,364;;
11/01/2026 15:45;0,186;0,186;;
11/01/2026 16:00;0,038;0,038;;
11/01/2026 16:15;0,034;0,034;;
11/01/2026 16:30;0,037;0,037;;
11/01/2026 16:45;0,252;0,252;;
11/01/2026 17:00;0,704;0,704;;
11/01/2026 17:15;0,695;0,695;;
11/01/2026 17:30;0,696;0,696;;
11/01/2026 17:45;0,702;0,702;;
11/01/2026 18:00;0,696;0,696;;
11/01/2026 18:15;0,696;0,696;;
11/01/2026 18:30;0,493;0,493;;
11/01/2026 18:45;0,046;0,046;;
11/01/2026 19:00;0,051;0,051;;
11/01/2026 19:15;0,033;0,033;;
11/01/2026 19:30;0,036;0,036;;
11/01/2026 19:45;0,034;0,034;;
11/01/2026 20:00;0,032;0,032;;
11/01/2026 20:15;0,035;0,035;;
11/01/2026 20:30;0,036;0,036;;
11/01/2026 20:45;0,032;0,032;;
11/01/2026 21:00;0,033;0,033;;
11/01/2026 21:15;0,05;0,05;;
11/01/2026 21:30;0,034;0,034;;
11/01/2026 21:45;0,032;0,032;;
11/01/2026 22:00;0,039;0,039;;
11/01/2026 22:15;0,032;0,032;;
11/01/2026 22:30;0,031;0,031;;
11/01/2026 22:45;0,038;0,038;;
11/01/2026 23:00;0,037;0,037;;
11/01/2026 23:15;0,041;0,041;;
11/01/2026 23:30;0,049;0,049;;
11/01/2026 23:45;0,041;0,041;;
12/01/2026 00:00;0,031;0,031;;
12/01/2026 00:15;0,036;0,036;;
12/01/2026 00:30;0,035;0,035;;
12/01/2026 00:45;0,033;0,033;;
12/01/2026 01:00;0,036;0,036;;
12/01/2026 01:15;0,032;0,032;;
12/01/2026 01:30;0,035;0,035;;
12/01/2026 01:45;0,042;0,042;;
12/01/2026 02:00;0,039;0,039;;
12/01/2026 02:15;0,036;0,036;;
12/01/2026 02:30;0,036;0,036;;
12/01/2026 02:45;0,031;0,031;;
12/01/2026 03:00;0,034;0,034;;
12/01/2026 03:15;0,038;0,038;;
12/01/2026 03:30;0,036;0,036;;
12/01/2026 03:45;0,042;0,042;;
12/01/2026 04:00;0,046;0,046;;
12/01/2026 04:15;0,041;0,041;;
12/01/2026 04:30;0,032;0,032;;
12/01/2026 04:45;0,039;0,039;;
12/01/2026 05:00;0,032;0,032;;
12/01/2026 05:15;0,032;0,032;;
12/01/2026 05:30;0,037;0,037;;
12/01/2026 05:45;0,034;0,034;;
12/01/2026 06:00;0,032;0,032;;
12/01/2026 06:15;0,036;0,036;;
12/01/2026 06:30;0,048;0,048;;
12/01/2026 06:45;0,035;0,035;;
12/01/2026 07:00;0,034;0,034;;
12/01/2026 07:15;0,037;0,037;;
12/01/2026 07:30;0,035;0,035;;
12/01/2026 07:45;0,033;0,033;;
12/01/2026 08:00;0,04;0,04;;
12/01/2026 08:15;0,047;0,047;;
12/01/2026 08:30;0,033;0,033;;
12/01/2026 08:45;0,041;0,041;;
12/01/2026 09:00;0,044;0,044;;
12/01/2026 09:15;0,032;0,032;;
12/01/2026 09:30;0,031;0,031;;
12/01/2026 09:45;0,041;0,041;;
12/01/2026 10:00;0,031;0,031;;
12/01/2026 10:15;0,031;0,031;;
12/01/2026 10:30;0,039;0,039;;
12/01/2026 10:45;0,034;0,034;;
12/01/2026 11:00;0,04;0,04;;
12/01/2026 11:15;0,047;0,047;;
12/01/2026 11:30;0,04;0,04;;
12/01/2026 11:45;0,037;0,037;;
12/01/2026 12:00;0,063;0,063;;
12/01/2026 12:15;0,086;0,086;;
12/01/2026 12:30;0,055;0,055;;
12/01/2026 12:45;0,074;0,074;;
12/01/2026 13:00;0,068;0,068;;
12/01/2026 13:15;0,051;0,051;;
12/01/2026 13:30;0,056;0,056;;
12/01/2026 13:45;0,038;0,038;;
12/01/2026 14:00;0,032;0,032;;
12/01/2026 14:15;0,036;0,036;;
12/01/2026 14:30;0,035;0,035;;
12/01/2026 14:45;0,039;0,039;;
12/01/2026 15:00;0,032;0,032;;
12/01/2026 15:15;0,032;0,032;;
12/01/2026 15:30;0,042;0,042;;
12/01/2026 15:45;0,044;0,044;;
12/01/2026 16:00;0,036;0,036;;
12/01/2026 16:15;0,034;0,034;;
12/01/2026 16:30;0,037;0,037;;
12/01/2026 16:45;0,145;0,145;;
12/01/2026 17:00;0,374;0,374;;
12/01/2026 17:15;0,369;0,369;;
12/01/2026 17:30;0,372;0,372;;
12/01/2026 17:45;0,361;0,361;;
12/01/2026 18:00;0,372;0,372;;
12/01/2026 18:15;0,499;0,499;;
12/01/2026 18:30;0,751;0,751;;
12/01/2026 18:45;0,752;0,752;;
12/01/2026 19:00;0,699;0,699;;
12/01/2026 19:15;0,687;0,687;;
12/01/2026 19:30;0,7;0,7;;
12/01/2026 19:45;0,693;0,693;;
12/01/2026 20:00;0,692;0,692;;
12/01/2026 20:15;0,698;0,698;;
12/01/2026 20:30;0,701;0,701;;
12/01/2026 20:45;0,694;0,694;;
12/01/2026 21:00;0,689;0,689;;
12/01/2026 21:15;0,693;0,693;;
12/01/2026 21:30;0,611;0,611;;
12/01/2026 21:45;0,364;0,364;;
12/01/2026 22:00;0,361;0,361;;
12/01/2026 22:15;0,365;0,365;;
12/01/2026 22:30;0,37;0,37;;
12/01/2026 22:45;0,382;0,382;;
12/01/2026 23:00;0,309;0,309;;
12/01/2026 23:15;0,073;0,073;;
12/01/2026 23:30;0,043;0,043;;
12/01/2026 23:45;0,032;0,032;;
13/01/2026 00:00;0,033;0,033;;
13/01/2026 00:15;0,037;0,037;;
13/01/2026 00:30;0,038;0,038;;
13/01/2026 00:45;0,039;0,039;;
13/01/2026 01:00;0,045;0,045;;
13/01/2026 01:15;0,033;0,033;;
13/01/2026 01:30;0,067;0,067;;
13/01/2026 01:45;0,086;0,086;;
13/01/2026 02:00;0,048;0,048;;
13/01/2026 02:15;0,038;0,038;;
13/01/2026 02:30;0,04;0,04;;
13/01/2026 02:45;0,039;0,039;;
13/01/2026 03:00;0,032;0,032;;
13/01/2026 03:15;0,041;0,041;;
13/01/2026 03:30;0,048;0,048;;
13/01/2026 03:45;0,032;0,032;;
13/01/2026 04:00;0,033;0,033;;
13/01/2026 04:15;0,037;0,037;;
13/01/2026 04:30;0,038;0,038;;
13/01/2026 04:45;0,037;0,037;;
13/01/2026 05:00;0,034;0,034;;
13/01/2026 05:15;0,031;0,031;;
13/01/2026 05:30;0,05;0,05;;
13/01/2026 05:45;0,055;0,055;;
13/01/2026 06:00;0,08;0,08;;
13/01/2026 06:15;0,076;0,076;;
13/01/2026 06:30;0,048;0,048;;
13/01/2026 06:45;0,037;0,037;;
13/01/2026 07:00;0,034;0,034;;
13/01/2026 07:15;0,031;0,031;;
13/01/2026 07:30;0,043;0,043;;
13/01/2026 07:45;0,037;0,037;;
13/01/2026 08:00;0,042;0,042;;
13/01/2026 08:15;0,038;0,038;;
13/01/2026 08:30;0,037;0,037;;
13/01/2026 08:45;0,06;0,06;;
13/01/2026 09:00;0,368;0,368;;
13/01/2026 09:15;0,362;0,362;;
13/01/2026 09:30;0,373;0,373;;
13/01/2026 09:45;0,362;0,362;;
13/01/2026 10:00;0,266;0,266;;
13/01/2026 10:15;0,049;0,049;;
13/01/2026 10:30;0,079;0,079;;
13/01/2026 10:45;0,097;0,097;;
13/01/2026 11:00;0,048;0,048;;
13/01/2026 11:15;0,031;0,031;;
13/01/2026 11:30;0,043;0,043;;
13/01/2026 11:45;0,033;0,033;;
13/01/2026 12:00;0,033;0,033;;
13/01/2026 12:15;0,037;0,037;;
13/01/2026 12:30;0,047;0,047;;
13/01/2026 12:45;0,073;0,073;;
13/01/2026 13:00;0,079;0,079;;
13/01/2026 13:15;0,031;0,031;;
13/01/2026 13:30;0,044;0,044;;
13/01/2026 13:45;0,033;0,033;;
13/01/2026 14:00;0,033;0,033;;
13/01/2026 14:15;0,077;0,077;;
13/01/2026 14:30;0,051;0,051;;
13/01/2026 14:45;0,046;0,046;;
13/01/2026 15:00;0,054;0,054;;
13/01/2026 15:15;0,08;0,08;;
13/01/2026 15:30;0,043;0,043;;
13/01/2026 15:45;0,042;0,042;;
13/01/2026 16:00;0,301;0,301;;
13/01/2026 16:15;0,393;0,393;;
13/01/2026 16:30;0,384;0,384;;
13/01/2026 16:45;0,374;0,374;;
13/01/2026 17:00;0,367;0,367;;
13/01/2026 17:15;0,376;0,376;;
13/01/2026 17:30;0,422;0,422;;
13/01/2026 17:45;0,375;0,375;;
13/01/2026 18:00;0,363;0,363;;
13/01/2026 18:15;0,547;0,547;;
13/01/2026 18:30;0,701;0,701;;
13/01/2026 18:45;0,722;0,722;;
13/01/2026 19:00;0,724;0,724;;
13/01/2026 19:15;0,688;0,688;;
13/01/2026 19:30;0,936;0,936;;
13/01/2026 19:45;1.058;1,058;;
13/01/2026 20:00;1.267;1,267;;
13/01/2026 20:15;1.176;1,176;;
13/01/2026 20:30;1.168;1,168;;
13/01/2026 20:45;1.199;1,199;;
13/01/2026 21:00;1.115;1,115;;
13/01/2026 21:15;1.186;1,186;;
13/01/2026 21:30;1.118;1,118;;
13/01/2026 21:45;1.098;1,098;;
13/01/2026 22:00;1.134;1,134;;
13/01/2026 22:15;0,671;0,671;;
13/01/2026 22:30;0,37;0,37;;
13/01/2026 22:45;0,428;0,428;;
13/01/2026 23:00;0,384;0,384;;
13/01/2026 23:15;0,267;0,267;;
13/01/2026 23:30;0,065;0,065;;
13/01/2026 23:45;0,098;0,098;;
14/01/2026 00:00;0,042;0,042;;
14/01/2026 00:15;0,065;0,065;;
14/01/2026 00:30;0,123;0,123;;
14/01/2026 00:45;0,043;0,043;;
14/01/2026 01:00;0,032;0,032;;
14/01/2026 01:15;0,076;0,076;;
14/01/2026 01:30;0,077;0,077;;
14/01/2026 01:45;0,039;0,039;;
14/01/2026 02:00;0,036;0,036;;
14/01/2026 02:15;0,078;0,078;;
14/01/2026 02:30;0,07;0,07;;
14/01/2026 02:45;0,092;0,092;;
14/01/2026 03:00;0,046;0,046;;
14/01/2026 03:15;0,035;0,035;;
14/01/2026 03:30;0,039;0,039;;
14/01/2026 03:45;0,057;0,057;;
14/01/2026 04:00;0,096;0,096;;
14/01/2026 04:15;0,038;0,038;;
14/01/2026 04:30;0,045;0,045;;
14/01/2026 04:45;0,058;0,058;;
14/01/2026 05:00;0,118;0,118;;
14/01/2026 05:15;0,051;0,051;;
14/01/2026 05:30;0,037;0,037;;
14/01/2026 05:45;0,038;0,038;;
14/01/2026 06:00;0,033;0,033;;
14/01/2026 06:15;0,073;0,073;;
14/01/2026 06:30;0,048;0,048;;
14/01/2026 06:45;0,049;0,049;;
14/01/2026 07:00;0,076;0,076;;
14/01/2026 07:15;0,051;0,051;;
14/01/2026 07:30;0,079;0,079;;
14/01/2026 07:45;0,038;0,038;;
14/01/2026 08:00;0,035;0,035;;
14/01/2026 08:15;0,037;0,037;;
14/01/2026 08:30;0,034;0,034;;
14/01/2026 08:45;0,038;0,038;;
14/01/2026 09:00;0,044;0,044;;
14/01/2026 09:15;0,071;0,071;;
14/01/2026 09:30;0,097;0,097;;
14/01/2026 09:45;0,088;0,088;;
14/01/2026 10:00;0,04;0,04;;
14/01/2026 10:15;0,038;0,038;;
14/01/2026 10:30;0,032;0,032;;
14/01/2026 10:45;0,038;0,038;;
14/01/2026 11:00;0,036;0,036;;
14/01/2026 11:15;0,038;0,038;;
14/01/2026 11:30;0,071;0,071;;
14/01/2026 11:45;0,049;0,049;;
14/01/2026 12:00;0,066;0,066;;
14/01/2026 12:15;0,061;0,061;;
14/01/2026 12:30;0,031;0,031;;
14/01/2026 12:45;0,037;0,037;;
14/01/2026 13:00;0,039;0,039;;
14/01/2026 13:15;0,081;0,081;;
14/01/2026 13:30;0,085;0,085;;
14/01/2026 13:45;0,063;0,063;;
14/01/2026 14:00;0,08;0,08;;
14/01/2026 14:15;0,069;0,069;;
14/01/2026 14:30;0,048;0,048;;
14/01/2026 14:45;0,037;0,037;;
14/01/2026 15:00;0,042;0,042;;
14/01/2026 15:15;0,061;0,061;;
14/01/2026 15:30;0,092;0,092;;
14/01/2026 15:45;0,036;0,036;;
14/01/2026 16:00;0,044;0,044;;
14/01/2026 16:15;0,041;0,041;;
14/01/2026 16:30;0,058;0,058;;
14/01/2026 16:45;0,332;0,332;;
14/01/2026 17:00;0,74;0,74;;
14/01/2026 17:15;0,708;0,708;;
14/01/2026 17:30;0,687;0,687;;
14/01/2026 17:45;0,719;0,719;;
14/01/2026 18:00;0,748;0,748;;
14/01/2026 18:15;0,688;0,688;;
14/01/2026 18:30;0,934;0,934;;
14/01/2026 18:45;0,91;0,91;;
14/01/2026 19:00;0,895;0,895;;
14/01/2026 19:15;0,862;0,862;;
14/01/2026 19:30;0,862;0,862;;
14/01/2026 19:45;0,972;0,972;;
14/01/2026 20:00;1.243;1,243;;
14/01/2026 20:15;1.233;1,233;;
14/01/2026 20:30;1.066;1,066;;
14/01/2026 20:45;1.077;1,077;;
14/01/2026 21:00;1.073;1,073;;
14/01/2026 21:15;1.107;1,107;;
14/01/2026 21:30;0,955;0,955;;
14/01/2026 21:45;0,695;0,695;;
14/01/2026 22:00;0,698;0,698;;
14/01/2026 22:15;0,714;0,714;;
14/01/2026 22:30;0,726;0,726;;
14/01/2026 22:45;0,737;0,737;;
14/01/2026 23:00;0,615;0,615;;
14/01/2026 23:15;0,372;0,372;;
14/01/2026 23:30;0,397;0,397;;
14/01/2026 23:45;0,395;0,395;;
15/01/2026 00:00;0,369;0,369;;
15/01/2026 00:15;0,378;0,378;;
15/01/2026 00:30;0,392;0,392;;
15/01/2026 00:45;0,414;0,414;;
15/01/2026 01:00;0,368;0,368;;
15/01/2026 01:15;0,365;0,365;;
15/01/2026 01:30;0,371;0,371;;
15/01/2026 01:45;0,392;0,392;;
15/01/2026 02:00;0,405;0,405;;
15/01/2026 02:15;0,365;0,365;;
15/01/2026 02:30;0,405;0,405;;
15/01/2026 02:45;0,385;0,385;;
15/01/2026 03:00;0,378;0,378;;
15/01/2026 03:15;0,441;0,441;;
15/01/2026 03:30;0,384;0,384;;
15/01/2026 03:45;0,37;0,37;;
15/01/2026 04:00;0,379;0,379;;
15/01/2026 04:15;0,415;0,415;;
15/01/2026 04:30;0,366;0,366;;
15/01/2026 04:45;0,365;0,365;;
15/01/2026 05:00;0,367;0,367;;
15/01/2026 05:15;0,367;0,367;;
15/01/2026 05:30;0,368;0,368;;
15/01/2026 05:45;0,364;0,364;;
15/01/2026 06:00;0,414;0,414;;
15/01/2026 06:15;0,379;0,379;;
15/01/2026 06:30;0,371;0,371;;
15/01/2026 06:45;0,409;0,409;;
15/01/2026 07:00;0,367;0,367;;
15/01/2026 07:15;0,376;0,376;;
15/01/2026 07:30;0,387;0,387;;
15/01/2026 07:45;0,411;0,411;;
15/01/2026 08:00;0,379;0,379;;
15/01/2026 08:15;0,369;0,369;;
15/01/2026 08:30;0,377;0,377;;
15/01/2026 08:45;0,393;0,393;;
15/01/2026 09:00;0,405;0,405;;
15/01/2026 09:15;0,371;0,371;;
15/01/2026 09:30;0,369;0,369;;
15/01/2026 09:45;0,361;0,361;;
15/01/2026 10:00;0,366;0,366;;
15/01/2026 10:15;0,372;0,372;;
15/01/2026 10:30;0,394;0,394;;
15/01/2026 10:45;0,395;0,395;;
15/01/2026 11:00;0,262;0,262;;
15/01/2026 11:15;0,107;0,107;;
15/01/2026 11:30;0,06;0,06;;
15/01/2026 11:45;0,043;0,043;;
15/01/2026 12:00;0,058;0,058;;
15/01/2026 12:15;0,071;0,071;;
15/01/2026 12:30;0,039;0,039;;
15/01/2026 12:45;0,07;0,07;;
15/01/2026 13:00;0,053;0,053;;
15/01/2026 13:15;0,056;0,056;;
15/01/2026 13:30;0,064;0,064;;
15/01/2026 13:45;0,052;0,052;;
15/01/2026 14:00;0,034;0,034;;
15/01/2026 14:15;0,08;0,08;;
15/01/2026 14:30;0,054;0,054;;
15/01/2026 14:45;0,23;0,23;;
15/01/2026 15:00;0,288;0,288;;
15/01/2026 15:15;0,046;0,046;;
15/01/2026 15:30;0,048;0,048;;
15/01/2026 15:45;0,074;0,074;;
15/01/2026 16:00;0,067;0,067;;
15/01/2026 16:15;0,055;0,055;;
15/01/2026 16:30;0,071;0,071;;
15/01/2026 16:45;0,088;0,088;;
15/01/2026 17:00;0,045;0,045;;
15/01/2026 17:15;0,045;0,045;;
15/01/2026 17:30;0,038;0,038;;
15/01/2026 17:45;0,04;0,04;;
15/01/2026 18:00;0,096;0,096;;
15/01/2026 18:15;0,308;0,308;;
15/01/2026 18:30;0,743;0,743;;
15/01/2026 18:45;0,748;0,748;;
15/01/2026 19:00;0,705;0,705;;
15/01/2026 19:15;0,756;0,756;;
15/01/2026 19:30;0,72;0,72;;
15/01/2026 19:45;0,81;0,81;;
15/01/2026 20:00;1.081;1,081;;
15/01/2026 20:15;1.071;1,071;;
15/01/2026 20:30;1.088;1,088;;
15/01/2026 20:45;1.052;1,052;;
15/01/2026 21:00;1.069;1,069;;
15/01/2026 21:15;1.044;1,044;;
15/01/2026 21:30;0,839;0,839;;
15/01/2026 21:45;0,414;0,414;;
15/01/2026 22:00;0,366;0,366;;
15/01/2026 22:15;0,375;0,375;;
15/01/2026 22:30;0,389;0,389;;
15/01/2026 22:45;0,419;0,419;;
15/01/2026 23:00;0,31;0,31;;
15/01/2026 23:15;0,052;0,052;;
15/01/2026 23:30;0,044;0,044;;
15/01/2026 23:45;0,041;0,041;;
16/01/2026 00:00;0,057;0,057;;
16/01/2026 00:15;0,077;0,077;;
16/01/2026 00:30;0,043;0,043;;
16/01/2026 00:45;0,053;0,053;;
16/01/2026 01:00;0,084;0,084;;
16/01/2026 01:15;0,054;0,054;;
16/01/2026 01:30;0,089;0,089;;
16/01/2026 01:45;0,059;0,059;;
16/01/2026 02:00;0,039;0,039;;
16/01/2026 02:15;0,044;0,044;;
16/01/2026 02:30;0,086;0,086;;
16/01/2026 02:45;0,048;0,048;;
16/01/2026 03:00;0,043;0,043;;
16/01/2026 03:15;0,108;0,108;;
16/01/2026 03:30;0,071;0,071;;
16/01/2026 03:45;0,045;0,045;;
16/01/2026 04:00;0,035;0,035;;
16/01/2026 04:15;0,037;0,037;;
16/01/2026 04:30;0,046;0,046;;
16/01/2026 04:45;0,083;0,083;;
16/01/2026 05:00;0,069;0,069;;
16/01/2026 05:15;0,07;0,07;;
16/01/2026 05:30;0,061;0,061;;
16/01/2026 05:45;0,097;0,097;;
16/01/2026 06:00;0,083;0,083;;
16/01/2026 06:15;0,04;0,04;;
16/01/2026 06:30;0,038;0,038;;
16/01/2026 06:45;0,041;0,041;;
16/01/2026 07:00;0,041;0,041;;
16/01/2026 07:15;0,049;0,049;;
16/01/2026 07:30;0,085;0,085;;
16/01/2026 07:45;0,055;0,055;;
16/01/2026 08:00;0,044;0,044;;
16/01/2026 08:15;0,097;0,097;;
16/01/2026 08:30;0,063;0,063;;
16/01/2026 08:45;0,047;0,047;;
16/01/2026 09:00;0,038;0,038;;
16/01/2026 09:15;0,035;0,035;;
16/01/2026 09:30;0,038;0,038;;
16/01/2026 09:45;0,048;0,048;;
16/01/2026 10:00;0,058;0,058;;
16/01/2026 10:15;0,091;0,091;;
16/01/2026 10:30;0,116;0,116;;
16/01/2026 10:45;0,046;0,046;;
16/01/2026 11:00;0,036;0,036;;
16/01/2026 11:15;0,035;0,035;;
16/01/2026 11:30;0,079;0,079;;
16/01/2026 11:45;0,057;0,057;;
16/01/2026 12:00;0,065;0,065;;
16/01/2026 12:15;0,079;0,079;;
16/01/2026 12:30;0,398;0,398;;
16/01/2026 12:45;0,409;0,409;;
16/01/2026 13:00;0,369;0,369;;
16/01/2026 13:15;0,398;0,398;;
16/01/2026 13:30;0,34;0,34;;
16/01/2026 13:45;0,042;0,042;;
16/01/2026 14:00;0,044;0,044;;
16/01/2026 14:15;0,073;0,073;;
16/01/2026 14:30;0,06;0,06;;
16/01/2026 14:45;0,089;0,089;;
16/01/2026 15:00;0,121;0,121;;
16/01/2026 15:15;0,039;0,039;;
16/01/2026 15:30;0,046;0,046;;
16/01/2026 15:45;0,124;0,124;;
16/01/2026 16:00;0,077;0,077;;
16/01/2026 16:15;0,052;0,052;;
16/01/2026 16:30;0,084;0,084;;
16/01/2026 16:45;0,086;0,086;;
16/01/2026 17:00;0,046;0,046;;
16/01/2026 17:15;0,081;0,081;;
16/01/2026 17:30;0,065;0,065;;
16/01/2026 17:45;0,075;0,075;;
16/01/2026 18:00;0,056;0,056;;
16/01/2026 18:15;0,388;0,388;;
16/01/2026 18:30;0,709;0,709;;
16/01/2026 18:45;0,729;0,729;;
16/01/2026 19:00;0,731;0,731;;
16/01/2026 19:15;0,758;0,758;;
16/01/2026 19:30;0,709;0,709;;
16/01/2026 19:45;0,846;0,846;;
16/01/2026 20:00;1.041;1,041;;
16/01/2026 20:15;1.037;1,037;;
16/01/2026 20:30;1.044;1,044;;
16/01/2026 20:45;1.071;1,071;;
16/01/2026 21:00;1.036;1,036;;
16/01/2026 21:15;1,03;1,03;;
16/01/2026 21:30;1,05;1,05;;
16/01/2026 21:45;1.264;1,264;;
16/01/2026 22:00;1.325;1,325;;
16/01/2026 22:15;1.188;1,188;;
16/01/2026 22:30;0,92;0,92;;
16/01/2026 22:45;0,934;0,934;;
16/01/2026 23:00;0,897;0,897;;
16/01/2026 23:15;0,867;0,867;;
16/01/2026 23:30;0,236;0,236;;
16/01/2026 23:45;0,259;0,259;;
17/01/2026 00:00;0,223;0,223;;
17/01/2026 00:15;0,231;0,231;;
17/01/2026 00:30;0,161;0,161;;
17/01/2026 00:45;0,242;0,242;;
17/01/2026 01:00;0,203;0,203;;
17/01/2026 01:15;0,044;0,044;;
17/01/2026 01:30;0,124;0,124;;
17/01/2026 01:45;0,039;0,039;;
17/01/2026 02:00;0,075;0,075;;
17/01/2026 02:15;0,078;0,078;;
17/01/2026 02:30;0,094;0,094;;
17/01/2026 02:45;0,045;0,045;;
17/01/2026 03:00;0,038;0,038;;
17/01/2026 03:15;0,116;0,116;;
17/01/2026 03:30;0,031;0,031;;
17/01/2026 03:45;0,062;0,062;;
17/01/2026 04:00;0,072;0,072;;
17/01/2026 04:15;0,086;0,086;;
17/01/2026 04:30;0,039;0,039;;
17/01/2026 04:45;0,068;0,068;;
17/01/2026 05:00;0,068;0,068;;
17/01/2026 05:15;0,074;0,074;;
17/01/2026 05:30;0,041;0,041;;
17/01/2026 05:45;0,072;0,072;;
17/01/2026 06:00;0,041;0,041;;
17/01/2026 06:15;0,032;0,032;;
17/01/2026 06:30;0,112;0,112;;
17/01/2026 06:45;0,044;0,044;;
17/01/2026 07:00;0,055;0,055;;
17/01/2026 07:15;0,074;0,074;;
17/01/2026 07:30;0,031;0,031;;
17/01/2026 07:45;0,04;0,04;;
17/01/2026 08:00;0,075;0,075;;
17/01/2026 08:15;0,09;0,09;;
17/01/2026 08:30;0,041;0,041;;
17/01/2026 08:45;0,077;0,077;;
17/01/2026 09:00;0,044;0,044;;
17/01/2026 09:15;0,042;0,042;;
17/01/2026 09:30;0,082;0,082;;
17/01/2026 09:45;0,056;0,056;;
17/01/2026 10:00;0,046;0,046;;
17/01/2026 10:15;0,038;0,038;;
17/01/2026 10:30;0,048;0,048;;
17/01/2026 10:45;0,111;0,111;;
17/01/2026 11:00;0,121;0,121;;
17/01/2026 11:15;0,056;0,056;;
17/01/2026 11:30;0,08;0,08;;
17/01/2026 11:45;0,101;0,101;;
17/01/2026 12:00;0,076;0,076;;
17/01/2026 12:15;0,073;0,073;;
17/01/2026 12:30;0,097;0,097;;
17/01/2026 12:45;0,12;0,12;;
17/01/2026 13:00;0,106;0,106;;
17/01/2026 13:15;0,095;0,095;;
17/01/2026 13:30;0,049;0,049;;
17/01/2026 13:45;0,075;0,075;;
17/01/2026 14:00;0,066;0,066;;
17/01/2026 14:15;0,115;0,115;;
17/01/2026 14:30;0,079;0,079;;
17/01/2026 14:45;0,073;0,073;;
17/01/2026 15:00;0,269;0,269;;
17/01/2026 15:15;0,403;0,403;;
17/01/2026 15:30;0,413;0,413;;
17/01/2026 15:45;0,386;0,386;;
17/01/2026 16:00;0,568;0,568;;
17/01/2026 16:15;0,751;0,751;;
17/01/2026 16:30;0,748;0,748;;
17/01/2026 16:45;0,785;0,785;;
17/01/2026 17:00;0,842;0,842;;
17/01/2026 17:15;0,479;0,479;;
17/01/2026 17:30;0,381;0,381;;
17/01/2026 17:45;0,09;0,09;;
17/01/2026 18:00;0,065;0,065;;
17/01/2026 18:15;0,197;0,197;;
17/01/2026 18:30;0,414;0,414;;
17/01/2026 18:45;0,44;0,44;;
17/01/2026 19:00;0,403;0,403;;
17/01/2026 19:15;0,391;0,391;;
17/01/2026 19:30;0,437;0,437;;
17/01/2026 19:45;0,614;0,614;;
17/01/2026 20:00;0,259;0,259;;
17/01/2026 20:15;0,065;0,065;;
17/01/2026 20:30;0,041;0,041;;
17/01/2026 20:45;0,049;0,049;;
17/01/2026 21:00;0,083;0,083;;
17/01/2026 21:15;0,08;0,08;;
17/01/2026 21:30;0,041;0,041;;
17/01/2026 21:45;0,048;0,048;;
17/01/2026 22:00;0,099;0,099;;
17/01/2026 22:15;0,053;0,053;;
17/01/2026 22:30;0,035;0,035;;
17/01/2026 22:45;0,038;0,038;;
17/01/2026 23:00;0,043;0,043;;
17/01/2026 23:15;0,058;0,058;;
17/01/2026 23:30;0,08;0,08;;
17/01/2026 23:45;0,038;0,038;;
18/01/2026 00:00;0,038;0,038;;
18/01/2026 00:15;0,033;0,033;;
18/01/2026 00:30;0,033;0,033;;
18/01/2026 00:45;0,043;0,043;;
18/01/2026 01:00;0,035;0,035;;
18/01/2026 01:15;0,037;0,037;;
18/01/2026 01:30;0,044;0,044;;
18/01/2026 01:45;0,088;0,088;;
18/01/2026 02:00;0,063;0,063;;
18/01/2026 02:15;0,042;0,042;;
18/01/2026 02:30;0,037;0,037;;
18/01/2026 02:45;0,038;0,038;;
18/01/2026 03:00;0,038;0,038;;
18/01/2026 03:15;0,033;0,033;;
18/01/2026 03:30;0,032;0,032;;
18/01/2026 03:45;0,052;0,052;;
18/01/2026 04:00;0,072;0,072;;
18/01/2026 04:15;0,071;0,071;;
18/01/2026 04:30;0,031;0,031;;
18/01/2026 04:45;0,041;0,041;;
18/01/2026 05:00;0,037;0,037;;
18/01/2026 05:15;0,032;0,032;;
18/01/2026 05:30;0,035;0,035;;
18/01/2026 05:45;0,035;0,035;;
18/01/2026 06:00;0,047;0,047;;
18/01/2026 06:15;0,037;0,037;;
18/01/2026 06:30;0,042;0,042;;
18/01/2026 06:45;0,047;0,047;;
18/01/2026 07:00;0,036;0,036;;
18/01/2026 07:15;0,036;0,036;;
18/01/2026 07:30;0,031;0,031;;
18/01/2026 07:45;0,039;0,039;;
18/01/2026 08:00;0,035;0,035;;
18/01/2026 08:15;0,038;0,038;;
18/01/2026 08:30;0,043;0,043;;
18/01/2026 08:45;0,036;0,036;;
18/01/2026 09:00;0,041;0,041;;
18/01/2026 09:15;0,044;0,044;;
18/01/2026 09:30;0,037;0,037;;
18/01/2026 09:45;0,036;0,036;;
18/01/2026 10:00;0,038;0,038;;
18/01/2026 10:15;0,039;0,039;;
18/01/2026 10:30;0,039;0,039;;
18/01/2026 10:45;0,063;0,063;;
18/01/2026 11:00;0,101;0,101;;
18/01/2026 11:15;0,124;0,124;;
18/01/2026 11:30;0,105;0,105;;
18/01/2026 11:45;0,094;0,094;;
18/01/2026 12:00;0,097;0,097;;
18/01/2026 12:15;0,086;0,086;;
18/01/2026 12:30;0,058;0,058;;
18/01/2026 12:45;0,122;0,122;;
18/01/2026 13:00;0,072;0,072;;
18/01/2026 13:15;0,09;0,09;;
18/01/2026 13:30;0,069;0,069;;
18/01/2026 13:45;0,063;0,063;;
18/01/2026 14:00;0,104;0,104;;
18/01/2026 14:15;0,082;0,082;;
18/01/2026 14:30;0,097;0,097;;
18/01/2026 14:45;0,044;0,044;;
18/01/2026 15:00;0,088;0,088;;
18/01/2026 15:15;0,067;0,067;;
18/01/2026 15:30;0,08;0,08;;
18/01/2026 15:45;0,097;0,097;;
18/01/2026 16:00;0,064;0,064;;
18/01/2026 16:15;0,047;0,047;;
18/01/2026 16:30;0,287;0,287;;
18/01/2026 16:45;0,764;0,764;;
18/01/2026 17:00;1.191;1,191;;
18/01/2026 17:15;1,17;1,17;;
18/01/2026 17:30;1,18;1,18;;
18/01/2026 17:45;1.211;1,211;;
18/01/2026 18:00;1.237;1,237;;
18/01/2026 18:15;1.049;1,049;;
18/01/2026 18:30;0,601;0,601;;
18/01/2026 18:45;0,37;0,37;;
18/01/2026 19:00;0,366;0,366;;
18/01/2026 19:15;0,398;0,398;;
18/01/2026 19:30;0,362;0,362;;
18/01/2026 19:45;0,377;0,377;;
18/01/2026 20:00;0,293;0,293;;
18/01/2026 20:15;0,134;0,134;;
18/01/2026 20:30;0,071;0,071;;
18/01/2026 20:45;0,042;0,042;;
18/01/2026 21:00;0,033;0,033;;
18/01/2026 21:15;0,031;0,031;;
18/01/2026 21:30;0,039;0,039;;
18/01/2026 21:45;0,043;0,043;;
18/01/2026 22:00;0,032;0,032;;
18/01/2026 22:15;0,041;0,041;;
18/01/2026 22:30;0,073;0,073;;
18/01/2026 22:45;0,081;0,081;;
18/01/2026 23:00;0,04;0,04;;
18/01/2026 23:15;0,031;0,031;;
18/01/2026 23:30;0,033;0,033;;
18/01/2026 23:45;0,041;0,041;;
19/01/2026 00:00;0,035;0,035;;
19/01/2026 00:15;0,038;0,038;;
19/01/2026 00:30;0,053;0,053;;
19/01/2026 00:45;0,095;0,095;;
19/01/2026 01:00;0,052;0,052;;
19/01/2026 01:15;0,032;0,032;;
19/01/2026 01:30;0,037;0,037;;
19/01/2026 01:45;0,037;0,037;;
19/01/2026 02:00;0,033;0,033;;
19/01/2026 02:15;0,036;0,036;;
19/01/2026 02:30;0,034;0,034;;
19/01/2026 02:45;0,041;0,041;;
19/01/2026 03:00;0,048;0,048;;
19/01/2026 03:15;0,034;0,034;;
19/01/2026 03:30;0,031;0,031;;
19/01/2026 03:45;0,037;0,037;;
19/01/2026 04:00;0,037;0,037;;
19/01/2026 04:15;0,037;0,037;;
19/01/2026 04:30;0,04;0,04;;
19/01/2026 04:45;0,047;0,047;;
19/01/2026 05:00;0,047;0,047;;
19/01/2026 05:15;0,079;0,079;;
19/01/2026 05:30;0,087;0,087;;
19/01/2026 05:45;0,042;0,042;;
19/01/2026 06:00;0,041;0,041;;
19/01/2026 06:15;0,041;0,041;;
19/01/2026 06:30;0,037;0,037;;
19/01/2026 06:45;0,039;0,039;;
19/01/2026 07:00;0,04;0,04;;
19/01/2026 07:15;0,031;0,031;;
19/01/2026 07:30;0,041;0,041;;
19/01/2026 07:45;0,046;0,046;;
19/01/2026 08:00;0,034;0,034;;
19/01/2026 08:15;0,031;0,031;;
19/01/2026 08:30;0,038;0,038;;
19/01/2026 08:45;0,035;0,035;;
19/01/2026 09:00;0,032;0,032;;
19/01/2026 09:15;0,047;0,047;;
19/01/2026 09:30;0,043;0,043;;
19/01/2026 09:45;0,039;0,039;;
19/01/2026 10:00;0,041;0,041;;
19/01/2026 10:15;0,04;0,04;;
19/01/2026 10:30;0,031;0,031;;
19/01/2026 10:45;0,033;0,033;;
19/01/2026 11:00;0,041;0,041;;
19/01/2026 11:15;0,033;0,033;;
19/01/2026 11:30;0,031;0,031;;
19/01/2026 11:45;0,041;0,041;;
19/01/2026 12:00;0,038;0,038;;
19/01/2026 12:15;0,049;0,049;;
19/01/2026 12:30;0,081;0,081;;
19/01/2026 12:45;0,084;0,084;;
19/01/2026 13:00;0,046;0,046;;
19/01/2026 13:15;0,035;0,035;;
19/01/2026 13:30;0,044;0,044;;
19/01/2026 13:45;0,044;0,044;;
19/01/2026 14:00;0,037;0,037;;
19/01/2026 14:15;0,039;0,039;;
19/01/2026 14:30;0,048;0,048;;
19/01/2026 14:45;0,035;0,035;;
19/01/2026 15:00;0,062;0,062;;
19/01/2026 15:15;0,079;0,079;;
19/01/2026 15:30;0,038;0,038;;
19/01/2026 15:45;0,04;0,04;;
19/01/2026 16:00;0,035;0,035;;
19/01/2026 16:15;0,031;0,031;;
19/01/2026 16:30;0,039;0,039;;
19/01/2026 16:45;0,2;0,2;;
19/01/2026 17:00;0,404;0,404;;
19/01/2026 17:15;0,395;0,395;;
19/01/2026 17:30;0,373;0,373;;
19/01/2026 17:45;0,365;0,365;;
19/01/2026 18:00;0,363;0,363;;
19/01/2026 18:15;0,586;0,586;;
19/01/2026 18:30;1,05;1,05;;
19/01/2026 18:45;1.036;1,036;;
19/01/2026 19:00;1.042;1,042;;
19/01/2026 19:15;1.057;1,057;;
19/01/2026 19:30;1,08;1,08;;
19/01/2026 19:45;1.035;1,035;;
19/01/2026 20:00;1.033;1,033;;
19/01/2026 20:15;1.025;1,025;;
19/01/2026 20:30;1.027;1,027;;
19/01/2026 20:45;1.037;1,037;;
19/01/2026 21:00;1.024;1,024;;
19/01/2026 21:15;1.029;1,029;;
19/01/2026 21:30;0,751;0,751;;
19/01/2026 21:45;0,367;0,367;;
19/01/2026 22:00;0,132;0,132;;
19/01/2026 22:15;0,035;0,035;;
19/01/2026 22:30;0,041;0,041;;
19/01/2026 22:45;0,047;0,047;;
19/01/2026 23:00;0,077;0,077;;
19/01/2026 23:15;0,071;0,071;;
19/01/2026 23:30;0,033;0,033;;
19/01/2026 23:45;0,049;0,049;;
20/01/2026 00:00;0,082;0,082;;
20/01/2026 00:15;0,079;0,079;;
20/01/2026 00:30;0,067;0,067;;
20/01/2026 00:45;0,04;0,04;;
20/01/2026 01:00;0,034;0,034;;
20/01/2026 01:15;0,031;0,031;;
20/01/2026 01:30;0,037;0,037;;
20/01/2026 01:45;0,037;0,037;;
20/01/2026 02:00;0,041;0,041;;
20/01/2026 02:15;0,038;0,038;;
20/01/2026 02:30;0,04;0,04;;
20/01/2026 02:45;0,033;0,033;;
20/01/2026 03:00;0,043;0,043;;
20/01/2026 03:15;0,049;0,049;;
20/01/2026 03:30;0,032;0,032;;
20/01/2026 03:45;0,032;0,032;;
20/01/2026 04:00;0,039;0,039;;
20/01/2026 04:15;0,041;0,041;;
20/01/2026 04:30;0,038;0,038;;
20/01/2026 04:45;0,036;0,036;;
20/01/2026 05:00;0,037;0,037;;
20/01/2026 05:15;0,031;0,031;;
20/01/2026 05:30;0,034;0,034;;
20/01/2026 05:45;0,038;0,038;;
20/01/2026 06:00;0,032;0,032;;
20/01/2026 06:15;0,032;0,032;;
20/01/2026 06:30;0,041;0,041;;
20/01/2026 06:45;0,045;0,045;;
20/01/2026 07:00;0,031;0,031;;
20/01/2026 07:15;0,037;0,037;;
20/01/2026 07:30;0,047;0,047;;
20/01/2026 07:45;0,037;0,037;;
20/01/2026 08:00;0,034;0,034;;
20/01/2026 08:15;0,037;0,037;;
20/01/2026 08:30;0,035;0,035;;
20/01/2026 08:45;0,035;0,035;;
20/01/2026 09:00;0,048;0,048;;
20/01/2026 09:15;0,039;0,039;;
20/01/2026 09:30;0,033;0,033;;
20/01/2026 09:45;0,035;0,035;;
20/01/2026 10:00;0,035;0,035;;
20/01/2026 10:15;0,034;0,034;;
20/01/2026 10:30;0,033;0,033;;
20/01/2026 10:45;0,034;0,034;;
20/01/2026 11:00;0,037;0,037;;
20/01/2026 11:15;0,041;0,041;;
20/01/2026 11:30;0,04;0,04;;
20/01/2026 11:45;0,038;0,038;;
20/01/2026 12:00;0,044;0,044;;
20/01/2026 12:15;0,039;0,039;;
20/01/2026 12:30;0,034;0,034;;
20/01/2026 12:45;0,036;0,036;;
20/01/2026 13:00;0,034;0,034;;
20/01/2026 13:15;0,035;0,035;;
20/01/2026 13:30;0,05;0,05;;
20/01/2026 13:45;0,054;0,054;;
20/01/2026 14:00;0,067;0,067;;
20/01/2026 14:15;0,049;0,049;;
20/01/2026 14:30;0,043;0,043;;
20/01/2026 14:45;0,038;0,038;;
20/01/2026 15:00;0,033;0,033;;
20/01/2026 15:15;0,038;0,038;;
20/01/2026 15:30;0,035;0,035;;
20/01/2026 15:45;0,042;0,042;;
20/01/2026 16:00;0,055;0,055;;
20/01/2026 16:15;0,082;0,082;;
20/01/2026 16:30;0,09;0,09;;
20/01/2026 16:45;0,263;0,263;;
20/01/2026 17:00;0,7;0,7;;
20/01/2026 17:15;0,692;0,692;;
20/01/2026 17:30;0,694;0,694;;
20/01/2026 17:45;0,702;0,702;;
20/01/2026 18:00;0,7;0,7;;
20/01/2026 18:15;0,923;0,923;;
20/01/2026 18:30;1.437;1,437;;
20/01/2026 18:45;1.739;1,739;;
20/01/2026 19:00;1.708;1,708;;
20/01/2026 19:15;1.711;1,711;;
20/01/2026 19:30;1.996;1,996;;
20/01/2026 19:45;2,01;2,01;;
20/01/2026 20:00;1.855;1,855;;
20/01/2026 20:15;1.534;1,534;;
20/01/2026 20:30;1.468;1,468;;
20/01/2026 20:45;1.412;1,412;;
20/01/2026 21:00;1.415;1,415;;
20/01/2026 21:15;1.408;1,408;;
20/01/2026 21:30;1,32;1,32;;
20/01/2026 21:45;0,659;0,659;;
20/01/2026 22:00;0,31;0,31;;
20/01/2026 22:15;0,209;0,209;;
20/01/2026 22:30;0,253;0,253;;
20/01/2026 22:45;0,224;0,224;;
20/01/2026 23:00;0,079;0,079;;
20/01/2026 23:15;0,072;0,072;;
20/01/2026 23:30;0,038;0,038;;
20/01/2026 23:45;0,037;0,037;;
21/01/2026 00:00;0,033;0,033;;
21/01/2026 00:15;0,036;0,036;;
21/01/2026 00:30;0,069;0,069;;
21/01/2026 00:45;0,046;0,046;;
21/01/2026 01:00;0,04;0,04;;
21/01/2026 01:15;0,058;0,058;;
21/01/2026 01:30;0,088;0,088;;
21/01/2026 01:45;0,086;0,086;;
21/01/2026 02:00;0,047;0,047;;
21/01/2026 02:15;0,031;0,031;;
21/01/2026 02:30;0,031;0,031;;
21/01/2026 02:45;0,042;0,042;;
21/01/2026 03:00;0,034;0,034;;
21/01/2026 03:15;0,032;0,032;;
21/01/2026 03:30;0,047;0,047;;
21/01/2026 03:45;0,084;0,084;;
21/01/2026 04:00;0,055;0,055;;
21/01/2026 04:15;0,033;0,033;;
21/01/2026 04:30;0,036;0,036;;
21/01/2026 04:45;0,034;0,034;;
21/01/2026 05:00;0,035;0,035;;
21/01/2026 05:15;0,037;0,037;;
21/01/2026 05:30;0,032;0,032;;
21/01/2026 05:45;0,055;0,055;;
21/01/2026 06:00;0,101;0,101;;
21/01/2026 06:15;0,107;0,107;;
21/01/2026 06:30;0,031;0,031;;
21/01/2026 06:45;0,038;0,038;;
21/01/2026 07:00;0,038;0,038;;
21/01/2026 07:15;0,031;0,031;;
21/01/2026 07:30;0,032;0,032;;
21/01/2026 07:45;0,041;0,041;;
21/01/2026 08:00;0,05;0,05;;
21/01/2026 08:15;0,067;0,067;;
21/01/2026 08:30;0,085;0,085;;
21/01/2026 08:45;0,079;0,079;;
21/01/2026 09:00;0,081;0,081;;
21/01/2026 09:15;0,036;0,036;;
21/01/2026 09:30;0,039;0,039;;
21/01/2026 09:45;0,042;0,042;;
21/01/2026 10:00;0,049;0,049;;
21/01/2026 10:15;0,177;0,177;;
21/01/2026 10:30;0,405;0,405;;
21/01/2026 10:45;0,401;0,401;;
21/01/2026 11:00;0,418;0,418;;
21/01/2026 11:15;0,381;0,381;;
21/01/2026 11:30;0,17;0,17;;
21/01/2026 11:45;0,039;0,039;;
21/01/2026 12:00;0,038;0,038;;
21/01/2026 12:15;0,034;0,034;;
21/01/2026 12:30;0,038;0,038;;
21/01/2026 12:45;0,043;0,043;;
21/01/2026 13:00;0,082;0,082;;
21/01/2026 13:15;0,057;0,057;;
21/01/2026 13:30;0,033;0,033;;
21/01/2026 13:45;0,033;0,033;;
21/01/2026 14:00;0,043;0,043;;
21/01/2026 14:15;0,051;0,051;;
21/01/2026 14:30;0,074;0,074;;
21/01/2026 14:45;0,045;0,045;;
21/01/2026 15:00;0,09;0,09;;
21/01/2026 15:15;0,093;0,093;;
21/01/2026 15:30;0,051;0,051;;
21/01/2026 15:45;0,035;0,035;;
21/01/2026 16:00;0,038;0,038;;
21/01/2026 16:15;0,057;0,057;;
21/01/2026 16:30;0,095;0,095;;
21/01/2026 16:45;0,145;0,145;;
21/01/2026 17:00;0,37;0,37;;
21/01/2026 17:15;0,369;0,369;;
21/01/2026 17:30;0,385;0,385;;
21/01/2026 17:45;0,405;0,405;;
21/01/2026 18:00;0,468;0,468;;
21/01/2026 18:15;0,804;0,804;;
21/01/2026 18:30;1.041;1,041;;
21/01/2026 18:45;1.047;1,047;;
21/01/2026 19:00;1.083;1,083;;
21/01/2026 19:15;1.044;1,044;;
21/01/2026 19:30;1.078;1,078;;
21/01/2026 19:45;1.152;1,152;;
21/01/2026 20:00;1.347;1,347;;
21/01/2026 20:15;1.373;1,373;;
21/01/2026 20:30;1.317;1,317;;
21/01/2026 20:45;1.286;1,286;;
21/01/2026 21:00;1.027;1,027;;
21/01/2026 21:15;1.019;1,019;;
21/01/2026 21:30;0,922;0,922;;
21/01/2026 21:45;0,686;0,686;;
21/01/2026 22:00;0,701;0,701;;
21/01/2026 22:15;0,731;0,731;;
21/01/2026 22:30;0,725;0,725;;
21/01/2026 22:45;0,688;0,688;;
21/01/2026 23:00;0,696;0,696;;
21/01/2026 23:15;0,7;0,7;;
21/01/2026 23:30;0,639;0,639;;
21/01/2026 23:45;0,641;0,641;;
22/01/2026 00:00;0,557;0,557;;
22/01/2026 00:15;0,119;0,119;;
22/01/2026 00:30;0,066;0,066;;
22/01/2026 00:45;0,069;0,069;;
22/01/2026 01:00;0,036;0,036;;
22/01/2026 01:15;0,04;0,04;;
22/01/2026 01:30;0,031;0,031;;
22/01/2026 01:45;0,033;0,033;;
22/01/2026 02:00;0,038;0,038;;
22/01/2026 02:15;0,037;0,037;;
22/01/2026 02:30;0,04;0,04;;
22/01/2026 02:45;0,058;0,058;;
22/01/2026 03:00;0,082;0,082;;
22/01/2026 03:15;0,039;0,039;;
22/01/2026 03:30;0,036;0,036;;
22/01/2026 03:45;0,035;0,035;;
22/01/2026 04:00;0,041;0,041;;
22/01/2026 04:15;0,061;0,061;;
22/01/2026 04:30;0,086;0,086;;
22/01/2026 04:45;0,034;0,034;;
22/01/2026 05:00;0,042;0,042;;
22/01/2026 05:15;0,04;0,04;;
22/01/2026 05:30;0,035;0,035;;
22/01/2026 05:45;0,031;0,031;;
22/01/2026 06:00;0,036;0,036;;
22/01/2026 06:15;0,04;0,04;;
22/01/2026 06:30;0,031;0,031;;
22/01/2026 06:45;0,031;0,031;;
22/01/2026 07:00;0,042;0,042;;
22/01/2026 07:15;0,043;0,043;;
22/01/2026 07:30;0,033;0,033;;
22/01/2026 07:45;0,041;0,041;;
22/01/2026 08:00;0,033;0,033;;
22/01/2026 08:15;0,034;0,034;;
22/01/2026 08:30;0,047;0,047;;
22/01/2026 08:45;0,041;0,041;;
22/01/2026 09:00;0,031;0,031;;
22/01/2026 09:15;0,255;0,255;;
22/01/2026 09:30;0,381;0,381;;
22/01/2026 09:45;0,39;0,39;;
22/01/2026 10:00;0,405;0,405;;
22/01/2026 10:15;0,406;0,406;;
22/01/2026 10:30;0,361;0,361;;
22/01/2026 10:45;0,358;0,358;;
22/01/2026 11:00;0,363;0,363;;
22/01/2026 11:15;0,365;0,365;;
22/01/2026 11:30;0,357;0,357;;
22/01/2026 11:45;0,366;0,366;;
22/01/2026 12:00;0,375;0,375;;
22/01/2026 12:15;0,358;0,358;;
22/01/2026 12:30;0,408;0,408;;
22/01/2026 12:45;0,388;0,388;;
22/01/2026 13:00;0,375;0,375;;
22/01/2026 13:15;0,395;0,395;;
22/01/2026 13:30;0,395;0,395;;
22/01/2026 13:45;0,37;0,37;;
22/01/2026 14:00;0,363;0,363;;
22/01/2026 14:15;0,372;0,372;;
22/01/2026 14:30;0,416;0,416;;
22/01/2026 14:45;0,376;0,376;;
22/01/2026 15:00;0,364;0,364;;
22/01/2026 15:15;0,364;0,364;;
22/01/2026 15:30;0,368;0,368;;
22/01/2026 15:45;0,4;0,4;;
22/01/2026 16:00;0,365;0,365;;
22/01/2026 16:15;0,364;0,364;;
22/01/2026 16:30;0,371;0,371;;
22/01/2026 16:45;0,45;0,45;;
22/01/2026 17:00;0,387;0,387;;
22/01/2026 17:15;0,366;0,366;;
22/01/2026 17:30;0,368;0,368;;
22/01/2026 17:45;0,416;0,416;;
22/01/2026 18:00;0,4;0,4;;
22/01/2026 18:15;0,708;0,708;;
22/01/2026 18:30;1.391;1,391;;
22/01/2026 18:45;1.382;1,382;;
22/01/2026 19:00;1.408;1,408;;
22/01/2026 19:15;1.396;1,396;;
22/01/2026 19:30;1.369;1,369;;
22/01/2026 19:45;1.364;1,364;;
22/01/2026 20:00;1.279;1,279;;
22/01/2026 20:15;1.036;1,036;;
22/01/2026 20:30;1.032;1,032;;
22/01/2026 20:45;1.075;1,075;;
22/01/2026 21:00;1.067;1,067;;
22/01/2026 21:15;1.147;1,147;;
22/01/2026 21:30;1.191;1,191;;
22/01/2026 21:45;1.235;1,235;;
22/01/2026 22:00;1.236;1,236;;
22/01/2026 22:15;0,894;0,894;;
22/01/2026 22:30;0,733;0,733;;
22/01/2026 22:45;0,7;0,7;;
22/01/2026 23:00;0,606;0,606;;
22/01/2026 23:15;0,391;0,391;;
22/01/2026 23:30;0,252;0,252;;
22/01/2026 23:45;0,08;0,08;;
23/01/2026 00:00;0,054;0,054;;
23/01/2026 00:15;0,069;0,069;;
23/01/2026 00:30;0,032;0,032;;
23/01/2026 00:45;0,031;0,031;;
23/01/2026 01:00;0,055;0,055;;
23/01/2026 01:15;0,074;0,074;;
23/01/2026 01:30;0,031;0,031;;
23/01/2026 01:45;0,047;0,047;;
23/01/2026 02:00;0,04;0,04;;
23/01/2026 02:15;0,091;0,091;;
23/01/2026 02:30;0,059;0,059;;
23/01/2026 02:45;0,068;0,068;;
23/01/2026 03:00;0,034;0,034;;
23/01/2026 03:15;0,04;0,04;;
23/01/2026 03:30;0,037;0,037;;
23/01/2026 03:45;0,032;0,032;;
23/01/2026 04:00;0,04;0,04;;
23/01/2026 04:15;0,072;0,072;;
23/01/2026 04:30;0,065;0,065;;
23/01/2026 04:45;0,031;0,031;;
23/01/2026 05:00;0,037;0,037;;
23/01/2026 05:15;0,04;0,04;;
23/01/2026 05:30;0,033;0,033;;
23/01/2026 05:45;0,034;0,034;;
23/01/2026 06:00;0,035;0,035;;
23/01/2026 06:15;0,041;0,041;;
23/01/2026 06:30;0,045;0,045;;
23/01/2026 06:45;0,047;0,047;;
23/01/2026 07:00;0,036;0,036;;
23/01/2026 07:15;0,037;0,037;;
23/01/2026 07:30;0,038;0,038;;
23/01/2026 07:45;0,033;0,033;;
23/01/2026 08:00;0,032;0,032;;
23/01/2026 08:15;0,038;0,038;;
23/01/2026 08:30;0,038;0,038;;
23/01/2026 08:45;0,043;0,043;;
23/01/2026 09:00;0,034;0,034;;
23/01/2026 09:15;0,04;0,04;;
23/01/2026 09:30;0,305;0,305;;
23/01/2026 09:45;0,333;0,333;;
23/01/2026 10:00;0,285;0,285;;
23/01/2026 10:15;0,246;0,246;;
23/01/2026 10:30;0,195;0,195;;
23/01/2026 10:45;0,208;0,208;;
23/01/2026 11:00;0,099;0,099;;
23/01/2026 11:15;0,084;0,084;;
23/01/2026 11:30;0,126;0,126;;
23/01/2026 11:45;0,075;0,075;;
23/01/2026 12:00;0,038;0,038;;
23/01/2026 12:15;0,075;0,075;;
23/01/2026 12:30;0,115;0,115;;
23/01/2026 12:45;0,054;0,054;;
23/01/2026 13:00;0,04;0,04;;
23/01/2026 13:15;0,049;0,049;;
23/01/2026 13:30;0,073;0,073;;
23/01/2026 13:45;0,059;0,059;;
23/01/2026 14:00;0,031;0,031;;
23/01/2026 14:15;0,043;0,043;;
23/01/2026 14:30;0,111;0,111;;
23/01/2026 14:45;0,047;0,047;;
23/01/2026 15:00;0,033;0,033;;
23/01/2026 15:15;0,037;0,037;;
23/01/2026 15:30;0,066;0,066;;
23/01/2026 15:45;0,061;0,061;;
23/01/2026 16:00;0,116;0,116;;
23/01/2026 16:15;0,033;0,033;;
23/01/2026 16:30;0,038;0,038;;
23/01/2026 16:45;0,273;0,273;;
23/01/2026 17:00;0,711;0,711;;
23/01/2026 17:15;0,691;0,691;;
23/01/2026 17:30;0,732;0,732;;
23/01/2026 17:45;0,705;0,705;;
23/01/2026 18:00;0,699;0,699;;
23/01/2026 18:15;0,74;0,74;;
23/01/2026 18:30;0,609;0,609;;
23/01/2026 18:45;0,367;0,367;;
23/01/2026 19:00;0,363;0,363;;
23/01/2026 19:15;0,366;0,366;;
23/01/2026 19:30;0,406;0,406;;
23/01/2026 19:45;0,372;0,372;;
23/01/2026 20:00;0,38;0,38;;
23/01/2026 20:15;0,386;0,386;;
23/01/2026 20:30;0,449;0,449;;
23/01/2026 20:45;0,385;0,385;;
23/01/2026 21:00;0,36;0,36;;
23/01/2026 21:15;0,359;0,359;;
23/01/2026 21:30;0,264;0,264;;
23/01/2026 21:45;0,039;0,039;;
23/01/2026 22:00;0,031;0,031;;
23/01/2026 22:15;0,035;0,035;;
23/01/2026 22:30;0,059;0,059;;
23/01/2026 22:45;0,064;0,064;;
23/01/2026 23:00;0,063;0,063;;
23/01/2026 23:15;0,037;0,037;;
23/01/2026 23:30;0,032;0,032;;
23/01/2026 23:45;0,038;0,038;;
24/01/2026 00:00;0,037;0,037;;
24/01/2026 00:15;0,033;0,033;;
24/01/2026 00:30;0,044;0,044;;
24/01/2026 00:45;0,069;0,069;;
24/01/2026 01:00;0,098;0,098;;
24/01/2026 01:15;0,08;0,08;;
24/01/2026 01:30;0,045;0,045;;
24/01/2026 01:45;0,042;0,042;;
24/01/2026 02:00;0,033;0,033;;
24/01/2026 02:15;0,032;0,032;;
24/01/2026 02:30;0,038;0,038;;
24/01/2026 02:45;0,038;0,038;;
24/01/2026 03:00;0,036;0,036;;
24/01/2026 03:15;0,048;0,048;;
24/01/2026 03:30;0,076;0,076;;
24/01/2026 03:45;0,057;0,057;;
24/01/2026 04:00;0,038;0,038;;
24/01/2026 04:15;0,035;0,035;;
24/01/2026 04:30;0,031;0,031;;
24/01/2026 04:45;0,039;0,039;;
24/01/2026 05:00;0,053;0,053;;
24/01/2026 05:15;0,06;0,06;;
24/01/2026 05:30;0,073;0,073;;
24/01/2026 05:45;0,043;0,043;;
24/01/2026 06:00;0,038;0,038;;
24/01/2026 06:15;0,031;0,031;;
24/01/2026 06:30;0,033;0,033;;
24/01/2026 06:45;0,039;0,039;;
24/01/2026 07:00;0,038;0,038;;
24/01/2026 07:15;0,031;0,031;;
24/01/2026 07:30;0,037;0,037;;
24/01/2026 07:45;0,04;0,04;;
24/01/2026 08:00;0,058;0,058;;
24/01/2026 08:15;0,08;0,08;;
24/01/2026 08:30;0,058;0,058;;
24/01/2026 08:45;0,036;0,036;;
24/01/2026 09:00;0,032;0,032;;
24/01/2026 09:15;0,042;0,042;;
24/01/2026 09:30;0,046;0,046;;
24/01/2026 09:45;0,034;0,034;;
24/01/2026 10:00;0,04;0,04;;
24/01/2026 10:15;0,047;0,047;;
24/01/2026 10:30;0,035;0,035;;
24/01/2026 10:45;0,034;0,034;;
24/01/2026 11:00;0,036;0,036;;
24/01/2026 11:15;0,036;0,036;;
24/01/2026 11:30;0,032;0,032;;
24/01/2026 11:45;0,037;0,037;;
24/01/2026 12:00;0,038;0,038;;
24/01/2026 12:15;0,035;0,035;;
24/01/2026 12:30;0,048;0,048;;
24/01/2026 12:45;0,075;0,075;;
24/01/2026 13:00;0,075;0,075;;
24/01/2026 13:15;0,036;0,036;;
24/01/2026 13:30;0,035;0,035;;
24/01/2026 13:45;0,039;0,039;;
24/01/2026 14:00;0,048;0,048;;
24/01/2026 14:15;0,128;0,128;;
24/01/2026 14:30;0,066;0,066;;
24/01/2026 14:45;0,04;0,04;;
24/01/2026 15:00;0,077;0,077;;
24/01/2026 15:15;0,05;0,05;;
24/01/2026 15:30;0,046;0,046;;
24/01/2026 15:45;0,06;0,06;;
24/01/2026 16:00;0,077;0,077;;
24/01/2026 16:15;0,247;0,247;;
24/01/2026 16:30;0,368;0,368;;
24/01/2026 16:45;0,441;0,441;;
24/01/2026 17:00;0,328;0,328;;
24/01/2026 17:15;0,56;0,56;;
24/01/2026 17:30;0,55;0,55;;
24/01/2026 17:45;0,521;0,521;;
24/01/2026 18:00;0,563;0,563;;
24/01/2026 18:15;0,436;0,436;;
24/01/2026 18:30;0,063;0,063;;
24/01/2026 18:45;0,109;0,109;;
24/01/2026 19:00;0,036;0,036;;
24/01/2026 19:15;0,034;0,034;;
24/01/2026 19:30;0,049;0,049;;
24/01/2026 19:45;0,116;0,116;;
24/01/2026 20:00;0,036;0,036;;
24/01/2026 20:15;0,033;0,033;;
24/01/2026 20:30;0,068;0,068;;
24/01/2026 20:45;0,038;0,038;;
24/01/2026 21:00;0,038;0,038;;
24/01/2026 21:15;0,043;0,043;;
24/01/2026 21:30;0,091;0,091;;
24/01/2026 21:45;0,047;0,047;;
24/01/2026 22:00;0,075;0,075;;
24/01/2026 22:15;0,034;0,034;;
24/01/2026 22:30;0,037;0,037;;
24/01/2026 22:45;0,05;0,05;;
24/01/2026 23:00;0,06;0,06;;
24/01/2026 23:15;0,059;0,059;;
24/01/2026 23:30;0,034;0,034;;
24/01/2026 23:45;0,043;0,043;;
25/01/2026 00:00;0,04;0,04;;
25/01/2026 00:15;0,062;0,062;;
25/01/2026 00:30;0,075;0,075;;
25/01/2026 00:45;0,04;0,04;;
25/01/2026 01:00;0,032;0,032;;
25/01/2026 01:15;0,032;0,032;;
25/01/2026 01:30;0,037;0,037;;
25/01/2026 01:45;0,036;0,036;;
25/01/2026 02:00;0,031;0,031;;
25/01/2026 02:15;0,043;0,043;;
25/01/2026 02:30;0,045;0,045;;
25/01/2026 02:45;0,031;0,031;;
25/01/2026 03:00;0,037;0,037;;
25/01/2026 03:15;0,048;0,048;;
25/01/2026 03:30;0,037;0,037;;
25/01/2026 03:45;0,033;0,033;;
25/01/2026 04:00;0,038;0,038;;
25/01/2026 04:15;0,034;0,034;;
25/01/2026 04:30;0,035;0,035;;
25/01/2026 04:45;0,051;0,051;;
25/01/2026 05:00;0,038;0,038;;
25/01/2026 05:15;0,032;0,032;;
25/01/2026 05:30;0,036;0,036;;
25/01/2026 05:45;0,04;0,04;;
25/01/2026 06:00;0,032;0,032;;
25/01/2026 06:15;0,033;0,033;;
25/01/2026 06:30;0,041;0,041;;
25/01/2026 06:45;0,034;0,034;;
25/01/2026 07:00;0,044;0,044;;
25/01/2026 07:15;0,041;0,041;;
25/01/2026 07:30;0,042;0,042;;
25/01/2026 07:45;0,043;0,043;;
25/01/2026 08:00;0,036;0,036;;
25/01/2026 08:15;0,042;0,042;;
25/01/2026 08:30;0,033;0,033;;
25/01/2026 08:45;0,033;0,033;;
25/01/2026 09:00;0,058;0,058;;
25/01/2026 09:15;0,381;0,381;;
25/01/2026 09:30;0,369;0,369;;
25/01/2026 09:45;0,363;0,363;;
25/01/2026 10:00;0,371;0,371;;
25/01/2026 10:15;0,36;0,36;;
25/01/2026 10:30;0,359;0,359;;
25/01/2026 10:45;0,366;0,366;;
25/01/2026 11:00;0,474;0,474;;
25/01/2026 11:15;0,674;0,674;;
25/01/2026 11:30;0,603;0,603;;
25/01/2026 11:45;0,522;0,522;;
25/01/2026 12:00;0,55;0,55;;
25/01/2026 12:15;0,549;0,549;;
25/01/2026 12:30;0,489;0,489;;
25/01/2026 12:45;0,684;0,684;;
25/01/2026 13:00;0,824;0,824;;
25/01/2026 13:15;0,785;0,785;;
25/01/2026 13:30;0,369;0,369;;
25/01/2026 13:45;0,362;0,362;;
25/01/2026 14:00;0,373;0,373;;
25/01/2026 14:15;0,412;0,412;;
25/01/2026 14:30;0,411;0,411;;
25/01/2026 14:45;0,377;0,377;;
25/01/2026 15:00;0,37;0,37;;
25/01/2026 15:15;0,366;0,366;;
25/01/2026 15:30;0,367;0,367;;
25/01/2026 15:45;0,316;0,316;;
25/01/2026 16:00;0,073;0,073;;
25/01/2026 16:15;0,214;0,214;;
25/01/2026 16:30;0,415;0,415;;
25/01/2026 16:45;0,506;0,506;;
25/01/2026 17:00;1.032;1,032;;
25/01/2026 17:15;1,03;1,03;;
25/01/2026 17:30;1.031;1,031;;
25/01/2026 17:45;1.019;1,019;;
25/01/2026 18:00;1.024;1,024;;
25/01/2026 18:15;1.027;1,027;;
25/01/2026 18:30;0,829;0,829;;
25/01/2026 18:45;0,559;0,559;;
25/01/2026 19:00;0,44;0,44;;
25/01/2026 19:15;0,036;0,036;;
25/01/2026 19:30;0,031;0,031;;
25/01/2026 19:45;0,035;0,035;;
25/01/2026 20:00;0,039;0,039;;
25/01/2026 20:15;0,031;0,031;;
25/01/2026 20:30;0,033;0,033;;
25/01/2026 20:45;0,047;0,047;;
25/01/2026 21:00;0,05;0,05;;
25/01/2026 21:15;0,037;0,037;;
25/01/2026 21:30;0,041;0,041;;
25/01/2026 21:45;0,035;0,035;;
25/01/2026 22:00;0,031;0,031;;
25/01/2026 22:15;0,037;0,037;;
25/01/2026 22:30;0,037;0,037;;
25/01/2026 22:45;0,031;0,031;;
25/01/2026 23:00;0,035;0,035;;
25/01/2026 23:15;0,052;0,052;;
25/01/2026 23:30;0,032;0,032;;
25/01/2026 23:45;0,031;0,031;;
26/01/2026 00:00;0,039;0,039;;
26/01/2026 00:15;0,036;0,036;;
26/01/2026 00:30;0,033;0,033;;
26/01/2026 00:45;0,034;0,034;;
26/01/2026 01:00;0,041;0,041;;
26/01/2026 01:15;0,036;0,036;;
26/01/2026 01:30;0,054;0,054;;
26/01/2026 01:45;0,047;0,047;;
26/01/2026 02:00;0,036;0,036;;
26/01/2026 02:15;0,032;0,032;;
26/01/2026 02:30;0,034;0,034;;
26/01/2026 02:45;0,041;0,041;;
26/01/2026 03:00;0,033;0,033;;
26/01/2026 03:15;0,032;0,032;;
26/01/2026 03:30;0,04;0,04;;
26/01/2026 03:45;0,044;0,044;;
26/01/2026 04:00;0,038;0,038;;
26/01/2026 04:15;0,035;0,035;;
26/01/2026 04:30;0,042;0,042;;
26/01/2026 04:45;0,032;0,032;;
26/01/2026 05:00;0,032;0,032;;
26/01/2026 05:15;0,038;0,038;;
26/01/2026 05:30;0,037;0,037;;
26/01/2026 05:45;0,037;0,037;;
26/01/2026 06:00;0,049;0,049;;
26/01/2026 06:15;0,05;0,05;;
26/01/2026 06:30;0,034;0,034;;
26/01/2026 06:45;0,032;0,032;;
26/01/2026 07:00;0,037;0,037;;
26/01/2026 07:15;0,039;0,039;;
26/01/2026 07:30;0,033;0,033;;
26/01/2026 07:45;0,032;0,032;;
26/01/2026 08:00;0,038;0,038;;
26/01/2026 08:15;0,04;0,04;;
26/01/2026 08:30;0,043;0,043;;
26/01/2026 08:45;0,034;0,034;;
26/01/2026 09:00;0,037;0,037;;
26/01/2026 09:15;0,036;0,036;;
26/01/2026 09:30;0,032;0,032;;
26/01/2026 09:45;0,036;0,036;;
26/01/2026 10:00;0,037;0,037;;
26/01/2026 10:15;0,042;0,042;;
26/01/2026 10:30;0,043;0,043;;
26/01/2026 10:45;0,049;0,049;;
26/01/2026 11:00;0,038;0,038;;
26/01/2026 11:15;0,032;0,032;;
26/01/2026 11:30;0,033;0,033;;
26/01/2026 11:45;0,034;0,034;;
26/01/2026 12:00;0,036;0,036;;
26/01/2026 12:15;0,032;0,032;;
26/01/2026 12:30;0,036;0,036;;
26/01/2026 12:45;0,032;0,032;;
26/01/2026 13:00;0,045;0,045;;
26/01/2026 13:15;0,037;0,037;;
26/01/2026 13:30;0,035;0,035;;
26/01/2026 13:45;0,034;0,034;;
26/01/2026 14:00;0,034;0,034;;
26/01/2026 14:15;0,036;0,036;;
26/01/2026 14:30;0,031;0,031;;
26/01/2026 14:45;0,045;0,045;;
26/01/2026 15:00;0,042;0,042;;
26/01/2026 15:15;0,041;0,041;;
26/01/2026 15:30;0,04;0,04;;
26/01/2026 15:45;0,035;0,035;;
26/01/2026 16:00;0,037;0,037;;
26/01/2026 16:15;0,031;0,031;;
26/01/2026 16:30;0,035;0,035;;
26/01/2026 16:45;0,036;0,036;;
26/01/2026 17:00;0,033;0,033;;
26/01/2026 17:15;0,031;0,031;;
26/01/2026 17:30;0,041;0,041;;
26/01/2026 17:45;0,046;0,046;;
26/01/2026 18:00;0,031;0,031;;
26/01/2026 18:15;0,354;0,354;;
26/01/2026 18:30;1.055;1,055;;
26/01/2026 18:45;1.039;1,039;;
26/01/2026 19:00;1.037;1,037;;
26/01/2026 19:15;1.051;1,051;;
26/01/2026 19:30;1.043;1,043;;
26/01/2026 19:45;1.137;1,137;;
26/01/2026 20:00;1.397;1,397;;
26/01/2026 20:15;1.594;1,594;;
26/01/2026 20:30;1.376;1,376;;
26/01/2026 20:45;1.389;1,389;;
26/01/2026 21:00;1.384;1,384;;
26/01/2026 21:15;1.364;1,364;;
26/01/2026 21:30;0,954;0,954;;
26/01/2026 21:45;0,3;0,3;;
26/01/2026 22:00;0,259;0,259;;
26/01/2026 22:15;0,211;0,211;;
26/01/2026 22:30;0,315;0,315;;
26/01/2026 22:45;0,15;0,15;;
26/01/2026 23:00;0,034;0,034;;
26/01/2026 23:15;0,037;0,037;;
26/01/2026 23:30;0,037;0,037;;
26/01/2026 23:45;0,045;0,045;;
27/01/2026 00:00;0,039;0,039;;
27/01/2026 00:15;0,032;0,032;;
27/01/2026 00:30;0,045;0,045;;
27/01/2026 00:45;0,04;0,04;;
27/01/2026 01:00;0,034;0,034;;
27/01/2026 01:15;0,033;0,033;;
27/01/2026 01:30;0,035;0,035;;
27/01/2026 01:45;0,036;0,036;;
27/01/2026 02:00;0,031;0,031;;
27/01/2026 02:15;0,037;0,037;;
27/01/2026 02:30;0,035;0,035;;
27/01/2026 02:45;0,038;0,038;;
27/01/2026 03:00;0,044;0,044;;
27/01/2026 03:15;0,036;0,036;;
27/01/2026 03:30;0,034;0,034;;
27/01/2026 03:45;0,031;0,031;;
27/01/2026 04:00;0,042;0,042;;
27/01/2026 04:15;0,046;0,046;;
27/01/2026 04:30;0,033;0,033;;
27/01/2026 04:45;0,034;0,034;;
27/01/2026 05:00;0,038;0,038;;
27/01/2026 05:15;0,044;0,044;;
27/01/2026 05:30;0,032;0,032;;
27/01/2026 05:45;0,039;0,039;;
27/01/2026 06:00;0,037;0,037;;
27/01/2026 06:15;0,031;0,031;;
27/01/2026 06:30;0,033;0,033;;
27/01/2026 06:45;0,037;0,037;;
27/01/2026 07:00;0,033;0,033;;
27/01/2026 07:15;0,031;0,031;;
27/01/2026 07:30;0,048;0,048;;
27/01/2026 07:45;0,039;0,039;;
27/01/2026 08:00;0,031;0,031;;
27/01/2026 08:15;0,033;0,033;;
27/01/2026 08:30;0,046;0,046;;
27/01/2026 08:45;0,042;0,042;;
27/01/2026 09:00;0,031;0,031;;
27/01/2026 09:15;0,038;0,038;;
27/01/2026 09:30;0,035;0,035;;
27/01/2026 09:45;0,039;0,039;;
27/01/2026 10:00;0,041;0,041;;
27/01/2026 10:15;0,037;0,037;;
27/01/2026 10:30;0,032;0,032;;
27/01/2026 10:45;0,032;0,032;;
27/01/2026 11:00;0,038;0,038;;
27/01/2026 11:15;0,035;0,035;;
27/01/2026 11:30;0,031;0,031;;
27/01/2026 11:45;0,035;0,035;;
27/01/2026 12:00;0,042;0,042;;
27/01/2026 12:15;0,041;0,041;;
27/01/2026 12:30;0,032;0,032;;
27/01/2026 12:45;0,039;0,039;;
27/01/2026 13:00;0,044;0,044;;
27/01/2026 13:15;0,038;0,038;;
27/01/2026 13:30;0,035;0,035;;
27/01/2026 13:45;0,038;0,038;;
27/01/2026 14:00;0,032;0,032;;
27/01/2026 14:15;0,033;0,033;;
27/01/2026 14:30;0,051;0,051;;
27/01/2026 14:45;0,034;0,034;;
27/01/2026 15:00;0,032;0,032;;
27/01/2026 15:15;0,036;0,036;;
27/01/2026 15:30;0,038;0,038;;
27/01/2026 15:45;0,031;0,031;;
27/01/2026 16:00;0,033;0,033;;
27/01/2026 16:15;0,04;0,04;;
27/01/2026 16:30;0,032;0,032;;
27/01/2026 16:45;0,25;0,25;;
27/01/2026 17:00;0,71;0,71;;
27/01/2026 17:15;0,696;0,696;;
27/01/2026 17:30;0,699;0,699;;
27/01/2026 17:45;0,698;0,698;;
27/01/2026 18:00;0,696;0,696;;
27/01/2026 18:15;0,693;0,693;;
27/01/2026 18:30;0,701;0,701;;
27/01/2026 18:45;0,707;0,707;;
27/01/2026 19:00;0,703;0,703;;
27/01/2026 19:15;0,741;0,741;;
27/01/2026 19:30;0,731;0,731;;
27/01/2026 19:45;0,809;0,809;;
27/01/2026 20:00;1.235;1,235;;
27/01/2026 20:15;1.381;1,381;;
27/01/2026 20:30;1,28;1,28;;
27/01/2026 20:45;1.045;1,045;;
27/01/2026 21:00;1.027;1,027;;
27/01/2026 21:15;1.036;1,036;;
27/01/2026 21:30;0,927;0,927;;
27/01/2026 21:45;0,223;0,223;;
27/01/2026 22:00;0,089;0,089;;
27/01/2026 22:15;0,044;0,044;;
27/01/2026 22:30;0,037;0,037;;
27/01/2026 22:45;0,032;0,032;;
27/01/2026 23:00;0,034;0,034;;
27/01/2026 23:15;0,038;0,038;;
27/01/2026 23:30;0,036;0,036;;
27/01/2026 23:45;0,044;0,044;;
28/01/2026 00:00;0,084;0,084;;
28/01/2026 00:15;0,049;0,049;;
28/01/2026 00:30;0,031;0,031;;
28/01/2026 00:45;0,037;0,037;;
28/01/2026 01:00;0,038;0,038;;
28/01/2026 01:15;0,032;0,032;;
28/01/2026 01:30;0,034;0,034;;
28/01/2026 01:45;0,038;0,038;;
28/01/2026 02:00;0,046;0,046;;
28/01/2026 02:15;0,042;0,042;;
28/01/2026 02:30;0,048;0,048;;
28/01/2026 02:45;0,037;0,037;;
28/01/2026 03:00;0,032;0,032;;
28/01/2026 03:15;0,036;0,036;;
28/01/2026 03:30;0,038;0,038;;
28/01/2026 03:45;0,032;0,032;;
28/01/2026 04:00;0,034;0,034;;
28/01/2026 04:15;0,047;0,047;;
28/01/2026 04:30;0,06;0,06;;
28/01/2026 04:45;0,078;0,078;;
28/01/2026 05:00;0,052;0,052;;
28/01/2026 05:15;0,036;0,036;;
28/01/2026 05:30;0,031;0,031;;
28/01/2026 05:45;0,036;0,036;;
28/01/2026 06:00;0,039;0,039;;
28/01/2026 06:15;0,031;0,031;;
28/01/2026 06:30;0,038;0,038;;
28/01/2026 06:45;0,058;0,058;;
28/01/2026 07:00;0,043;0,043;;
28/01/2026 07:15;0,031;0,031;;
28/01/2026 07:30;0,04;0,04;;
28/01/2026 07:45;0,035;0,035;;
28/01/2026 08:00;0,031;0,031;;
28/01/2026 08:15;0,036;0,036;;
28/01/2026 08:30;0,039;0,039;;
28/01/2026 08:45;0,033;0,033;;
28/01/2026 09:00;0,044;0,044;;
28/01/2026 09:15;0,043;0,043;;
28/01/2026 09:30;0,033;0,033;;
28/01/2026 09:45;0,032;0,032;;
28/01/2026 10:00;0,038;0,038;;
28/01/2026 10:15;0,036;0,036;;
28/01/2026 10:30;0,032;0,032;;
28/01/2026 10:45;0,034;0,034;;
28/01/2026 11:00;0,561;0,561;;
28/01/2026 11:15;0,617;0,617;;
28/01/2026 11:30;0,571;0,571;;
28/01/2026 11:45;0,579;0,579;;
28/01/2026 12:00;0,531;0,531;;
28/01/2026 12:15;0,487;0,487;;
28/01/2026 12:30;0,049;0,049;;
28/01/2026 12:45;0,037;0,037;;
28/01/2026 13:00;0,039;0,039;;
28/01/2026 13:15;0,072;0,072;;
28/01/2026 13:30;0,048;0,048;;
28/01/2026 13:45;0,067;0,067;;
28/01/2026 14:00;0,045;0,045;;
28/01/2026 14:15;0,037;0,037;;
28/01/2026 14:30;0,035;0,035;;
28/01/2026 14:45;0,036;0,036;;
28/01/2026 15:00;0,072;0,072;;
28/01/2026 15:15;0,035;0,035;;
28/01/2026 15:30;0,035;0,035;;
28/01/2026 15:45;0,055;0,055;;
28/01/2026 16:00;0,062;0,062;;
28/01/2026 16:15;0,07;0,07;;
28/01/2026 16:30;0,031;0,031;;
28/01/2026 16:45;0,532;0,532;;
28/01/2026 17:00;0,694;0,694;;
28/01/2026 17:15;0,688;0,688;;
28/01/2026 17:30;0,69;0,69;;
28/01/2026 17:45;0,711;0,711;;
28/01/2026 18:00;0,721;0,721;;
28/01/2026 18:15;0,829;0,829;;
28/01/2026 18:30;1,03;1,03;;
28/01/2026 18:45;1.064;1,064;;
28/01/2026 19:00;1.027;1,027;;
28/01/2026 19:15;1.029;1,029;;
28/01/2026 19:30;1.025;1,025;;
28/01/2026 19:45;1.139;1,139;;
28/01/2026 20:00;1,39;1,39;;
28/01/2026 20:15;1.385;1,385;;
28/01/2026 20:30;1.685;1,685;;
28/01/2026 20:45;1.557;1,557;;
28/01/2026 21:00;1.414;1,414;;
28/01/2026 21:15;1.365;1,365;;
28/01/2026 21:30;1.509;1,509;;
28/01/2026 21:45;1.684;1,684;;
28/01/2026 22:00;1.564;1,564;;
28/01/2026 22:15;1.523;1,523;;
28/01/2026 22:30;1.516;1,516;;
28/01/2026 22:45;1.546;1,546;;
28/01/2026 23:00;1.692;1,692;;
28/01/2026 23:15;0,374;0,374;;
28/01/2026 23:30;0,238;0,238;;
28/01/2026 23:45;0,245;0,245;;
29/01/2026 00:00;0,25;0,25;;
29/01/2026 00:15;0,187;0,187;;
29/01/2026 00:30;0,135;0,135;;
29/01/2026 00:45;0,053;0,053;;
29/01/2026 01:00;0,117;0,117;;
29/01/2026 01:15;0,055;0,055;;
29/01/2026 01:30;0,067;0,067;;
29/01/2026 01:45;0,035;0,035;;
29/01/2026 02:00;0,039;0,039;;
29/01/2026 02:15;0,099;0,099;;
29/01/2026 02:30;0,037;0,037;;
29/01/2026 02:45;0,035;0,035;;
29/01/2026 03:00;0,036;0,036;;
29/01/2026 03:15;0,06;0,06;;
29/01/2026 03:30;0,049;0,049;;
29/01/2026 03:45;0,076;0,076;;
29/01/2026 04:00;0,032;0,032;;
29/01/2026 04:15;0,032;0,032;;
29/01/2026 04:30;0,042;0,042;;
29/01/2026 04:45;0,035;0,035;;
29/01/2026 05:00;0,04;0,04;;
29/01/2026 05:15;0,046;0,046;;
29/01/2026 05:30;0,089;0,089;;
29/01/2026 05:45;0,042;0,042;;
29/01/2026 06:00;0,066;0,066;;
29/01/2026 06:15;0,068;0,068;;
29/01/2026 06:30;0,034;0,034;;
29/01/2026 06:45;0,032;0,032;;
29/01/2026 07:00;0,036;0,036;;
29/01/2026 07:15;0,038;0,038;;
29/01/2026 07:30;0,031;0,031;;
29/01/2026 07:45;0,032;0,032;;
29/01/2026 08:00;0,05;0,05;;
29/01/2026 08:15;0,056;0,056;;
29/01/2026 08:30;0,072;0,072;;
29/01/2026 08:45;0,04;0,04;;
29/01/2026 09:00;0,034;0,034;;
29/01/2026 09:15;0,031;0,031;;
29/01/2026 09:30;0,046;0,046;;
29/01/2026 09:45;0,046;0,046;;
29/01/2026 10:00;0,031;0,031;;
29/01/2026 10:15;0,035;0,035;;
29/01/2026 10:30;0,053;0,053;;
29/01/2026 10:45;0,032;0,032;;
29/01/2026 11:00;0,031;0,031;;
29/01/2026 11:15;0,04;0,04;;
29/01/2026 11:30;0,034;0,034;;
29/01/2026 11:45;0,031;0,031;;
29/01/2026 12:00;0,036;0,036;;
29/01/2026 12:15;0,038;0,038;;
29/01/2026 12:30;0,032;0,032;;
29/01/2026 12:45;0,043;0,043;;
29/01/2026 13:00;0,044;0,044;;
29/01/2026 13:15;0,031;0,031;;
29/01/2026 13:30;0,032;0,032;;
29/01/2026 13:45;0,041;0,041;;
29/01/2026 14:00;0,046;0,046;;
29/01/2026 14:15;0,037;0,037;;
29/01/2026 14:30;0,034;0,034;;
29/01/2026 14:45;0,04;0,04;;
29/01/2026 15:00;0,041;0,041;;
29/01/2026 15:15;0,062;0,062;;
29/01/2026 15:30;0,088;0,088;;
29/01/2026 15:45;0,048;0,048;;
29/01/2026 16:00;0,031;0,031;;
29/01/2026 16:15;0,039;0,039;;
29/01/2026 16:30;0,035;0,035;;
29/01/2026 16:45;0,241;0,241;;
29/01/2026 17:00;0,7;0,7;;
29/01/2026 17:15;0,708;0,708;;
29/01/2026 17:30;0,697;0,697;;
29/01/2026 17:45;0,688;0,688;;
29/01/2026 18:00;0,699;0,699;;
29/01/2026 18:15;0,798;0,798;;
29/01/2026 18:30;1,04;1,04;;
29/01/2026 18:45;1.034;1,034;;
29/01/2026 19:00;1.027;1,027;;
29/01/2026 19:15;1.026;1,026;;
29/01/2026 19:30;1.028;1,028;;
29/01/2026 19:45;1.151;1,151;;
29/01/2026 20:00;1.528;1,528;;
29/01/2026 20:15;1.538;1,538;;
29/01/2026 20:30;1.548;1,548;;
29/01/2026 20:45;1.529;1,529;;
29/01/2026 21:00;1.524;1,524;;
29/01/2026 21:15;1.533;1,533;;
29/01/2026 21:30;1.123;1,123;;
29/01/2026 21:45;0,204;0,204;;
29/01/2026 22:00;0,218;0,218;;
29/01/2026 22:15;0,209;0,209;;
29/01/2026 22:30;0,207;0,207;;
29/01/2026 22:45;0,262;0,262;;
29/01/2026 23:00;0,266;0,266;;
29/01/2026 23:15;0,215;0,215;;
29/01/2026 23:30;0,22;0,22;;
29/01/2026 23:45;0,218;0,218;;
30/01/2026 00:00;0,219;0,219;;
30/01/2026 00:15;0,228;0,228;;
30/01/2026 00:30;0,215;0,215;;
30/01/2026 00:45;0,218;0,218;;
30/01/2026 01:00;0,214;0,214;;
30/01/2026 01:15;0,219;0,219;;
30/01/2026 01:30;0,218;0,218;;
30/01/2026 01:45;0,213;0,213;;
30/01/2026 02:00;0,217;0,217;;
30/01/2026 02:15;0,216;0,216;;
30/01/2026 02:30;0,22;0,22;;
30/01/2026 02:45;0,223;0,223;;
30/01/2026 03:00;0,215;0,215;;
30/01/2026 03:15;0,222;0,222;;
30/01/2026 03:30;0,223;0,223;;
30/01/2026 03:45;0,215;0,215;;
30/01/2026 04:00;0,213;0,213;;
30/01/2026 04:15;0,214;0,214;;
30/01/2026 04:30;0,216;0,216;;
30/01/2026 04:45;0,215;0,215;;
30/01/2026 05:00;0,223;0,223;;
30/01/2026 05:15;0,215;0,215;;
30/01/2026 05:30;0,213;0,213;;
30/01/2026 05:45;0,212;0,212;;
30/01/2026 06:00;0,212;0,212;;
30/01/2026 06:15;0,212;0,212;;
30/01/2026 06:30;0,213;0,213;;
30/01/2026 06:45;0,213;0,213;;
30/01/2026 07:00;0,216;0,216;;
30/01/2026 07:15;0,221;0,221;;
30/01/2026 07:30;0,216;0,216;;
30/01/2026 07:45;0,221;0,221;;
30/01/2026 08:00;0,217;0,217;;
30/01/2026 08:15;0,211;0,211;;
30/01/2026 08:30;0,208;0,208;;
30/01/2026 08:45;0,214;0,214;;
30/01/2026 09:00;0,21;0,21;;
30/01/2026 09:15;0,212;0,212;;
30/01/2026 09:30;0,218;0,218;;
30/01/2026 09:45;0,214;0,214;;
30/01/2026 10:00;0,213;0,213;;
30/01/2026 10:15;0,207;0,207;;
30/01/2026 10:30;0,211;0,211;;
30/01/2026 10:45;0,207;0,207;;
30/01/2026 11:00;0,21;0,21;;
30/01/2026 11:15;0,208;0,208;;
30/01/2026 11:30;0,21;0,21;;
30/01/2026 11:45;0,219;0,219;;
30/01/2026 12:00;0,218;0,218;;
30/01/2026 12:15;0,222;0,222;;
30/01/2026 12:30;0,215;0,215;;
30/01/2026 12:45;0,206;0,206;;
30/01/2026 13:00;0,211;0,211;;
30/01/2026 13:15;0,212;0,212;;
30/01/2026 13:30;0,214;0,214;;
30/01/2026 13:45;0,208;0,208;;
30/01/2026 14:00;0,218;0,218;;
30/01/2026 14:15;0,228;0,228;;
30/01/2026 14:30;0,258;0,258;;
30/01/2026 14:45;0,26;0,26;;
30/01/2026 15:00;0,211;0,211;;
30/01/2026 15:15;0,21;0,21;;
30/01/2026 15:30;0,211;0,211;;
30/01/2026 15:45;0,209;0,209;;
30/01/2026 16:00;0,204;0,204;;
30/01/2026 16:15;0,208;0,208;;
30/01/2026 16:30;0,227;0,227;;
30/01/2026 16:45;0,361;0,361;;
30/01/2026 17:00;0,549;0,549;;
30/01/2026 17:15;0,546;0,546;;
30/01/2026 17:30;0,544;0,544;;
30/01/2026 17:45;0,532;0,532;;
30/01/2026 18:00;0,533;0,533;;
30/01/2026 18:15;0,752;0,752;;
30/01/2026 18:30;1,59;1,59;;
30/01/2026 18:45;1.688;1,688;;
30/01/2026 19:00;1.672;1,672;;
30/01/2026 19:15;1.401;1,401;;
30/01/2026 19:30;1.366;1,366;;
30/01/2026 19:45;1.365;1,365;;
30/01/2026 20:00;1.102;1,102;;
30/01/2026 20:15;0,983;0,983;;
30/01/2026 20:30;0,891;0,891;;
30/01/2026 20:45;0,923;0,923;;
30/01/2026 21:00;0,885;0,885;;
30/01/2026 21:15;0,905;0,905;;
30/01/2026 21:30;0,661;0,661;;
30/01/2026 21:45;0,043;0,043;;
30/01/2026 22:00;0,032;0,032;;
30/01/2026 22:15;0,068;0,068;;
30/01/2026 22:30;0,041;0,041;;
30/01/2026 22:45;0,036;0,036;;
30/01/2026 23:00;0,057;0,057;;
30/01/2026 23:15;0,051;0,051;;
30/01/2026 23:30;0,054;0,054;;
30/01/2026 23:45;0,062;0,062;;
31/01/2026 00:00;0,035;0,035;;
31/01/2026 00:15;0,035;0,035;;
31/01/2026 00:30;0,035;0,035;;
31/01/2026 00:45;0,073;0,073;;
31/01/2026 01:00;0,037;0,037;;
31/01/2026 01:15;0,031;0,031;;
31/01/2026 01:30;0,043;0,043;;
31/01/2026 01:45;0,069;0,069;;
31/01/2026 02:00;0,125;0,125;;
31/01/2026 02:15;0,053;0,053;;
31/01/2026 02:30;0,035;0,035;;
31/01/2026 02:45;0,043;0,043;;
31/01/2026 03:00;0,033;0,033;;
31/01/2026 03:15;0,031;0,031;;
31/01/2026 03:30;0,038;0,038;;
31/01/2026 03:45;0,061;0,061;;
31/01/2026 04:00;0,049;0,049;;
31/01/2026 04:15;0,066;0,066;;
31/01/2026 04:30;0,044;0,044;;
31/01/2026 04:45;0,038;0,038;;
31/01/2026 05:00;0,035;0,035;;
31/01/2026 05:15;0,037;0,037;;
31/01/2026 05:30;0,032;0,032;;
31/01/2026 05:45;0,036;0,036;;
31/01/2026 06:00;0,049;0,049;;
31/01/2026 06:15;0,063;0,063;;
31/01/2026 06:30;0,094;0,094;;
31/01/2026 06:45;0,078;0,078;;
31/01/2026 07:00;0,04;0,04;;
31/01/2026 07:15;0,031;0,031;;
31/01/2026 07:30;0,032;0,032;;
31/01/2026 07:45;0,042;0,042;;
31/01/2026 08:00;0,036;0,036;;
31/01/2026 08:15;0,032;0,032;;
31/01/2026 08:30;0,041;0,041;;
31/01/2026 08:45;0,053;0,053;;
31/01/2026 09:00;0,086;0,086;;
31/01/2026 09:15;0,037;0,037;;
31/01/2026 09:30;0,702;0,702;;
31/01/2026 09:45;0,693;0,693;;
31/01/2026 10:00;0,694;0,694;;
31/01/2026 10:15;0,695;0,695;;
31/01/2026 10:30;0,707;0,707;;
31/01/2026 10:45;0,536;0,536;;
31/01/2026 11:00;0,424;0,424;;
31/01/2026 11:15;0,415;0,415;;
31/01/2026 11:30;0,414;0,414;;
31/01/2026 11:45;0,387;0,387;;
31/01/2026 12:00;0,169;0,169;;
31/01/2026 12:15;0,063;0,063;;
31/01/2026 12:30;0,038;0,038;;
31/01/2026 12:45;0,083;0,083;;
31/01/2026 13:00;0,076;0,076;;
31/01/2026 13:15;0,045;0,045;;
31/01/2026 13:30;0,081;0,081;;
31/01/2026 13:45;0,097;0,097;;
31/01/2026 14:00;0,037;0,037;;
31/01/2026 14:15;0,076;0,076;;
31/01/2026 14:30;0,073;0,073;;
31/01/2026 14:45;0,054;0,054;;
31/01/2026 15:00;0,079;0,079;;
31/01/2026 15:15;0,079;0,079;;
31/01/2026 15:30;0,062;0,062;;
31/01/2026 15:45;0,063;0,063;;
31/01/2026 16:00;0,116;0,116;;
31/01/2026 16:15;0,039;0,039;;
31/01/2026 16:30;0,594;0,594;;
31/01/2026 16:45;0,756;0,756;;
31/01/2026 17:00;0,488;0,488;;
31/01/2026 17:15;0,09;0,09;;
31/01/2026 17:30;0,08;0,08;;
31/01/2026 17:45;0,048;0,048;;
31/01/2026 18:00;0,054;0,054;;
31/01/2026 18:15;0,394;0,394;;
31/01/2026 18:30;0,524;0,524;;
31/01/2026 18:45;0,478;0,478;;
31/01/2026 19:00;0,564;0,564;;
31/01/2026 19:15;0,583;0,583;;
31/01/2026 19:30;0,82;0,82;;
31/01/2026 19:45;0,984;0,984;;
31/01/2026 20:00;0,786;0,786;;
31/01/2026 20:15;0,1;0,1;;
31/01/2026 20:30;0,044;0,044;;
31/01/2026 20:45;0,077;0,077;;
31/01/2026 21:00;0,066;0,066;;
31/01/2026 21:15;0,04;0,04;;
31/01/2026 21:30;0,032;0,032;;
31/01/2026 21:45;0,033;0,033;;
31/01/2026 22:00;0,084;0,084;;
31/01/2026 22:15;0,034;0,034;;
31/01/2026 22:30;0,046;0,046;;
31/01/2026 22:45;0,041;0,041;;
31/01/2026 23:00;0,069;0,069;;
31/01/2026 23:15;0,061;0,061;;
31/01/2026 23:30;0,032;0,032;;
31/01/2026 23:45;0,04;0,04;;
01/02/2026 00:00;0,055;0,055;;
01/02/2026 00:15;0,085;0,085;;
01/02/2026 00:30;0,035;0,035;;
01/02/2026 00:45;0,041;0,041;;
01/02/2026 01:00;0,053;0,053;;
01/02/2026 01:15;0,072;0,072;;
01/02/2026 01:30;0,071;0,071;;
01/02/2026 01:45;0,038;0,038;;
01/02/2026 02:00;0,05;0,05;;
01/02/2026 02:15;0,089;0,089;;
01/02/2026 02:30;0,058;0,058;;
01/02/2026 02:45;0,039;0,039;;
01/02/2026 03:00;0,045;0,045;;
01/02/2026 03:15;0,057;0,057;;
01/02/2026 03:30;0,04;0,04;;
01/02/2026 03:45;0,031;0,031;;
01/02/2026 04:00;0,033;0,033;;
01/02/2026 04:15;0,053;0,053;;
01/02/2026 04:30;0,055;0,055;;
01/02/2026 04:45;0,076;0,076;;
01/02/2026 05:00;0,036;0,036;;
01/02/2026 05:15;0,04;0,04;;
01/02/2026 05:30;0,045;0,045;;
01/02/2026 05:45;0,072;0,072;;
01/02/2026 06:00;0,084;0,084;;
01/02/2026 06:15;0,041;0,041;;
01/02/2026 06:30;0,035;0,035;;
01/02/2026 06:45;0,036;0,036;;
01/02/2026 07:00;0,033;0,033;;
01/02/2026 07:15;0,038;0,038;;
01/02/2026 07:30;0,043;0,043;;
01/02/2026 07:45;0,039;0,039;;
01/02/2026 08:00;0,038;0,038;;
01/02/2026 08:15;0,039;0,039;;
01/02/2026 08:30;0,04;0,04;;
01/02/2026 08:45;0,041;0,041;;
01/02/2026 09:00;0,039;0,039;;
01/02/2026 09:15;0,04;0,04;;
01/02/2026 09:30;0,038;0,038;;
01/02/2026 09:45;0,031;0,031;;
01/02/2026 10:00;0,043;0,043;;
01/02/2026 10:15;0,053;0,053;;
01/02/2026 10:30;0,083;0,083;;
01/02/2026 10:45;0,059;0,059;;
01/02/2026 11:00;0,034;0,034;;
01/02/2026 11:15;0,034;0,034;;
01/02/2026 11:30;0,041;0,041;;
01/02/2026 11:45;0,038;0,038;;
01/02/2026 12:00;0,031;0,031;;
01/02/2026 12:15;0,035;0,035;;
01/02/2026 12:30;0,055;0,055;;
01/02/2026 12:45;0,081;0,081;;
01/02/2026 13:00;0,05;0,05;;
01/02/2026 13:15;0,049;0,049;;
01/02/2026 13:30;0,073;0,073;;
01/02/2026 13:45;0,078;0,078;;
01/02/2026 14:00;0,035;0,035;;
01/02/2026 14:15;0,069;0,069;;
01/02/2026 14:30;0,057;0,057;;
01/02/2026 14:45;0,047;0,047;;
01/02/2026 15:00;0,06;0,06;;
01/02/2026 15:15;0,054;0,054;;
01/02/2026 15:30;0,039;0,039;;
01/02/2026 15:45;0,042;0,042;;
01/02/2026 16:00;0,04;0,04;;
01/02/2026 16:15;0,11;0,11;;
01/02/2026 16:30;0,044;0,044;;
01/02/2026 16:45;0,035;0,035;;
01/02/2026 17:00;0,038;0,038;;
01/02/2026 17:15;0,067;0,067;;
01/02/2026 17:30;0,071;0,071;;
01/02/2026 17:45;0,048;0,048;;
01/02/2026 18:00;0,08;0,08;;
01/02/2026 18:15;0,144;0,144;;
01/02/2026 18:30;0,402;0,402;;
01/02/2026 18:45;0,376;0,376;;
01/02/2026 19:00;0,368;0,368;;
01/02/2026 19:15;0,365;0,365;;
01/02/2026 19:30;0,382;0,382;;
01/02/2026 19:45;0,528;0,528;;
01/02/2026 20:00;0,596;0,596;;
01/02/2026 20:15;0,361;0,361;;
01/02/2026 20:30;0,368;0,368;;
01/02/2026 20:45;0,366;0,366;;
01/02/2026 21:00;0,359;0,359;;
01/02/2026 21:15;0,362;0,362;;
01/02/2026 21:30;0,387;0,387;;
01/02/2026 21:45;0,377;0,377;;
01/02/2026 22:00;0,414;0,414;;
01/02/2026 22:15;0,218;0,218;;
01/02/2026 22:30;0,098;0,098;;
01/02/2026 22:45;0,06;0,06;;
01/02/2026 23:00;0,044;0,044;;
01/02/2026 23:15;0,036;0,036;;
01/02/2026 23:30;0,035;0,035;;
01/02/2026 23:45;0,044;0,044;;
02/02/2026 00:00;0,048;0,048;;
02/02/2026 00:15;0,067;0,067;;
02/02/2026 00:30;0,065;0,065;;
02/02/2026 00:45;0,041;0,041;;
02/02/2026 01:00;0,033;0,033;;
02/02/2026 01:15;0,034;0,034;;
02/02/2026 01:30;0,036;0,036;;
02/02/2026 01:45;0,038;0,038;;
02/02/2026 02:00;0,038;0,038;;
02/02/2026 02:15;0,046;0,046;;
02/02/2026 02:30;0,065;0,065;;
02/02/2026 02:45;0,1;0,1;;
02/02/2026 03:00;0,088;0,088;;
02/02/2026 03:15;0,035;0,035;;
02/02/2026 03:30;0,032;0,032;;
02/02/2026 03:45;0,038;0,038;;
02/02/2026 04:00;0,043;0,043;;
02/02/2026 04:15;0,032;0,032;;
02/02/2026 04:30;0,036;0,036;;
02/02/2026 04:45;0,049;0,049;;
02/02/2026 05:00;0,051;0,051;;
02/02/2026 05:15;0,08;0,08;;
02/02/2026 05:30;0,042;0,042;;
02/02/2026 05:45;0,035;0,035;;
02/02/2026 06:00;0,038;0,038;;
02/02/2026 06:15;0,038;0,038;;
02/02/2026 06:30;0,036;0,036;;
02/02/2026 06:45;0,034;0,034;;
02/02/2026 07:00;0,059;0,059;;
02/02/2026 07:15;0,069;0,069;;
02/02/2026 07:30;0,069;0,069;;
02/02/2026 07:45;0,031;0,031;;
02/02/2026 08:00;0,042;0,042;;
02/02/2026 08:15;0,04;0,04;;
02/02/2026 08:30;0,031;0,031;;
02/02/2026 08:45;0,034;0,034;;
02/02/2026 09:00;0,039;0,039;;
02/02/2026 09:15;0,045;0,045;;
02/02/2026 09:30;0,072;0,072;;
02/02/2026 09:45;0,088;0,088;;
02/02/2026 10:00;0,045;0,045;;
02/02/2026 10:15;0,059;0,059;;
02/02/2026 10:30;0,063;0,063;;
02/02/2026 10:45;0,039;0,039;;
02/02/2026 11:00;0,039;0,039;;
02/02/2026 11:15;0,047;0,047;;
02/02/2026 11:30;0,052;0,052;;
02/02/2026 11:45;0,041;0,041;;
02/02/2026 12:00;0,086;0,086;;
02/02/2026 12:15;0,058;0,058;;
02/02/2026 12:30;0,033;0,033;;
02/02/2026 12:45;0,034;0,034;;
02/02/2026 13:00;0,039;0,039;;
02/02/2026 13:15;0,037;0,037;;
02/02/2026 13:30;0,032;0,032;;
02/02/2026 13:45;0,062;0,062;;
02/02/2026 14:00;0,053;0,053;;
02/02/2026 14:15;0,086;0,086;;
02/02/2026 14:30;0,038;0,038;;
02/02/2026 14:45;0,034;0,034;;
02/02/2026 15:00;0,033;0,033;;
02/02/2026 15:15;0,057;0,057;;
02/02/2026 15:30;0,064;0,064;;
02/02/2026 15:45;0,037;0,037;;
02/02/2026 16:00;0,046;0,046;;
02/02/2026 16:15;0,096;0,096;;
02/02/2026 16:30;0,114;0,114;;
02/02/2026 16:45;0,35;0,35;;
02/02/2026 17:00;1.048;1,048;;
02/02/2026 17:15;1.041;1,041;;
02/02/2026 17:30;1.032;1,032;;
02/02/2026 17:45;1.079;1,079;;
02/02/2026 18:00;1.044;1,044;;
02/02/2026 18:15;1.142;1,142;;
02/02/2026 18:30;1.573;1,573;;
02/02/2026 18:45;1.612;1,612;;
02/02/2026 19:00;1,47;1,47;;
02/02/2026 19:15;1.382;1,382;;
02/02/2026 19:30;1.378;1,378;;
02/02/2026 19:45;1.375;1,375;;
02/02/2026 20:00;1.369;1,369;;
02/02/2026 20:15;1.059;1,059;;
02/02/2026 20:30;1.049;1,049;;
02/02/2026 20:45;1,08;1,08;;
02/02/2026 21:00;1.058;1,058;;
02/02/2026 21:15;1,07;1,07;;
02/02/2026 21:30;0,831;0,831;;
02/02/2026 21:45;0,363;0,363;;
02/02/2026 22:00;0,37;0,37;;
02/02/2026 22:15;0,371;0,371;;
02/02/2026 22:30;0,37;0,37;;
02/02/2026 22:45;0,366;0,366;;
02/02/2026 23:00;0,342;0,342;;
02/02/2026 23:15;0,387;0,387;;
02/02/2026 23:30;0,356;0,356;;
02/02/2026 23:45;0,043;0,043;;
03/02/2026 00:00;0,035;0,035;;
03/02/2026 00:15;0,034;0,034;;
03/02/2026 00:30;0,038;0,038;;
03/02/2026 00:45;0,05;0,05;;
03/02/2026 01:00;0,052;0,052;;
03/02/2026 01:15;0,08;0,08;;
03/02/2026 01:30;0,055;0,055;;
03/02/2026 01:45;0,04;0,04;;
03/02/2026 02:00;0,074;0,074;;
03/02/2026 02:15;0,053;0,053;;
03/02/2026 02:30;0,041;0,041;;
03/02/2026 02:45;0,038;0,038;;
03/02/2026 03:00;0,032;0,032;;
03/02/2026 03:15;0,031;0,031;;
03/02/2026 03:30;0,04;0,04;;
03/02/2026 03:45;0,045;0,045;;
03/02/2026 04:00;0,039;0,039;;
03/02/2026 04:15;0,033;0,033;;
03/02/2026 04:30;0,042;0,042;;
03/02/2026 04:45;0,037;0,037;;
03/02/2026 05:00;0,039;0,039;;
03/02/2026 05:15;0,053;0,053;;
03/02/2026 05:30;0,066;0,066;;
03/02/2026 05:45;0,082;0,082;;
03/02/2026 06:00;0,058;0,058;;
03/02/2026 06:15;0,052;0,052;;
03/02/2026 06:30;0,037;0,037;;
03/02/2026 06:45;0,039;0,039;;
03/02/2026 07:00;0,044;0,044;;
03/02/2026 07:15;0,036;0,036;;
03/02/2026 07:30;0,031;0,031;;
03/02/2026 07:45;0,037;0,037;;
03/02/2026 08:00;0,036;0,036;;
03/02/2026 08:15;0,037;0,037;;
03/02/2026 08:30;0,045;0,045;;
03/02/2026 08:45;0,034;0,034;;
03/02/2026 09:00;0,038;0,038;;
03/02/2026 09:15;0,033;0,033;;
03/02/2026 09:30;0,039;0,039;;
03/02/2026 09:45;0,045;0,045;;
03/02/2026 10:00;0,038;0,038;;
03/02/2026 10:15;0,037;0,037;;
03/02/2026 10:30;0,033;0,033;;
03/02/2026 10:45;0,049;0,049;;
03/02/2026 11:00;0,036;0,036;;
03/02/2026 11:15;0,035;0,035;;
03/02/2026 11:30;0,034;0,034;;
03/02/2026 11:45;0,036;0,036;;
03/02/2026 12:00;0,037;0,037;;
03/02/2026 12:15;0,032;0,032;;
03/02/2026 12:30;0,036;0,036;;
03/02/2026 12:45;0,037;0,037;;
03/02/2026 13:00;0,043;0,043;;
03/02/2026 13:15;0,036;0,036;;
03/02/2026 13:30;0,039;0,039;;
03/02/2026 13:45;0,038;0,038;;
03/02/2026 14:00;0,037;0,037;;
03/02/2026 14:15;0,043;0,043;;
03/02/2026 14:30;0,043;0,043;;
03/02/2026 14:45;0,033;0,033;;
03/02/2026 15:00;0,031;0,031;;
03/02/2026 15:15;0,044;0,044;;
03/02/2026 15:30;0,06;0,06;;
03/02/2026 15:45;0,075;0,075;;
03/02/2026 16:00;0,08;0,08;;
03/02/2026 16:15;0,043;0,043;;
03/02/2026 16:30;0,034;0,034;;
03/02/2026 16:45;0,241;0,241;;
03/02/2026 17:00;0,702;0,702;;
03/02/2026 17:15;0,7;0,7;;
03/02/2026 17:30;0,694;0,694;;
03/02/2026 17:45;0,701;0,701;;
03/02/2026 18:00;0,693;0,693;;
03/02/2026 18:15;0,691;0,691;;
03/02/2026 18:30;0,692;0,692;;
03/02/2026 18:45;0,7;0,7;;
03/02/2026 19:00;0,689;0,689;;
03/02/2026 19:15;0,687;0,687;;
03/02/2026 19:30;0,689;0,689;;
03/02/2026 19:45;0,693;0,693;;
03/02/2026 20:00;0,832;0,832;;
03/02/2026 20:15;0,804;0,804;;
03/02/2026 20:30;0,694;0,694;;
03/02/2026 20:45;0,689;0,689;;
03/02/2026 21:00;0,695;0,695;;
03/02/2026 21:15;0,699;0,699;;
03/02/2026 21:30;0,596;0,596;;
03/02/2026 21:45;0,365;0,365;;
03/02/2026 22:00;0,367;0,367;;
03/02/2026 22:15;0,371;0,371;;
03/02/2026 22:30;0,398;0,398;;
03/02/2026 22:45;0,413;0,413;;
03/02/2026 23:00;0,303;0,303;;
03/02/2026 23:15;0,04;0,04;;
03/02/2026 23:30;0,038;0,038;;
03/02/2026 23:45;0,043;0,043;;
04/02/2026 00:00;0,036;0,036;;
04/02/2026 00:15;0,033;0,033;;
04/02/2026 00:30;0,043;0,043;;
04/02/2026 00:45;0,051;0,051;;
04/02/2026 01:00;0,062;0,062;;
04/02/2026 01:15;0,068;0,068;;
04/02/2026 01:30;0,038;0,038;;
04/02/2026 01:45;0,045;0,045;;
04/02/2026 02:00;0,035;0,035;;
04/02/2026 02:15;0,033;0,033;;
04/02/2026 02:30;0,038;0,038;;
04/02/2026 02:45;0,046;0,046;;
04/02/2026 03:00;0,044;0,044;;
04/02/2026 03:15;0,035;0,035;;
04/02/2026 03:30;0,051;0,051;;
04/02/2026 03:45;0,046;0,046;;
04/02/2026 04:00;0,038;0,038;;
04/02/2026 04:15;0,036;0,036;;
04/02/2026 04:30;0,038;0,038;;
04/02/2026 04:45;0,039;0,039;;
04/02/2026 05:00;0,035;0,035;;
04/02/2026 05:15;0,049;0,049;;
04/02/2026 05:30;0,077;0,077;;
04/02/2026 05:45;0,081;0,081;;
04/02/2026 06:00;0,038;0,038;;
04/02/2026 06:15;0,039;0,039;;
04/02/2026 06:30;0,035;0,035;;
04/02/2026 06:45;0,037;0,037;;
04/02/2026 07:00;0,039;0,039;;
04/02/2026 07:15;0,039;0,039;;
04/02/2026 07:30;0,041;0,041;;
04/02/2026 07:45;0,046;0,046;;
04/02/2026 08:00;0,053;0,053;;
04/02/2026 08:15;0,041;0,041;;
04/02/2026 08:30;0,033;0,033;;
04/02/2026 08:45;0,034;0,034;;
04/02/2026 09:00;0,045;0,045;;
04/02/2026 09:15;0,035;0,035;;
04/02/2026 09:30;0,033;0,033;;
04/02/2026 09:45;0,042;0,042;;
04/02/2026 10:00;0,069;0,069;;
04/02/2026 10:15;0,084;0,084;;
04/02/2026 10:30;0,049;0,049;;
04/02/2026 10:45;0,036;0,036;;
04/02/2026 11:00;0,043;0,043;;
04/02/2026 11:15;0,035;0,035;;
04/02/2026 11:30;0,034;0,034;;
04/02/2026 11:45;0,064;0,064;;
04/02/2026 12:00;0,075;0,075;;
04/02/2026 12:15;0,056;0,056;;
04/02/2026 12:30;0,087;0,087;;
04/02/2026 12:45;0,106;0,106;;
04/02/2026 13:00;0,092;0,092;;
04/02/2026 13:15;0,041;0,041;;
04/02/2026 13:30;0,072;0,072;;
04/02/2026 13:45;0,051;0,051;;
04/02/2026 14:00;0,07;0,07;;
04/02/2026 14:15;0,037;0,037;;
04/02/2026 14:30;0,051;0,051;;
04/02/2026 14:45;0,084;0,084;;
04/02/2026 15:00;0,087;0,087;;
04/02/2026 15:15;0,036;0,036;;
04/02/2026 15:30;0,04;0,04;;
04/02/2026 15:45;0,074;0,074;;
04/02/2026 16:00;0,07;0,07;;
04/02/2026 16:15;0,041;0,041;;
04/02/2026 16:30;0,056;0,056;;
04/02/2026 16:45;0,278;0,278;;
04/02/2026 17:00;0,743;0,743;;
04/02/2026 17:15;0,743;0,743;;
04/02/2026 17:30;0,701;0,701;;
04/02/2026 17:45;0,702;0,702;;
04/02/2026 18:00;0,688;0,688;;
04/02/2026 18:15;0,874;0,874;;
04/02/2026 18:30;1,24;1,24;;
04/02/2026 18:45;1.217;1,217;;
04/02/2026 19:00;1,2;1,2;;
04/02/2026 19:15;1.189;1,189;;
04/02/2026 19:30;1,07;1,07;;
04/02/2026 19:45;1.142;1,142;;
04/02/2026 20:00;1.375;1,375;;
04/02/2026 20:15;1.438;1,438;;
04/02/2026 20:30;1.375;1,375;;
04/02/2026 20:45;1.371;1,371;;
04/02/2026 21:00;1.402;1,402;;
04/02/2026 21:15;1.385;1,385;;
04/02/2026 21:30;1.097;1,097;;
04/02/2026 21:45;0,717;0,717;;
04/02/2026 22:00;0,528;0,528;;
04/02/2026 22:15;0,401;0,401;;
04/02/2026 22:30;0,393;0,393;;
04/02/2026 22:45;0,4;0,4;;
04/02/2026 23:00;0,291;0,291;;
04/02/2026 23:15;0,032;0,032;;
04/02/2026 23:30;0,049;0,049;;
04/02/2026 23:45;0,049;0,049;;
05/02/2026 00:00;0,083;0,083;;
05/02/2026 00:15;0,035;0,035;;
05/02/2026 00:30;0,055;0,055;;
05/02/2026 00:45;0,052;0,052;;
05/02/2026 01:00;0,045;0,045;;
05/02/2026 01:15;0,034;0,034;;
05/02/2026 01:30;0,033;0,033;;
05/02/2026 01:45;0,088;0,088;;
05/02/2026 02:00;0,086;0,086;;
05/02/2026 02:15;0,058;0,058;;
05/02/2026 02:30;0,031;0,031;;
05/02/2026 02:45;0,037;0,037;;
05/02/2026 03:00;0,041;0,041;;
05/02/2026 03:15;0,036;0,036;;
05/02/2026 03:30;0,031;0,031;;
05/02/2026 03:45;0,038;0,038;;
05/02/2026 04:00;0,037;0,037;;
05/02/2026 04:15;0,039;0,039;;
05/02/2026 04:30;0,052;0,052;;
05/02/2026 04:45;0,086;0,086;;
05/02/2026 05:00;0,043;0,043;;
05/02/2026 05:15;0,037;0,037;;
05/02/2026 05:30;0,035;0,035;;
05/02/2026 05:45;0,035;0,035;;
05/02/2026 06:00;0,037;0,037;;
05/02/2026 06:15;0,046;0,046;;
05/02/2026 06:30;0,073;0,073;;
05/02/2026 06:45;0,072;0,072;;
05/02/2026 07:00;0,033;0,033;;
05/02/2026 07:15;0,038;0,038;;
05/02/2026 07:30;0,038;0,038;;
05/02/2026 07:45;0,031;0,031;;
05/02/2026 08:00;0,042;0,042;;
05/02/2026 08:15;0,039;0,039;;
05/02/2026 08:30;0,038;0,038;;
05/02/2026 08:45;0,04;0,04;;
05/02/2026 09:00;0,083;0,083;;
05/02/2026 09:15;0,085;0,085;;
05/02/2026 09:30;0,04;0,04;;
05/02/2026 09:45;0,046;0,046;;
05/02/2026 10:00;0,038;0,038;;
05/02/2026 10:15;0,038;0,038;;
05/02/2026 10:30;0,049;0,049;;
05/02/2026 10:45;0,043;0,043;;
05/02/2026 11:00;0,033;0,033;;
05/02/2026 11:15;0,045;0,045;;
05/02/2026 11:30;0,065;0,065;;
05/02/2026 11:45;0,077;0,077;;
05/02/2026 12:00;0,059;0,059;;
05/02/2026 12:15;0,044;0,044;;
05/02/2026 12:30;0,034;0,034;;
05/02/2026 12:45;0,031;0,031;;
05/02/2026 13:00;0,034;0,034;;
05/02/2026 13:15;0,043;0,043;;
05/02/2026 13:30;0,037;0,037;;
05/02/2026 13:45;0,052;0,052;;
05/02/2026 14:00;0,081;0,081;;
05/02/2026 14:15;0,04;0,04;;
05/02/2026 14:30;0,036;0,036;;
05/02/2026 14:45;0,032;0,032;;
05/02/2026 15:00;0,046;0,046;;
05/02/2026 15:15;0,045;0,045;;
05/02/2026 15:30;0,035;0,035;;
05/02/2026 15:45;0,036;0,036;;
05/02/2026 16:00;0,047;0,047;;
05/02/2026 16:15;0,083;0,083;;
05/02/2026 16:30;0,05;0,05;;
05/02/2026 16:45;0,246;0,246;;
05/02/2026 17:00;0,698;0,698;;
05/02/2026 17:15;0,691;0,691;;
05/02/2026 17:30;0,701;0,701;;
05/02/2026 17:45;0,7;0,7;;
05/02/2026 18:00;0,73;0,73;;
05/02/2026 18:15;0,932;0,932;;
05/02/2026 18:30;1.407;1,407;;
05/02/2026 18:45;1.415;1,415;;
05/02/2026 19:00;1.376;1,376;;
05/02/2026 19:15;1.372;1,372;;
05/02/2026 19:30;1.393;1,393;;
05/02/2026 19:45;1.403;1,403;;
05/02/2026 20:00;1.424;1,424;;
05/02/2026 20:15;1.385;1,385;;
05/02/2026 20:30;1.397;1,397;;
05/02/2026 20:45;1.674;1,674;;
05/02/2026 21:00;1,59;1,59;;
05/02/2026 21:15;1.374;1,374;;
05/02/2026 21:30;1.168;1,168;;
05/02/2026 21:45;0,714;0,714;;
05/02/2026 22:00;0,725;0,725;;
05/02/2026 22:15;0,714;0,714;;
05/02/2026 22:30;0,74;0,74;;
05/02/2026 22:45;0,709;0,709;;
05/02/2026 23:00;0,737;0,737;;
05/02/2026 23:15;0,351;0,351;;
05/02/2026 23:30;0,231;0,231;;
05/02/2026 23:45;0,247;0,247;;
06/02/2026 00:00;0,236;0,236;;
06/02/2026 00:15;0,09;0,09;;
06/02/2026 00:30;0,089;0,089;;
06/02/2026 00:45;0,038;0,038;;
06/02/2026 01:00;0,044;0,044;;
06/02/2026 01:15;0,08;0,08;;
06/02/2026 01:30;0,082;0,082;;
06/02/2026 01:45;0,038;0,038;;
06/02/2026 02:00;0,043;0,043;;
06/02/2026 02:15;0,091;0,091;;
06/02/2026 02:30;0,037;0,037;;
06/02/2026 02:45;0,05;0,05;;
06/02/2026 03:00;0,066;0,066;;
06/02/2026 03:15;0,032;0,032;;
06/02/2026 03:30;0,077;0,077;;
06/02/2026 03:45;0,078;0,078;;
06/02/2026 04:00;0,05;0,05;;
06/02/2026 04:15;0,035;0,035;;
06/02/2026 04:30;0,044;0,044;;
06/02/2026 04:45;0,113;0,113;;
06/02/2026 05:00;0,046;0,046;;
06/02/2026 05:15;0,035;0,035;;
06/02/2026 05:30;0,035;0,035;;
06/02/2026 05:45;0,049;0,049;;
06/02/2026 06:00;0,064;0,064;;
06/02/2026 06:15;0,077;0,077;;
06/02/2026 06:30;0,058;0,058;;
06/02/2026 06:45;0,033;0,033;;
06/02/2026 07:00;0,037;0,037;;
06/02/2026 07:15;0,039;0,039;;
06/02/2026 07:30;0,064;0,064;;
06/02/2026 07:45;0,047;0,047;;
06/02/2026 08:00;0,039;0,039;;
06/02/2026 08:15;0,05;0,05;;
06/02/2026 08:30;0,065;0,065;;
06/02/2026 08:45;0,049;0,049;;
06/02/2026 09:00;0,045;0,045;;
06/02/2026 09:15;0,087;0,087;;
06/02/2026 09:30;0,045;0,045;;
06/02/2026 09:45;0,031;0,031;;
06/02/2026 10:00;0,034;0,034;;
06/02/2026 10:15;0,045;0,045;;
06/02/2026 10:30;0,043;0,043;;
06/02/2026 10:45;0,076;0,076;;
06/02/2026 11:00;0,044;0,044;;
06/02/2026 11:15;0,044;0,044;;
06/02/2026 11:30;0,034;0,034;;
06/02/2026 11:45;0,031;0,031;;
06/02/2026 12:00;0,036;0,036;;
06/02/2026 12:15;0,066;0,066;;
06/02/2026 12:30;0,056;0,056;;
06/02/2026 12:45;0,04;0,04;;
06/02/2026 13:00;0,074;0,074;;
06/02/2026 13:15;0,053;0,053;;
06/02/2026 13:30;0,05;0,05;;
06/02/2026 13:45;0,081;0,081;;
06/02/2026 14:00;0,056;0,056;;
06/02/2026 14:15;0,063;0,063;;
06/02/2026 14:30;0,036;0,036;;
06/02/2026 14:45;0,068;0,068;;
06/02/2026 15:00;0,374;0,374;;
06/02/2026 15:15;0,392;0,392;;
06/02/2026 15:30;0,44;0,44;;
06/02/2026 15:45;0,37;0,37;;
06/02/2026 16:00;0,36;0,36;;
06/02/2026 16:15;0,399;0,399;;
06/02/2026 16:30;0,217;0,217;;
06/02/2026 16:45;0,042;0,042;;
06/02/2026 17:00;0,092;0,092;;
06/02/2026 17:15;0,05;0,05;;
06/02/2026 17:30;0,053;0,053;;
06/02/2026 17:45;0,076;0,076;;
06/02/2026 18:00;0,058;0,058;;
06/02/2026 18:15;0,171;0,171;;
06/02/2026 18:30;0,402;0,402;;
06/02/2026 18:45;0,364;0,364;;
06/02/2026 19:00;0,361;0,361;;
06/02/2026 19:15;0,409;0,409;;
06/02/2026 19:30;0,394;0,394;;
06/02/2026 19:45;0,374;0,374;;
06/02/2026 20:00;0,3;0,3;;
06/02/2026 20:15;0,031;0,031;;
06/02/2026 20:30;0,044;0,044;;
06/02/2026 20:45;0,079;0,079;;
06/02/2026 21:00;0,068;0,068;;
06/02/2026 21:15;0,031;0,031;;
06/02/2026 21:30;0,037;0,037;;
06/02/2026 21:45;0,041;0,041;;
06/02/2026 22:00;0,048;0,048;;
06/02/2026 22:15;0,076;0,076;;
06/02/2026 22:30;0,084;0,084;;
06/02/2026 22:45;0,064;0,064;;
06/02/2026 23:00;0,033;0,033;;
06/02/2026 23:15;0,038;0,038;;
06/02/2026 23:30;0,043;0,043;;
06/02/2026 23:45;0,077;0,077;;
07/02/2026 00:00;0,032;0,032;;
07/02/2026 00:15;0,048;0,048;;
07/02/2026 00:30;0,095;0,095;;
07/02/2026 00:45;0,072;0,072;;
07/02/2026 01:00;0,033;0,033;;
07/02/2026 01:15;0,031;0,031;;
07/02/2026 01:30;0,033;0,033;;
07/02/2026 01:45;0,043;0,043;;
07/02/2026 02:00;0,042;0,042;;
07/02/2026 02:15;0,033;0,033;;
07/02/2026 02:30;0,037;0,037;;
07/02/2026 02:45;0,059;0,059;;
07/02/2026 03:00;0,123;0,123;;
07/02/2026 03:15;0,068;0,068;;
07/02/2026 03:30;0,035;0,035;;
07/02/2026 03:45;0,035;0,035;;
07/02/2026 04:00;0,038;0,038;;
07/02/2026 04:15;0,036;0,036;;
07/02/2026 04:30;0,034;0,034;;
07/02/2026 04:45;0,034;0,034;;
07/02/2026 05:00;0,05;0,05;;
07/02/2026 05:15;0,079;0,079;;
07/02/2026 05:30;0,054;0,054;;
07/02/2026 05:45;0,033;0,033;;
07/02/2026 06:00;0,041;0,041;;
07/02/2026 06:15;0,038;0,038;;
07/02/2026 06:30;0,032;0,032;;
07/02/2026 06:45;0,031;0,031;;
07/02/2026 07:00;0,048;0,048;;
07/02/2026 07:15;0,054;0,054;;
07/02/2026 07:30;0,101;0,101;;
07/02/2026 07:45;0,085;0,085;;
07/02/2026 08:00;0,044;0,044;;
07/02/2026 08:15;0,037;0,037;;
07/02/2026 08:30;0,031;0,031;;
07/02/2026 08:45;0,034;0,034;;
07/02/2026 09:00;0,04;0,04;;
07/02/2026 09:15;0,035;0,035;;
07/02/2026 09:30;0,037;0,037;;
07/02/2026 09:45;0,045;0,045;;
07/02/2026 10:00;0,041;0,041;;
07/02/2026 10:15;0,085;0,085;;
07/02/2026 10:30;0,039;0,039;;
07/02/2026 10:45;0,038;0,038;;
07/02/2026 11:00;0,034;0,034;;
07/02/2026 11:15;0,038;0,038;;
07/02/2026 11:30;0,046;0,046;;
07/02/2026 11:45;0,077;0,077;;
07/02/2026 12:00;0,1;0,1;;
07/02/2026 12:15;0,096;0,096;;
07/02/2026 12:30;0,086;0,086;;
07/02/2026 12:45;0,072;0,072;;
07/02/2026 13:00;0,07;0,07;;
07/02/2026 13:15;0,052;0,052;;
07/02/2026 13:30;0,085;0,085;;
07/02/2026 13:45;0,06;0,06;;
07/02/2026 14:00;0,045;0,045;;
07/02/2026 14:15;0,05;0,05;;
07/02/2026 14:30;0,09;0,09;;
07/02/2026 14:45;0,062;0,062;;
07/02/2026 15:00;0,038;0,038;;
07/02/2026 15:15;0,069;0,069;;
07/02/2026 15:30;0,038;0,038;;
07/02/2026 15:45;0,217;0,217;;
07/02/2026 16:00;0,258;0,258;;
07/02/2026 16:15;0,236;0,236;;
07/02/2026 16:30;0,411;0,411;;
07/02/2026 16:45;0,429;0,429;;
07/02/2026 17:00;0,118;0,118;;
07/02/2026 17:15;0,039;0,039;;
07/02/2026 17:30;0,089;0,089;;
07/02/2026 17:45;0,058;0,058;;
07/02/2026 18:00;0,032;0,032;;
07/02/2026 18:15;0,032;0,032;;
07/02/2026 18:30;0,072;0,072;;
07/02/2026 18:45;0,082;0,082;;
07/02/2026 19:00;0,054;0,054;;
07/02/2026 19:15;0,06;0,06;;
07/02/2026 19:30;0,037;0,037;;
07/02/2026 19:45;0,041;0,041;;
07/02/2026 20:00;0,078;0,078;;
07/02/2026 20:15;0,062;0,062;;
07/02/2026 20:30;0,046;0,046;;
07/02/2026 20:45;0,07;0,07;;
07/02/2026 21:00;0,082;0,082;;
07/02/2026 21:15;0,05;0,05;;
07/02/2026 21:30;0,075;0,075;;
07/02/2026 21:45;0,039;0,039;;
07/02/2026 22:00;0,033;0,033;;
07/02/2026 22:15;0,032;0,032;;
07/02/2026 22:30;0,106;0,106;;
07/02/2026 22:45;0,045;0,045;;
07/02/2026 23:00;0,034;0,034;;
07/02/2026 23:15;0,031;0,031;;
07/02/2026 23:30;0,043;0,043;;
07/02/2026 23:45;0,081;0,081;;
08/02/2026 00:00;0,056;0,056;;
08/02/2026 00:15;0,033;0,033;;
08/02/2026 00:30;0,032;0,032;;
08/02/2026 00:45;0,04;0,04;;
08/02/2026 01:00;0,049;0,049;;
08/02/2026 01:15;0,098;0,098;;
08/02/2026 01:30;0,074;0,074;;
08/02/2026 01:45;0,043;0,043;;
08/02/2026 02:00;0,041;0,041;;
08/02/2026 02:15;0,061;0,061;;
08/02/2026 02:30;0,051;0,051;;
08/02/2026 02:45;0,04;0,04;;
08/02/2026 03:00;0,038;0,038;;
08/02/2026 03:15;0,035;0,035;;
08/02/2026 03:30;0,038;0,038;;
08/02/2026 03:45;0,032;0,032;;
08/02/2026 04:00;0,042;0,042;;
08/02/2026 04:15;0,045;0,045;;
08/02/2026 04:30;0,035;0,035;;
08/02/2026 04:45;0,033;0,033;;
08/02/2026 05:00;0,037;0,037;;
08/02/2026 05:15;0,045;0,045;;
08/02/2026 05:30;0,044;0,044;;
08/02/2026 05:45;0,033;0,033;;
08/02/2026 06:00;0,036;0,036;;
08/02/2026 06:15;0,042;0,042;;
08/02/2026 06:30;0,044;0,044;;
08/02/2026 06:45;0,074;0,074;;
08/02/2026 07:00;0,07;0,07;;
08/02/2026 07:15;0,042;0,042;;
08/02/2026 07:30;0,031;0,031;;
08/02/2026 07:45;0,032;0,032;;
08/02/2026 08:00;0,042;0,042;;
08/02/2026 08:15;0,036;0,036;;
08/02/2026 08:30;0,033;0,033;;
08/02/2026 08:45;0,047;0,047;;
08/02/2026 09:00;0,041;0,041;;
08/02/2026 09:15;0,033;0,033;;
08/02/2026 09:30;0,035;0,035;;
08/02/2026 09:45;0,041;0,041;;
08/02/2026 10:00;0,048;0,048;;
08/02/2026 10:15;0,032;0,032;;
08/02/2026 10:30;0,038;0,038;;
08/02/2026 10:45;0,034;0,034;;
08/02/2026 11:00;0,061;0,061;;
08/02/2026 11:15;0,062;0,062;;
08/02/2026 11:30;0,082;0,082;;
08/02/2026 11:45;0,041;0,041;;
08/02/2026 12:00;0,036;0,036;;
08/02/2026 12:15;0,036;0,036;;
08/02/2026 12:30;0,039;0,039;;
08/02/2026 12:45;0,092;0,092;;
08/02/2026 13:00;0,083;0,083;;
08/02/2026 13:15;0,046;0,046;;
08/02/2026 13:30;0,057;0,057;;
08/02/2026 13:45;0,071;0,071;;
08/02/2026 14:00;0,032;0,032;;
08/02/2026 14:15;0,056;0,056;;
08/02/2026 14:30;0,079;0,079;;
08/02/2026 14:45;0,081;0,081;;
08/02/2026 15:00;0,076;0,076;;
08/02/2026 15:15;0,054;0,054;;
08/02/2026 15:30;0,099;0,099;;
08/02/2026 15:45;0,051;0,051;;
08/02/2026 16:00;0,093;0,093;;
08/02/2026 16:15;0,079;0,079;;
08/02/2026 16:30;0,066;0,066;;
08/02/2026 16:45;0,7;0,7;;
08/02/2026 17:00;1.058;1,058;;
08/02/2026 17:15;0,742;0,742;;
08/02/2026 17:30;0,791;0,791;;
08/02/2026 17:45;0,764;0,764;;
08/02/2026 18:00;0,743;0,743;;
08/02/2026 18:15;0,913;0,913;;
08/02/2026 18:30;0,766;0,766;;
08/02/2026 18:45;0,736;0,736;;
08/02/2026 19:00;1.139;1,139;;
08/02/2026 19:15;1.125;1,125;;
08/02/2026 19:30;1.103;1,103;;
08/02/2026 19:45;1.114;1,114;;
08/02/2026 20:00;1.021;1,021;;
08/02/2026 20:15;0,753;0,753;;
08/02/2026 20:30;0,763;0,763;;
08/02/2026 20:45;0,793;0,793;;
08/02/2026 21:00;0,769;0,769;;
08/02/2026 21:15;0,738;0,738;;
08/02/2026 21:30;0,591;0,591;;
08/02/2026 21:45;0,043;0,043;;
08/02/2026 22:00;0,04;0,04;;
08/02/2026 22:15;0,065;0,065;;
08/02/2026 22:30;0,071;0,071;;
08/02/2026 22:45;0,061;0,061;;
08/02/2026 23:00;0,09;0,09;;
08/02/2026 23:15;0,103;0,103;;
08/02/2026 23:30;0,082;0,082;;
08/02/2026 23:45;0,06;0,06;;
09/02/2026 00:00;0,047;0,047;;
09/02/2026 00:15;0,044;0,044;;
09/02/2026 00:30;0,047;0,047;;
09/02/2026 00:45;0,045;0,045;;
09/02/2026 01:00;0,092;0,092;;
09/02/2026 01:15;0,047;0,047;;
09/02/2026 01:30;0,043;0,043;;
09/02/2026 01:45;0,042;0,042;;
09/02/2026 02:00;0,042;0,042;;
09/02/2026 02:15;0,043;0,043;;
09/02/2026 02:30;0,044;0,044;;
09/02/2026 02:45;0,045;0,045;;
09/02/2026 03:00;0,045;0,045;;
09/02/2026 03:15;0,049;0,049;;
09/02/2026 03:30;0,052;0,052;;
09/02/2026 03:45;0,055;0,055;;
09/02/2026 04:00;0,085;0,085;;
09/02/2026 04:15;0,059;0,059;;
09/02/2026 04:30;0,039;0,039;;
09/02/2026 04:45;0,048;0,048;;
09/02/2026 05:00;0,042;0,042;;
09/02/2026 05:15;0,037;0,037;;
09/02/2026 05:30;0,044;0,044;;
09/02/2026 05:45;0,07;0,07;;
09/02/2026 06:00;0,086;0,086;;
09/02/2026 06:15;0,084;0,084;;
09/02/2026 06:30;0,089;0,089;;
09/02/2026 06:45;0,069;0,069;;
09/02/2026 07:00;0,04;0,04;;
09/02/2026 07:15;0,036;0,036;;
09/02/2026 07:30;0,04;0,04;;
09/02/2026 07:45;0,051;0,051;;
09/02/2026 08:00;0,055;0,055;;
09/02/2026 08:15;0,047;0,047;;
09/02/2026 08:30;0,041;0,041;;
09/02/2026 08:45;0,047;0,047;;
09/02/2026 09:00;0,041;0,041;;
09/02/2026 09:15;0,037;0,037;;
09/02/2026 09:30;0,041;0,041;;
09/02/2026 09:45;0,044;0,044;;
09/02/2026 10:00;0,04;0,04;;
09/02/2026 10:15;0,049;0,049;;
09/02/2026 10:30;0,047;0,047;;
09/02/2026 10:45;0,044;0,044;;
09/02/2026 11:00;0,044;0,044;;
09/02/2026 11:15;0,068;0,068;;
09/02/2026 11:30;0,066;0,066;;
09/02/2026 11:45;0,045;0,045;;
09/02/2026 12:00;0,044;0,044;;
09/02/2026 12:15;0,046;0,046;;
09/02/2026 12:30;0,055;0,055;;
09/02/2026 12:45;0,047;0,047;;
09/02/2026 13:00;0,039;0,039;;
09/02/2026 13:15;0,046;0,046;;
09/02/2026 13:30;0,036;0,036;;
09/02/2026 13:45;0,034;0,034;;
09/02/2026 14:00;0,039;0,039;;
09/02/2026 14:15;0,044;0,044;;
09/02/2026 14:30;0,034;0,034;;
09/02/2026 14:45;0,043;0,043;;
09/02/2026 15:00;0,066;0,066;;
09/02/2026 15:15;0,094;0,094;;
09/02/2026 15:30;0,09;0,09;;
09/02/2026 15:45;0,101;0,101;;
09/02/2026 16:00;0,118;0,118;;
09/02/2026 16:15;0,067;0,067;;
09/02/2026 16:30;0,042;0,042;;
09/02/2026 16:45;0,043;0,043;;
09/02/2026 17:00;0,059;0,059;;
09/02/2026 17:15;0,082;0,082;;
09/02/2026 17:30;0,083;0,083;;
09/02/2026 17:45;0,055;0,055;;
09/02/2026 18:00;0,039;0,039;;
09/02/2026 18:15;0,527;0,527;;
09/02/2026 18:30;1.434;1,434;;
09/02/2026 18:45;1.378;1,378;;
09/02/2026 19:00;1.381;1,381;;
09/02/2026 19:15;1.377;1,377;;
09/02/2026 19:30;1.382;1,382;;
09/02/2026 19:45;1.422;1,422;;
09/02/2026 20:00;1.432;1,432;;
09/02/2026 20:15;1.422;1,422;;
09/02/2026 20:30;1.383;1,383;;
09/02/2026 20:45;1,37;1,37;;
09/02/2026 21:00;1.362;1,362;;
09/02/2026 21:15;1,37;1,37;;
09/02/2026 21:30;1.123;1,123;;
09/02/2026 21:45;0,316;0,316;;
09/02/2026 22:00;0,079;0,079;;
09/02/2026 22:15;0,039;0,039;;
09/02/2026 22:30;0,043;0,043;;
09/02/2026 22:45;0,036;0,036;;
09/02/2026 23:00;0,034;0,034;;
09/02/2026 23:15;0,042;0,042;;
09/02/2026 23:30;0,043;0,043;;
09/02/2026 23:45;0,034;0,034;;
10/02/2026 00:00;0,04;0,04;;
10/02/2026 00:15;0,053;0,053;;
10/02/2026 00:30;0,042;0,042;;
10/02/2026 00:45;0,034;0,034;;
10/02/2026 01:00;0,034;0,034;;
10/02/2026 01:15;0,044;0,044;;
10/02/2026 01:30;0,041;0,041;;
10/02/2026 01:45;0,038;0,038;;
10/02/2026 02:00;0,045;0,045;;
10/02/2026 02:15;0,049;0,049;;
10/02/2026 02:30;0,048;0,048;;
10/02/2026 02:45;0,034;0,034;;
10/02/2026 03:00;0,039;0,039;;
10/02/2026 03:15;0,042;0,042;;
10/02/2026 03:30;0,034;0,034;;
10/02/2026 03:45;0,034;0,034;;
10/02/2026 04:00;0,045;0,045;;
10/02/2026 04:15;0,037;0,037;;
10/02/2026 04:30;0,033;0,033;;
10/02/2026 04:45;0,051;0,051;;
10/02/2026 05:00;0,044;0,044;;
10/02/2026 05:15;0,034;0,034;;
10/02/2026 05:30;0,037;0,037;;
10/02/2026 05:45;0,039;0,039;;
10/02/2026 06:00;0,042;0,042;;
10/02/2026 06:15;0,043;0,043;;
10/02/2026 06:30;0,05;0,05;;
10/02/2026 06:45;0,038;0,038;;
10/02/2026 07:00;0,045;0,045;;
10/02/2026 07:15;0,046;0,046;;
10/02/2026 07:30;0,033;0,033;;
10/02/2026 07:45;0,04;0,04;;
10/02/2026 08:00;0,04;0,04;;
10/02/2026 08:15;0,035;0,035;;
10/02/2026 08:30;0,181;0,181;;
10/02/2026 08:45;0,223;0,223;;
10/02/2026 09:00;0,218;0,218;;
10/02/2026 09:15;0,214;0,214;;
10/02/2026 09:30;0,219;0,219;;
10/02/2026 09:45;0,22;0,22;;
10/02/2026 10:00;0,219;0,219;;
10/02/2026 10:15;0,212;0,212;;
10/02/2026 10:30;0,217;0,217;;
10/02/2026 10:45;0,1;0,1;;
10/02/2026 11:00;0,049;0,049;;
10/02/2026 11:15;0,035;0,035;;
10/02/2026 11:30;0,043;0,043;;
10/02/2026 11:45;0,049;0,049;;
10/02/2026 12:00;0,083;0,083;;
10/02/2026 12:15;0,082;0,082;;
10/02/2026 12:30;0,089;0,089;;
10/02/2026 12:45;0,087;0,087;;
10/02/2026 13:00;0,059;0,059;;
10/02/2026 13:15;0,041;0,041;;
10/02/2026 13:30;0,039;0,039;;
10/02/2026 13:45;0,033;0,033;;
10/02/2026 14:00;0,051;0,051;;
10/02/2026 14:15;0,045;0,045;;
10/02/2026 14:30;0,036;0,036;;
10/02/2026 14:45;0,034;0,034;;
10/02/2026 15:00;0,044;0,044;;
10/02/2026 15:15;0,057;0,057;;
10/02/2026 15:30;0,08;0,08;;
10/02/2026 15:45;0,128;0,128;;
10/02/2026 16:00;0,085;0,085;;
10/02/2026 16:15;0,05;0,05;;
10/02/2026 16:30;0,04;0,04;;
10/02/2026 16:45;0,762;0,762;;
10/02/2026 17:00;1.439;1,439;;
10/02/2026 17:15;1.377;1,377;;
10/02/2026 17:30;1.364;1,364;;
10/02/2026 17:45;1.365;1,365;;
10/02/2026 18:00;1.367;1,367;;
10/02/2026 18:15;1.363;1,363;;
10/02/2026 18:30;1.488;1,488;;
10/02/2026 18:45;1.642;1,642;;
10/02/2026 19:00;1.704;1,704;;
10/02/2026 19:15;1,61;1,61;;
10/02/2026 19:30;1.412;1,412;;
10/02/2026 19:45;1.369;1,369;;
10/02/2026 20:00;1.294;1,294;;
10/02/2026 20:15;1.081;1,081;;
10/02/2026 20:30;1.068;1,068;;
10/02/2026 20:45;1.036;1,036;;
10/02/2026 21:00;1.041;1,041;;
10/02/2026 21:15;1.066;1,066;;
10/02/2026 21:30;0,873;0,873;;
10/02/2026 21:45;0,377;0,377;;
10/02/2026 22:00;0,222;0,222;;
10/02/2026 22:15;0,071;0,071;;
10/02/2026 22:30;0,047;0,047;;
10/02/2026 22:45;0,034;0,034;;
10/02/2026 23:00;0,037;0,037;;
10/02/2026 23:15;0,057;0,057;;
10/02/2026 23:30;0,078;0,078;;
10/02/2026 23:45;0,121;0,121;;
11/02/2026 00:00;0,05;0,05;;
11/02/2026 00:15;0,05;0,05;;
11/02/2026 00:30;0,081;0,081;;
11/02/2026 00:45;0,041;0,041;;
11/02/2026 01:00;0,037;0,037;;
11/02/2026 01:15;0,041;0,041;;
11/02/2026 01:30;0,048;0,048;;
11/02/2026 01:45;0,058;0,058;;
11/02/2026 02:00;0,121;0,121;;
11/02/2026 02:15;0,082;0,082;;
11/02/2026 02:30;0,038;0,038;;
11/02/2026 02:45;0,034;0,034;;
11/02/2026 03:00;0,035;0,035;;
11/02/2026 03:15;0,047;0,047;;
11/02/2026 03:30;0,046;0,046;;
11/02/2026 03:45;0,053;0,053;;
11/02/2026 04:00;0,072;0,072;;
11/02/2026 04:15;0,082;0,082;;
11/02/2026 04:30;0,105;0,105;;
11/02/2026 04:45;0,053;0,053;;
11/02/2026 05:00;0,075;0,075;;
11/02/2026 05:15;0,039;0,039;;
11/02/2026 05:30;0,041;0,041;;
11/02/2026 05:45;0,042;0,042;;
11/02/2026 06:00;0,042;0,042;;
11/02/2026 06:15;0,048;0,048;;
11/02/2026 06:30;0,064;0,064;;
11/02/2026 06:45;0,104;0,104;;
11/02/2026 07:00;0,082;0,082;;
11/02/2026 07:15;0,043;0,043;;
11/02/2026 07:30;0,044;0,044;;
11/02/2026 07:45;0,039;0,039;;
11/02/2026 08:00;0,034;0,034;;
11/02/2026 08:15;0,036;0,036;;
11/02/2026 08:30;0,056;0,056;;
11/02/2026 08:45;0,055;0,055;;
11/02/2026 09:00;0,101;0,101;;
11/02/2026 09:15;0,09;0,09;;
11/02/2026 09:30;0,081;0,081;;
11/02/2026 09:45;0,047;0,047;;
11/02/2026 10:00;0,039;0,039;;
11/02/2026 10:15;0,034;0,034;;
11/02/2026 10:30;0,039;0,039;;
11/02/2026 10:45;0,045;0,045;;
11/02/2026 11:00;0,097;0,097;;
11/02/2026 11:15;0,092;0,092;;
11/02/2026 11:30;0,076;0,076;;
11/02/2026 11:45;0,042;0,042;;
11/02/2026 12:00;0,036;0,036;;
11/02/2026 12:15;0,06;0,06;;
11/02/2026 12:30;0,06;0,06;;
11/02/2026 12:45;0,042;0,042;;
11/02/2026 13:00;0,049;0,049;;
11/02/2026 13:15;0,058;0,058;;
11/02/2026 13:30;0,105;0,105;;
11/02/2026 13:45;0,132;0,132;;
11/02/2026 14:00;0,277;0,277;;
11/02/2026 14:15;0,375;0,375;;
11/02/2026 14:30;0,373;0,373;;
11/02/2026 14:45;0,371;0,371;;
11/02/2026 15:00;0,31;0,31;;
11/02/2026 15:15;0,062;0,062;;
11/02/2026 15:30;0,052;0,052;;
11/02/2026 15:45;0,051;0,051;;
11/02/2026 16:00;0,121;0,121;;
11/02/2026 16:15;0,042;0,042;;
11/02/2026 16:30;0,046;0,046;;
11/02/2026 16:45;0,303;0,303;;
11/02/2026 17:00;0,732;0,732;;
11/02/2026 17:15;0,742;0,742;;
11/02/2026 17:30;0,728;0,728;;
11/02/2026 17:45;0,713;0,713;;
11/02/2026 18:00;0,704;0,704;;
11/02/2026 18:15;0,873;0,873;;
11/02/2026 18:30;1.074;1,074;;
11/02/2026 18:45;1.043;1,043;;
11/02/2026 19:00;1.037;1,037;;
11/02/2026 19:15;0,991;0,991;;
11/02/2026 19:30;0,938;0,938;;
11/02/2026 19:45;0,968;0,968;;
11/02/2026 20:00;0,926;0,926;;
11/02/2026 20:15;0,755;0,755;;
11/02/2026 20:30;0,762;0,762;;
11/02/2026 20:45;0,755;0,755;;
11/02/2026 21:00;0,894;0,894;;
11/02/2026 21:15;0,851;0,851;;
11/02/2026 21:30;0,882;0,882;;
11/02/2026 21:45;0,833;0,833;;
11/02/2026 22:00;0,751;0,751;;
11/02/2026 22:15;0,706;0,706;;
11/02/2026 22:30;0,723;0,723;;
11/02/2026 22:45;0,807;0,807;;
11/02/2026 23:00;0,545;0,545;;
11/02/2026 23:15;0,046;0,046;;
11/02/2026 23:30;0,071;0,071;;
11/02/2026 23:45;0,108;0,108;;
12/02/2026 00:00;0,081;0,081;;
12/02/2026 00:15;0,056;0,056;;
12/02/2026 00:30;0,07;0,07;;
12/02/2026 00:45;0,059;0,059;;
12/02/2026 01:00;0,087;0,087;;
12/02/2026 01:15;0,134;0,134;;
12/02/2026 01:30;0,042;0,042;;
12/02/2026 01:45;0,04;0,04;;
12/02/2026 02:00;0,043;0,043;;
12/02/2026 02:15;0,096;0,096;;
12/02/2026 02:30;0,081;0,081;;
12/02/2026 02:45;0,052;0,052;;
12/02/2026 03:00;0,058;0,058;;
12/02/2026 03:15;0,086;0,086;;
12/02/2026 03:30;0,076;0,076;;
12/02/2026 03:45;0,072;0,072;;
12/02/2026 04:00;0,047;0,047;;
12/02/2026 04:15;0,073;0,073;;
12/02/2026 04:30;0,036;0,036;;
12/02/2026 04:45;0,037;0,037;;
12/02/2026 05:00;0,047;0,047;;
12/02/2026 05:15;0,106;0,106;;
12/02/2026 05:30;0,051;0,051;;
12/02/2026 05:45;0,068;0,068;;
12/02/2026 06:00;0,088;0,088;;
12/02/2026 06:15;0,036;0,036;;
12/02/2026 06:30;0,076;0,076;;
12/02/2026 06:45;0,041;0,041;;
12/02/2026 07:00;0,041;0,041;;
12/02/2026 07:15;0,043;0,043;;
12/02/2026 07:30;0,049;0,049;;
12/02/2026 07:45;0,088;0,088;;
12/02/2026 08:00;0,072;0,072;;
12/02/2026 08:15;0,087;0,087;;
12/02/2026 08:30;0,068;0,068;;
12/02/2026 08:45;0,034;0,034;;
12/02/2026 09:00;0,305;0,305;;
12/02/2026 09:15;0,388;0,388;;
12/02/2026 09:30;0,366;0,366;;
12/02/2026 09:45;0,361;0,361;;
12/02/2026 10:00;0,378;0,378;;
12/02/2026 10:15;0,304;0,304;;
12/02/2026 10:30;0,08;0,08;;
12/02/2026 10:45;0,107;0,107;;
12/02/2026 11:00;0,085;0,085;;
12/02/2026 11:15;0,039;0,039;;
12/02/2026 11:30;0,034;0,034;;
12/02/2026 11:45;0,05;0,05;;
12/02/2026 12:00;0,066;0,066;;
12/02/2026 12:15;0,077;0,077;;
12/02/2026 12:30;0,063;0,063;;
12/02/2026 12:45;0,085;0,085;;
12/02/2026 13:00;0,092;0,092;;
12/02/2026 13:15;0,048;0,048;;
12/02/2026 13:30;0,073;0,073;;
12/02/2026 13:45;0,065;0,065;;
12/02/2026 14:00;0,091;0,091;;
12/02/2026 14:15;0,087;0,087;;
12/02/2026 14:30;0,068;0,068;;
12/02/2026 14:45;0,063;0,063;;
12/02/2026 15:00;0,085;0,085;;
12/02/2026 15:15;0,095;0,095;;
12/02/2026 15:30;0,057;0,057;;
12/02/2026 15:45;0,072;0,072;;
12/02/2026 16:00;0,06;0,06;;
12/02/2026 16:15;0,107;0,107;;
12/02/2026 16:30;0,074;0,074;;
12/02/2026 16:45;0,16;0,16;;
12/02/2026 17:00;0,385;0,385;;
12/02/2026 17:15;0,417;0,417;;
12/02/2026 17:30;0,453;0,453;;
12/02/2026 17:45;0,37;0,37;;
12/02/2026 18:00;0,36;0,36;;
12/02/2026 18:15;0,59;0,59;;
12/02/2026 18:30;1.135;1,135;;
12/02/2026 18:45;1.063;1,063;;
12/02/2026 19:00;1.031;1,031;;
12/02/2026 19:15;1,05;1,05;;
12/02/2026 19:30;1.083;1,083;;
12/02/2026 19:45;1.102;1,102;;
12/02/2026 20:00;0,949;0,949;;
12/02/2026 20:15;0,692;0,692;;
12/02/2026 20:30;0,695;0,695;;
12/02/2026 20:45;0,699;0,699;;
12/02/2026 21:00;0,726;0,726;;
12/02/2026 21:15;0,701;0,701;;
12/02/2026 21:30;0,497;0,497;;
12/02/2026 21:45;0,058;0,058;;
12/02/2026 22:00;0,085;0,085;;
12/02/2026 22:15;0,117;0,117;;
12/02/2026 22:30;0,041;0,041;;
12/02/2026 22:45;0,035;0,035;;
12/02/2026 23:00;0,031;0,031;;
12/02/2026 23:15;0,033;0,033;;
12/02/2026 23:30;0,056;0,056;;
12/02/2026 23:45;0,072;0,072;;
13/02/2026 00:00;0,043;0,043;;
13/02/2026 00:15;0,051;0,051;;
13/02/2026 00:30;0,087;0,087;;
13/02/2026 00:45;0,086;0,086;;
13/02/2026 01:00;0,042;0,042;;
13/02/2026 01:15;0,041;0,041;;
13/02/2026 01:30;0,081;0,081;;
13/02/2026 01:45;0,046;0,046;;
13/02/2026 02:00;0,036;0,036;;
13/02/2026 02:15;0,05;0,05;;
13/02/2026 02:30;0,039;0,039;;
13/02/2026 02:45;0,037;0,037;;
13/02/2026 03:00;0,031;0,031;;
13/02/2026 03:15;0,035;0,035;;
13/02/2026 03:30;0,042;0,042;;
13/02/2026 03:45;0,041;0,041;;
13/02/2026 04:00;0,033;0,033;;
13/02/2026 04:15;0,032;0,032;;
13/02/2026 04:30;0,041;0,041;;
13/02/2026 04:45;0,076;0,076;;
13/02/2026 05:00;0,086;0,086;;
13/02/2026 05:15;0,087;0,087;;
13/02/2026 05:30;0,065;0,065;;
13/02/2026 05:45;0,089;0,089;;
13/02/2026 06:00;0,135;0,135;;
13/02/2026 06:15;0,053;0,053;;
13/02/2026 06:30;0,04;0,04;;
13/02/2026 06:45;0,05;0,05;;
13/02/2026 07:00;0,05;0,05;;
13/02/2026 07:15;0,037;0,037;;
13/02/2026 07:30;0,031;0,031;;
13/02/2026 07:45;0,039;0,039;;
13/02/2026 08:00;0,044;0,044;;
13/02/2026 08:15;0,033;0,033;;
13/02/2026 08:30;0,031;0,031;;
13/02/2026 08:45;0,039;0,039;;
13/02/2026 09:00;0,218;0,218;;
13/02/2026 09:15;0,319;0,319;;
13/02/2026 09:30;0,252;0,252;;
13/02/2026 09:45;0,157;0,157;;
13/02/2026 10:00;0,048;0,048;;
13/02/2026 10:15;0,096;0,096;;
13/02/2026 10:30;0,135;0,135;;
13/02/2026 10:45;0,088;0,088;;
13/02/2026 11:00;0,037;0,037;;
13/02/2026 11:15;0,034;0,034;;
13/02/2026 11:30;0,048;0,048;;
13/02/2026 11:45;0,037;0,037;;
13/02/2026 12:00;0,06;0,06;;
13/02/2026 12:15;0,09;0,09;;
13/02/2026 12:30;0,046;0,046;;
13/02/2026 12:45;0,031;0,031;;
13/02/2026 13:00;0,039;0,039;;
13/02/2026 13:15;0,04;0,04;;
13/02/2026 13:30;0,032;0,032;;
13/02/2026 13:45;0,077;0,077;;
13/02/2026 14:00;0,066;0,066;;
13/02/2026 14:15;0,075;0,075;;
13/02/2026 14:30;0,093;0,093;;
13/02/2026 14:45;0,077;0,077;;
13/02/2026 15:00;0,066;0,066;;
13/02/2026 15:15;0,037;0,037;;
13/02/2026 15:30;0,031;0,031;;
13/02/2026 15:45;0,034;0,034;;
13/02/2026 16:00;0,048;0,048;;
13/02/2026 16:15;0,047;0,047;;
13/02/2026 16:30;0,031;0,031;;
13/02/2026 16:45;0,658;0,658;;
13/02/2026 17:00;0,749;0,749;;
13/02/2026 17:15;0,708;0,708;;
13/02/2026 17:30;0,69;0,69;;
13/02/2026 17:45;0,742;0,742;;
13/02/2026 18:00;0,698;0,698;;
13/02/2026 18:15;0,701;0,701;;
13/02/2026 18:30;0,707;0,707;;
13/02/2026 18:45;0,696;0,696;;
13/02/2026 19:00;0,699;0,699;;
13/02/2026 19:15;0,727;0,727;;
13/02/2026 19:30;0,712;0,712;;
13/02/2026 19:45;0,69;0,69;;
13/02/2026 20:00;0,7;0,7;;
13/02/2026 20:15;0,705;0,705;;
13/02/2026 20:30;0,698;0,698;;
13/02/2026 20:45;0,699;0,699;;
13/02/2026 21:00;0,692;0,692;;
13/02/2026 21:15;0,697;0,697;;
13/02/2026 21:30;0,694;0,694;;
13/02/2026 21:45;0,69;0,69;;
13/02/2026 22:00;0,689;0,689;;
13/02/2026 22:15;0,699;0,699;;
13/02/2026 22:30;0,695;0,695;;
13/02/2026 22:45;0,689;0,689;;
13/02/2026 23:00;0,699;0,699;;
13/02/2026 23:15;0,73;0,73;;
13/02/2026 23:30;0,75;0,75;;
13/02/2026 23:45;0,737;0,737;;
14/02/2026 00:00;0,742;0,742;;
14/02/2026 00:15;0,702;0,702;;
14/02/2026 00:30;0,696;0,696;;
14/02/2026 00:45;0,689;0,689;;
14/02/2026 01:00;0,695;0,695;;
14/02/2026 01:15;0,697;0,697;;
14/02/2026 01:30;0,704;0,704;;
14/02/2026 01:45;0,69;0,69;;
14/02/2026 02:00;0,695;0,695;;
14/02/2026 02:15;0,689;0,689;;
14/02/2026 02:30;0,695;0,695;;
14/02/2026 02:45;0,692;0,692;;
14/02/2026 03:00;0,692;0,692;;
14/02/2026 03:15;0,693;0,693;;
14/02/2026 03:30;0,694;0,694;;
14/02/2026 03:45;0,713;0,713;;
14/02/2026 04:00;0,702;0,702;;
14/02/2026 04:15;0,694;0,694;;
14/02/2026 04:30;0,69;0,69;;
14/02/2026 04:45;0,696;0,696;;
14/02/2026 05:00;0,695;0,695;;
14/02/2026 05:15;0,69;0,69;;
14/02/2026 05:30;0,693;0,693;;
14/02/2026 05:45;0,698;0,698;;
14/02/2026 06:00;0,703;0,703;;
14/02/2026 06:15;0,692;0,692;;
14/02/2026 06:30;0,696;0,696;;
14/02/2026 06:45;0,697;0,697;;
14/02/2026 07:00;0,689;0,689;;
14/02/2026 07:15;0,689;0,689;;
14/02/2026 07:30;0,701;0,701;;
14/02/2026 07:45;0,689;0,689;;
14/02/2026 08:00;0,689;0,689;;
14/02/2026 08:15;0,712;0,712;;
14/02/2026 08:30;0,71;0,71;;
14/02/2026 08:45;0,69;0,69;;
14/02/2026 09:00;0,69;0,69;;
14/02/2026 09:15;0,697;0,697;;
14/02/2026 09:30;0,693;0,693;;
14/02/2026 09:45;0,689;0,689;;
14/02/2026 10:00;0,694;0,694;;
14/02/2026 10:15;0,694;0,694;;
14/02/2026 10:30;0,698;0,698;;
14/02/2026 10:45;0,701;0,701;;
14/02/2026 11:00;0,693;0,693;;
14/02/2026 11:15;0,697;0,697;;
14/02/2026 11:30;0,691;0,691;;
14/02/2026 11:45;0,695;0,695;;
14/02/2026 12:00;0,692;0,692;;
14/02/2026 12:15;0,696;0,696;;
14/02/2026 12:30;0,695;0,695;;
14/02/2026 12:45;0,705;0,705;;
14/02/2026 13:00;0,71;0,71;;
14/02/2026 13:15;0,696;0,696;;
14/02/2026 13:30;0,695;0,695;;
14/02/2026 13:45;0,69;0,69;;
14/02/2026 14:00;0,694;0,694;;
14/02/2026 14:15;0,696;0,696;;
14/02/2026 14:30;0,69;0,69;;
14/02/2026 14:45;0,688;0,688;;
14/02/2026 15:00;0,701;0,701;;
14/02/2026 15:15;0,702;0,702;;
14/02/2026 15:30;0,692;0,692;;
14/02/2026 15:45;0,694;0,694;;
14/02/2026 16:00;0,702;0,702;;
14/02/2026 16:15;0,688;0,688;;
14/02/2026 16:30;0,689;0,689;;
14/02/2026 16:45;0,693;0,693;;
14/02/2026 17:00;0,702;0,702;;
14/02/2026 17:15;0,699;0,699;;
14/02/2026 17:30;0,7;0,7;;
14/02/2026 17:45;0,719;0,719;;
14/02/2026 18:00;0,74;0,74;;
14/02/2026 18:15;0,445;0,445;;
14/02/2026 18:30;0,717;0,717;;
14/02/2026 18:45;0,416;0,416;;
14/02/2026 19:00;0,371;0,371;;
14/02/2026 19:15;0,365;0,365;;
14/02/2026 19:30;0,361;0,361;;
14/02/2026 19:45;0,369;0,369;;
14/02/2026 20:00;0,264;0,264;;
14/02/2026 20:15;0,038;0,038;;
14/02/2026 20:30;0,036;0,036;;
14/02/2026 20:45;0,034;0,034;;
14/02/2026 21:00;0,034;0,034;;
14/02/2026 21:15;0,038;0,038;;
14/02/2026 21:30;0,044;0,044;;
14/02/2026 21:45;0,043;0,043;;
14/02/2026 22:00;0,042;0,042;;
14/02/2026 22:15;0,047;0,047;;
14/02/2026 22:30;0,038;0,038;;
14/02/2026 22:45;0,034;0,034;;
14/02/2026 23:00;0,037;0,037;;
14/02/2026 23:15;0,035;0,035;;
14/02/2026 23:30;0,037;0,037;;
14/02/2026 23:45;0,036;0,036;;
15/02/2026 00:00;0,037;0,037;;
15/02/2026 00:15;0,036;0,036;;
15/02/2026 00:30;0,047;0,047;;
15/02/2026 00:45;0,04;0,04;;
15/02/2026 01:00;0,033;0,033;;
15/02/2026 01:15;0,037;0,037;;
15/02/2026 01:30;0,036;0,036;;
15/02/2026 01:45;0,037;0,037;;
15/02/2026 02:00;0,041;0,041;;
15/02/2026 02:15;0,048;0,048;;
15/02/2026 02:30;0,039;0,039;;
15/02/2026 02:45;0,044;0,044;;
15/02/2026 03:00;0,038;0,038;;
15/02/2026 03:15;0,036;0,036;;
15/02/2026 03:30;0,04;0,04;;
15/02/2026 03:45;0,034;0,034;;
15/02/2026 04:00;0,032;0,032;;
15/02/2026 04:15;0,036;0,036;;
15/02/2026 04:30;0,041;0,041;;
15/02/2026 04:45;0,032;0,032;;
15/02/2026 05:00;0,039;0,039;;
15/02/2026 05:15;0,044;0,044;;
15/02/2026 05:30;0,041;0,041;;
15/02/2026 05:45;0,033;0,033;;
15/02/2026 06:00;0,033;0,033;;
15/02/2026 06:15;0,035;0,035;;
15/02/2026 06:30;0,051;0,051;;
15/02/2026 06:45;0,04;0,04;;
15/02/2026 07:00;0,033;0,033;;
15/02/2026 07:15;0,038;0,038;;
15/02/2026 07:30;0,052;0,052;;
15/02/2026 07:45;0,033;0,033;;
15/02/2026 08:00;0,034;0,034;;
15/02/2026 08:15;0,042;0,042;;
15/02/2026 08:30;0,041;0,041;;
15/02/2026 08:45;0,04;0,04;;
15/02/2026 09:00;0,055;0,055;;
15/02/2026 09:15;0,087;0,087;;
15/02/2026 09:30;0,06;0,06;;
15/02/2026 09:45;0,052;0,052;;
15/02/2026 10:00;0,042;0,042;;
15/02/2026 10:15;0,042;0,042;;
15/02/2026 10:30;0,033;0,033;;
15/02/2026 10:45;0,033;0,033;;
15/02/2026 11:00;0,046;0,046;;
15/02/2026 11:15;0,044;0,044;;
15/02/2026 11:30;0,032;0,032;;
15/02/2026 11:45;0,031;0,031;;
15/02/2026 12:00;0,049;0,049;;
15/02/2026 12:15;0,04;0,04;;
15/02/2026 12:30;0,031;0,031;;
15/02/2026 12:45;0,033;0,033;;
15/02/2026 13:00;0,04;0,04;;
15/02/2026 13:15;0,033;0,033;;
15/02/2026 13:30;0,032;0,032;;
15/02/2026 13:45;0,034;0,034;;
15/02/2026 14:00;0,04;0,04;;
15/02/2026 14:15;0,038;0,038;;
15/02/2026 14:30;0,039;0,039;;
15/02/2026 14:45;0,038;0,038;;
15/02/2026 15:00;0,036;0,036;;
15/02/2026 15:15;0,035;0,035;;
15/02/2026 15:30;0,042;0,042;;
15/02/2026 15:45;0,045;0,045;;
15/02/2026 16:00;0,285;0,285;;
15/02/2026 16:15;0,39;0,39;;
15/02/2026 16:30;0,403;0,403;;
15/02/2026 16:45;0,388;0,388;;
15/02/2026 17:00;0,369;0,369;;
15/02/2026 17:15;0,368;0,368;;
15/02/2026 17:30;0,365;0,365;;
15/02/2026 17:45;0,365;0,365;;
15/02/2026 18:00;0,366;0,366;;
15/02/2026 18:15;0,362;0,362;;
15/02/2026 18:30;0,365;0,365;;
15/02/2026 18:45;0,369;0,369;;
15/02/2026 19:00;0,375;0,375;;
15/02/2026 19:15;0,362;0,362;;
15/02/2026 19:30;0,366;0,366;;
15/02/2026 19:45;0,374;0,374;;
15/02/2026 20:00;0,37;0,37;;
15/02/2026 20:15;0,362;0,362;;
15/02/2026 20:30;0,37;0,37;;
15/02/2026 20:45;0,363;0,363;;
15/02/2026 21:00;0,361;0,361;;
15/02/2026 21:15;0,371;0,371;;
15/02/2026 21:30;0,376;0,376;;
15/02/2026 21:45;0,36;0,36;;
15/02/2026 22:00;0,361;0,361;;
15/02/2026 22:15;0,364;0,364;;
15/02/2026 22:30;0,368;0,368;;
15/02/2026 22:45;0,36;0,36;;
15/02/2026 23:00;0,36;0,36;;
15/02/2026 23:15;0,368;0,368;;
15/02/2026 23:30;0,372;0,372;;
15/02/2026 23:45;0,366;0,366;;
16/02/2026 00:00;0,363;0,363;;
16/02/2026 00:15;0,375;0,375;;
16/02/2026 00:30;0,374;0,374;;
16/02/2026 00:45;0,361;0,361;;
16/02/2026 01:00;0,365;0,365;;
16/02/2026 01:15;0,364;0,364;;
16/02/2026 01:30;0,363;0,363;;
16/02/2026 01:45;0,365;0,365;;
16/02/2026 02:00;0,373;0,373;;
16/02/2026 02:15;0,362;0,362;;
16/02/2026 02:30;0,361;0,361;;
16/02/2026 02:45;0,362;0,362;;
16/02/2026 03:00;0,36;0,36;;
16/02/2026 03:15;0,363;0,363;;
16/02/2026 03:30;0,361;0,361;;
16/02/2026 03:45;0,364;0,364;;
16/02/2026 04:00;0,36;0,36;;
16/02/2026 04:15;0,375;0,375;;
16/02/2026 04:30;0,364;0,364;;
16/02/2026 04:45;0,371;0,371;;
16/02/2026 05:00;0,366;0,366;;
16/02/2026 05:15;0,365;0,365;;
16/02/2026 05:30;0,365;0,365;;
16/02/2026 05:45;0,359;0,359;;
16/02/2026 06:00;0,36;0,36;;
16/02/2026 06:15;0,367;0,367;;
16/02/2026 06:30;0,371;0,371;;
16/02/2026 06:45;0,362;0,362;;
16/02/2026 07:00;0,363;0,363;;
16/02/2026 07:15;0,369;0,369;;
16/02/2026 07:30;0,359;0,359;;
16/02/2026 07:45;0,359;0,359;;
16/02/2026 08:00;0,367;0,367;;
16/02/2026 08:15;0,364;0,364;;
16/02/2026 08:30;0,359;0,359;;
16/02/2026 08:45;0,366;0,366;;
16/02/2026 09:00;0,381;0,381;;
16/02/2026 09:15;0,369;0,369;;
16/02/2026 09:30;0,364;0,364;;
16/02/2026 09:45;0,363;0,363;;
16/02/2026 10:00;0,368;0,368;;
16/02/2026 10:15;0,358;0,358;;
16/02/2026 10:30;0,359;0,359;;
16/02/2026 10:45;0,368;0,368;;
16/02/2026 11:00;0,367;0,367;;
16/02/2026 11:15;0,367;0,367;;
16/02/2026 11:30;0,363;0,363;;
16/02/2026 11:45;0,111;0,111;;
16/02/2026 12:00;0,034;0,034;;
16/02/2026 12:15;0,032;0,032;;
16/02/2026 12:30;0,037;0,037;;
16/02/2026 12:45;0,038;0,038;;
16/02/2026 13:00;0,033;0,033;;
16/02/2026 13:15;0,033;0,033;;
16/02/2026 13:30;0,055;0,055;;
16/02/2026 13:45;0,094;0,094;;
16/02/2026 14:00;0,082;0,082;;
16/02/2026 14:15;0,081;0,081;;
16/02/2026 14:30;0,092;0,092;;
16/02/2026 14:45;0,038;0,038;;
16/02/2026 15:00;0,032;0,032;;
16/02/2026 15:15;0,031;0,031;;
16/02/2026 15:30;0,044;0,044;;
16/02/2026 15:45;0,045;0,045;;
16/02/2026 16:00;0,045;0,045;;
16/02/2026 16:15;0,083;0,083;;
16/02/2026 16:30;0,074;0,074;;
16/02/2026 16:45;0,037;0,037;;
16/02/2026 17:00;0,331;0,331;;
16/02/2026 17:15;0,37;0,37;;
16/02/2026 17:30;0,37;0,37;;
16/02/2026 17:45;0,369;0,369;;
16/02/2026 18:00;0,377;0,377;;
16/02/2026 18:15;0,49;0,49;;
16/02/2026 18:30;0,697;0,697;;
16/02/2026 18:45;0,697;0,697;;
16/02/2026 19:00;0,694;0,694;;
16/02/2026 19:15;0,692;0,692;;
16/02/2026 19:30;0,686;0,686;;
16/02/2026 19:45;0,691;0,691;;
16/02/2026 20:00;0,695;0,695;;
16/02/2026 20:15;0,695;0,695;;
16/02/2026 20:30;0,704;0,704;;
16/02/2026 20:45;0,739;0,739;;
16/02/2026 21:00;0,745;0,745;;
16/02/2026 21:15;0,73;0,73;;
16/02/2026 21:30;0,54;0,54;;
16/02/2026 21:45;0,38;0,38;;
16/02/2026 22:00;0,291;0,291;;
16/02/2026 22:15;0,285;0,285;;
16/02/2026 22:30;0,196;0,196;;
16/02/2026 22:45;0,059;0,059;;
16/02/2026 23:00;0,041;0,041;;
16/02/2026 23:15;0,031;0,031;;
16/02/2026 23:30;0,031;0,031;;
16/02/2026 23:45;0,039;0,039;;
17/02/2026 00:00;0,039;0,039;;
17/02/2026 00:15;0,034;0,034;;
17/02/2026 00:30;0,033;0,033;;
17/02/2026 00:45;0,037;0,037;;
17/02/2026 01:00;0,045;0,045;;
17/02/2026 01:15;0,069;0,069;;
17/02/2026 01:30;0,083;0,083;;
17/02/2026 01:45;0,085;0,085;;
17/02/2026 02:00;0,043;0,043;;
17/02/2026 02:15;0,031;0,031;;
17/02/2026 02:30;0,037;0,037;;
17/02/2026 02:45;0,039;0,039;;
17/02/2026 03:00;0,042;0,042;;
17/02/2026 03:15;0,045;0,045;;
17/02/2026 03:30;0,048;0,048;;
17/02/2026 03:45;0,036;0,036;;
17/02/2026 04:00;0,031;0,031;;
17/02/2026 04:15;0,034;0,034;;
17/02/2026 04:30;0,041;0,041;;
17/02/2026 04:45;0,031;0,031;;
17/02/2026 05:00;0,032;0,032;;
17/02/2026 05:15;0,04;0,04;;
17/02/2026 05:30;0,039;0,039;;
17/02/2026 05:45;0,041;0,041;;
17/02/2026 06:00;0,033;0,033;;
17/02/2026 06:15;0,044;0,044;;
17/02/2026 06:30;0,032;0,032;;
17/02/2026 06:45;0,031;0,031;;
17/02/2026 07:00;0,039;0,039;;
17/02/2026 07:15;0,039;0,039;;
17/02/2026 07:30;0,041;0,041;;
17/02/2026 07:45;0,04;0,04;;
17/02/2026 08:00;0,051;0,051;;
17/02/2026 08:15;0,035;0,035;;
17/02/2026 08:30;0,031;0,031;;
17/02/2026 08:45;0,038;0,038;;
17/02/2026 09:00;0,038;0,038;;
17/02/2026 09:15;0,031;0,031;;
17/02/2026 09:30;0,035;0,035;;
17/02/2026 09:45;0,038;0,038;;
17/02/2026 10:00;0,036;0,036;;
17/02/2026 10:15;0,042;0,042;;
17/02/2026 10:30;0,04;0,04;;
17/02/2026 10:45;0,039;0,039;;
17/02/2026 11:00;0,033;0,033;;
17/02/2026 11:15;0,036;0,036;;
17/02/2026 11:30;0,038;0,038;;
17/02/2026 11:45;0,042;0,042;;
17/02/2026 12:00;0,05;0,05;;
17/02/2026 12:15;0,048;0,048;;
17/02/2026 12:30;0,07;0,07;;
17/02/2026 12:45;0,105;0,105;;
17/02/2026 13:00;0,09;0,09;;
17/02/2026 13:15;0,093;0,093;;
17/02/2026 13:30;0,089;0,089;;
17/02/2026 13:45;0,076;0,076;;
17/02/2026 14:00;0,038;0,038;;
17/02/2026 14:15;0,038;0,038;;
17/02/2026 14:30;0,037;0,037;;
17/02/2026 14:45;0,041;0,041;;
17/02/2026 15:00;0,043;0,043;;
17/02/2026 15:15;0,035;0,035;;
17/02/2026 15:30;0,039;0,039;;
17/02/2026 15:45;0,036;0,036;;
17/02/2026 16:00;0,031;0,031;;
17/02/2026 16:15;0,042;0,042;;
17/02/2026 16:30;0,055;0,055;;
17/02/2026 16:45;0,076;0,076;;
17/02/2026 17:00;0,175;0,175;;
17/02/2026 17:15;0,38;0,38;;
17/02/2026 17:30;0,417;0,417;;
17/02/2026 17:45;0,411;0,411;;
17/02/2026 18:00;0,401;0,401;;
17/02/2026 18:15;0,589;0,589;;
17/02/2026 18:30;1.052;1,052;;
17/02/2026 18:45;1.044;1,044;;
17/02/2026 19:00;1.039;1,039;;
17/02/2026 19:15;1.037;1,037;;
17/02/2026 19:30;1.042;1,042;;
17/02/2026 19:45;1.289;1,289;;
17/02/2026 20:00;1.595;1,595;;
17/02/2026 20:15;1.705;1,705;;
17/02/2026 20:30;1.694;1,694;;
17/02/2026 20:45;1.666;1,666;;
17/02/2026 21:00;1.611;1,611;;
17/02/2026 21:15;1,6;1,6;;
17/02/2026 21:30;1.361;1,361;;
17/02/2026 21:45;0,246;0,246;;
17/02/2026 22:00;0,226;0,226;;
17/02/2026 22:15;0,242;0,242;;
17/02/2026 22:30;0,247;0,247;;
17/02/2026 22:45;0,255;0,255;;
17/02/2026 23:00;0,128;0,128;;
17/02/2026 23:15;0,031;0,031;;
17/02/2026 23:30;0,031;0,031;;
17/02/2026 23:45;0,041;0,041;;
18/02/2026 00:00;0,104;0,104;;
18/02/2026 00:15;0,054;0,054;;
18/02/2026 00:30;0,085;0,085;;
18/02/2026 00:45;0,05;0,05;;
18/02/2026 01:00;0,033;0,033;;
18/02/2026 01:15;0,041;0,041;;
18/02/2026 01:30;0,063;0,063;;
18/02/2026 01:45;0,064;0,064;;
18/02/2026 02:00;0,031;0,031;;
18/02/2026 02:15;0,033;0,033;;
18/02/2026 02:30;0,054;0,054;;
18/02/2026 02:45;0,033;0,033;;
18/02/2026 03:00;0,032;0,032;;
18/02/2026 03:15;0,039;0,039;;
18/02/2026 03:30;0,037;0,037;;
18/02/2026 03:45;0,032;0,032;;
18/02/2026 04:00;0,033;0,033;;
18/02/2026 04:15;0,04;0,04;;
18/02/2026 04:30;0,035;0,035;;
18/02/2026 04:45;0,042;0,042;;
18/02/2026 05:00;0,07;0,07;;
18/02/2026 05:15;0,085;0,085;;
18/02/2026 05:30;0,084;0,084;;
18/02/2026 05:45;0,068;0,068;;
18/02/2026 06:00;0,041;0,041;;
18/02/2026 06:15;0,039;0,039;;
18/02/2026 06:30;0,031;0,031;;
18/02/2026 06:45;0,036;0,036;;
18/02/2026 07:00;0,04;0,04;;
18/02/2026 07:15;0,043;0,043;;
18/02/2026 07:30;0,033;0,033;;
18/02/2026 07:45;0,035;0,035;;
18/02/2026 08:00;0,034;0,034;;
18/02/2026 08:15;0,035;0,035;;
18/02/2026 08:30;0,034;0,034;;
18/02/2026 08:45;0,034;0,034;;
18/02/2026 09:00;0,034;0,034;;
18/02/2026 09:15;0,039;0,039;;
18/02/2026 09:30;0,046;0,046;;
18/02/2026 09:45;0,031;0,031;;
18/02/2026 10:00;0,04;0,04;;
18/02/2026 10:15;0,046;0,046;;
18/02/2026 10:30;0,037;0,037;;
18/02/2026 10:45;0,031;0,031;;
18/02/2026 11:00;0,036;0,036;;
18/02/2026 11:15;0,039;0,039;;
18/02/2026 11:30;0,033;0,033;;
18/02/2026 11:45;0,043;0,043;;
18/02/2026 12:00;0,041;0,041;;
18/02/2026 12:15;0,035;0,035;;
18/02/2026 12:30;0,031;0,031;;
18/02/2026 12:45;0,033;0,033;;
18/02/2026 13:00;0,043;0,043;;
18/02/2026 13:15;0,031;0,031;;
18/02/2026 13:30;0,031;0,031;;
18/02/2026 13:45;0,038;0,038;;
18/02/2026 14:00;0,05;0,05;;
18/02/2026 14:15;0,064;0,064;;
18/02/2026 14:30;0,085;0,085;;
18/02/2026 14:45;0,101;0,101;;
18/02/2026 15:00;0,105;0,105;;
18/02/2026 15:15;0,055;0,055;;
18/02/2026 15:30;0,031;0,031;;
18/02/2026 15:45;0,045;0,045;;
18/02/2026 16:00;0,038;0,038;;
18/02/2026 16:15;0,039;0,039;;
18/02/2026 16:30;0,049;0,049;;
18/02/2026 16:45;0,09;0,09;;
18/02/2026 17:00;0,728;0,728;;
18/02/2026 17:15;1.301;1,301;;
18/02/2026 17:30;1.371;1,371;;
18/02/2026 17:45;1.373;1,373;;
18/02/2026 18:00;1.374;1,374;;
18/02/2026 18:15;1,37;1,37;;
18/02/2026 18:30;1.491;1,491;;
18/02/2026 18:45;1.727;1,727;;
18/02/2026 19:00;1.714;1,714;;
18/02/2026 19:15;1.831;1,831;;
18/02/2026 19:30;2.131;2,131;;
18/02/2026 19:45;2.128;2,128;;
18/02/2026 20:00;2.221;2,221;;
18/02/2026 20:15;2.168;2,168;;
18/02/2026 20:30;1.313;1,313;;
18/02/2026 20:45;1.212;1,212;;
18/02/2026 21:00;1.147;1,147;;
18/02/2026 21:15;1,2;1,2;;
18/02/2026 21:30;0,998;0,998;;
18/02/2026 21:45;0,488;0,488;;
18/02/2026 22:00;0,46;0,46;;
18/02/2026 22:15;0,544;0,544;;
18/02/2026 22:30;0,556;0,556;;
18/02/2026 22:45;0,471;0,471;;
18/02/2026 23:00;0,473;0,473;;
18/02/2026 23:15;0,567;0,567;;
18/02/2026 23:30;0,588;0,588;;
18/02/2026 23:45;0,589;0,589;;
19/02/2026 00:00;0,492;0,492;;
19/02/2026 00:15;0,24;0,24;;
19/02/2026 00:30;0,111;0,111;;
19/02/2026 00:45;0,091;0,091;;
19/02/2026 01:00;0,083;0,083;;
19/02/2026 01:15;0,038;0,038;;
19/02/2026 01:30;0,039;0,039;;
19/02/2026 01:45;0,056;0,056;;
19/02/2026 02:00;0,874;0,874;;
19/02/2026 02:15;1.018;1,018;;
19/02/2026 02:30;0,986;0,986;;
19/02/2026 02:45;0,993;0,993;;
19/02/2026 03:00;1.002;1,002;;
19/02/2026 03:15;1.025;1,025;;
19/02/2026 03:30;1.003;1,003;;
19/02/2026 03:45;1.017;1,017;;
19/02/2026 04:00;1.012;1,012;;
19/02/2026 04:15;1.036;1,036;;
19/02/2026 04:30;0,988;0,988;;
19/02/2026 04:45;0,993;0,993;;
19/02/2026 05:00;0,975;0,975;;
19/02/2026 05:15;1.009;1,009;;
19/02/2026 05:30;1;1;;
19/02/2026 05:45;0,162;0,162;;
19/02/2026 06:00;0,031;0,031;;
19/02/2026 06:15;0,043;0,043;;
19/02/2026 06:30;0,083;0,083;;
19/02/2026 06:45;0,081;0,081;;
19/02/2026 07:00;0,073;0,073;;
19/02/2026 07:15;0,034;0,034;;
19/02/2026 07:30;0,041;0,041;;
19/02/2026 07:45;0,031;0,031;;
19/02/2026 08:00;0,031;0,031;;
19/02/2026 08:15;0,045;0,045;;
19/02/2026 08:30;0,054;0,054;;
19/02/2026 08:45;0,073;0,073;;
19/02/2026 09:00;0,051;0,051;;
19/02/2026 09:15;0,039;0,039;;
19/02/2026 09:30;0,034;0,034;;
19/02/2026 09:45;0,031;0,031;;
19/02/2026 10:00;0,037;0,037;;
19/02/2026 10:15;0,038;0,038;;
19/02/2026 10:30;0,032;0,032;;
19/02/2026 10:45;0,04;0,04;;
19/02/2026 11:00;0,043;0,043;;
19/02/2026 11:15;0,037;0,037;;
19/02/2026 11:30;0,031;0,031;;
19/02/2026 11:45;0,038;0,038;;
19/02/2026 12:00;0,036;0,036;;
19/02/2026 12:15;0,035;0,035;;
19/02/2026 12:30;0,034;0,034;;
19/02/2026 12:45;0,042;0,042;;
19/02/2026 13:00;0,05;0,05;;
19/02/2026 13:15;0,047;0,047;;
19/02/2026 13:30;0,084;0,084;;
19/02/2026 13:45;0,083;0,083;;
19/02/2026 14:00;0,068;0,068;;
19/02/2026 14:15;0,032;0,032;;
19/02/2026 14:30;0,037;0,037;;
19/02/2026 14:45;0,04;0,04;;
19/02/2026 15:00;0,037;0,037;;
19/02/2026 15:15;0,038;0,038;;
19/02/2026 15:30;0,052;0,052;;
19/02/2026 15:45;0,087;0,087;;
19/02/2026 16:00;0,12;0,12;;
19/02/2026 16:15;0,087;0,087;;
19/02/2026 16:30;0,04;0,04;;
19/02/2026 16:45;0,047;0,047;;
19/02/2026 17:00;0,424;0,424;;
19/02/2026 17:15;0,711;0,711;;
19/02/2026 17:30;0,711;0,711;;
19/02/2026 17:45;0,748;0,748;;
19/02/2026 18:00;0,739;0,739;;
19/02/2026 18:15;0,978;0,978;;
19/02/2026 18:30;1.413;1,413;;
19/02/2026 18:45;1.405;1,405;;
19/02/2026 19:00;1.409;1,409;;
19/02/2026 19:15;1.383;1,383;;
19/02/2026 19:30;1,38;1,38;;
19/02/2026 19:45;1.382;1,382;;
19/02/2026 20:00;1.528;1,528;;
19/02/2026 20:15;1.693;1,693;;
19/02/2026 20:30;1.684;1,684;;
19/02/2026 20:45;1.573;1,573;;
19/02/2026 21:00;1.415;1,415;;
19/02/2026 21:15;1.409;1,409;;
19/02/2026 21:30;1.073;1,073;;
19/02/2026 21:45;0,396;0,396;;
19/02/2026 22:00;0,396;0,396;;
19/02/2026 22:15;0,394;0,394;;
19/02/2026 22:30;0,392;0,392;;
19/02/2026 22:45;0,429;0,429;;
19/02/2026 23:00;0,3;0,3;;
19/02/2026 23:15;0,046;0,046;;
19/02/2026 23:30;0,05;0,05;;
19/02/2026 23:45;0,049;0,049;;
20/02/2026 00:00;0,043;0,043;;
20/02/2026 00:15;0,049;0,049;;
20/02/2026 00:30;0,046;0,046;;
20/02/2026 00:45;0,06;0,06;;
20/02/2026 01:00;0,048;0,048;;
20/02/2026 01:15;0,047;0,047;;
20/02/2026 01:30;0,042;0,042;;
20/02/2026 01:45;0,047;0,047;;
20/02/2026 02:00;0,05;0,05;;
20/02/2026 02:15;0,056;0,056;;
20/02/2026 02:30;0,073;0,073;;
20/02/2026 02:45;0,082;0,082;;
20/02/2026 03:00;0,061;0,061;;
20/02/2026 03:15;0,072;0,072;;
20/02/2026 03:30;0,09;0,09;;
20/02/2026 03:45;0,097;0,097;;
20/02/2026 04:00;0,06;0,06;;
20/02/2026 04:15;0,041;0,041;;
20/02/2026 04:30;0,041;0,041;;
20/02/2026 04:45;0,05;0,05;;
20/02/2026 05:00;0,05;0,05;;
20/02/2026 05:15;0,048;0,048;;
20/02/2026 05:30;0,051;0,051;;
20/02/2026 05:45;0,049;0,049;;
20/02/2026 06:00;0,047;0,047;;
20/02/2026 06:15;0,042;0,042;;
20/02/2026 06:30;0,049;0,049;;
20/02/2026 06:45;0,057;0,057;;
20/02/2026 07:00;0,086;0,086;;
20/02/2026 07:15;0,065;0,065;;
20/02/2026 07:30;0,044;0,044;;
20/02/2026 07:45;0,044;0,044;;
20/02/2026 08:00;0,036;0,036;;
20/02/2026 08:15;0,036;0,036;;
20/02/2026 08:30;0,037;0,037;;
20/02/2026 08:45;0,032;0,032;;
20/02/2026 09:00;0,036;0,036;;
20/02/2026 09:15;0,04;0,04;;
20/02/2026 09:30;0,036;0,036;;
20/02/2026 09:45;0,032;0,032;;
20/02/2026 10:00;0,044;0,044;;
20/02/2026 10:15;0,079;0,079;;
20/02/2026 10:30;0,082;0,082;;
20/02/2026 10:45;0,081;0,081;;
20/02/2026 11:00;0,046;0,046;;
20/02/2026 11:15;0,054;0,054;;
20/02/2026 11:30;0,036;0,036;;
20/02/2026 11:45;0,031;0,031;;
20/02/2026 12:00;0,034;0,034;;
20/02/2026 12:15;0,05;0,05;;
20/02/2026 12:30;0,04;0,04;;
20/02/2026 12:45;0,032;0,032;;
20/02/2026 13:00;0,036;0,036;;
20/02/2026 13:15;0,04;0,04;;
20/02/2026 13:30;0,038;0,038;;
20/02/2026 13:45;0,033;0,033;;
20/02/2026 14:00;0,038;0,038;;
20/02/2026 14:15;0,059;0,059;;
20/02/2026 14:30;0,069;0,069;;
20/02/2026 14:45;0,056;0,056;;
20/02/2026 15:00;0,087;0,087;;
20/02/2026 15:15;0,049;0,049;;
20/02/2026 15:30;0,054;0,054;;
20/02/2026 15:45;0,058;0,058;;
20/02/2026 16:00;0,078;0,078;;
20/02/2026 16:15;0,031;0,031;;
20/02/2026 16:30;0,041;0,041;;
20/02/2026 16:45;0,053;0,053;;
20/02/2026 17:00;0,182;0,182;;
20/02/2026 17:15;0,42;0,42;;
20/02/2026 17:30;0,451;0,451;;
20/02/2026 17:45;0,372;0,372;;
20/02/2026 18:00;0,364;0,364;;
20/02/2026 18:15;0,471;0,471;;
20/02/2026 18:30;0,7;0,7;;
20/02/2026 18:45;0,697;0,697;;
20/02/2026 19:00;0,72;0,72;;
20/02/2026 19:15;0,714;0,714;;
20/02/2026 19:30;0,734;0,734;;
20/02/2026 19:45;0,748;0,748;;
20/02/2026 20:00;0,966;0,966;;
20/02/2026 20:15;1.022;1,022;;
20/02/2026 20:30;0,977;0,977;;
20/02/2026 20:45;0,928;0,928;;
20/02/2026 21:00;0,944;0,944;;
20/02/2026 21:15;0,907;0,907;;
20/02/2026 21:30;0,727;0,727;;
20/02/2026 21:45;0,541;0,541;;
20/02/2026 22:00;0,532;0,532;;
20/02/2026 22:15;0,441;0,441;;
20/02/2026 22:30;0,405;0,405;;
20/02/2026 22:45;0,492;0,492;;
20/02/2026 23:00;0,331;0,331;;
20/02/2026 23:15;0,111;0,111;;
20/02/2026 23:30;0,115;0,115;;
20/02/2026 23:45;0,115;0,115;;
21/02/2026 00:00;0,072;0,072;;
21/02/2026 00:15;0,134;0,134;;
21/02/2026 00:30;0,084;0,084;;
21/02/2026 00:45;0,109;0,109;;
21/02/2026 01:00;0,162;0,162;;
21/02/2026 01:15;0,101;0,101;;
21/02/2026 01:30;0,133;0,133;;
21/02/2026 01:45;0,198;0,198;;
21/02/2026 02:00;0,054;0,054;;
21/02/2026 02:15;0,082;0,082;;
21/02/2026 02:30;0,089;0,089;;
21/02/2026 02:45;0,036;0,036;;
21/02/2026 03:00;0,072;0,072;;
21/02/2026 03:15;0,07;0,07;;
21/02/2026 03:30;0,063;0,063;;
21/02/2026 03:45;0,05;0,05;;
21/02/2026 04:00;0,042;0,042;;
21/02/2026 04:15;0,109;0,109;;
21/02/2026 04:30;0,049;0,049;;
21/02/2026 04:45;0,066;0,066;;
21/02/2026 05:00;0,075;0,075;;
21/02/2026 05:15;0,078;0,078;;
21/02/2026 05:30;0,037;0,037;;
21/02/2026 05:45;0,05;0,05;;
21/02/2026 06:00;0,097;0,097;;
21/02/2026 06:15;0,044;0,044;;
21/02/2026 06:30;0,032;0,032;;
21/02/2026 06:45;0,061;0,061;;
21/02/2026 07:00;0,075;0,075;;
21/02/2026 07:15;0,08;0,08;;
21/02/2026 07:30;0,034;0,034;;
21/02/2026 07:45;0,07;0,07;;
21/02/2026 08:00;0,034;0,034;;
21/02/2026 08:15;0,038;0,038;;
21/02/2026 08:30;0,084;0,084;;
21/02/2026 08:45;0,075;0,075;;
21/02/2026 09:00;0,035;0,035;;
21/02/2026 09:15;0,056;0,056;;
21/02/2026 09:30;0,264;0,264;;
21/02/2026 09:45;0,428;0,428;;
21/02/2026 10:00;0,361;0,361;;
21/02/2026 10:15;0,372;0,372;;
21/02/2026 10:30;0,369;0,369;;
21/02/2026 10:45;0,392;0,392;;
21/02/2026 11:00;0,359;0,359;;
21/02/2026 11:15;0,109;0,109;;
21/02/2026 11:30;0,048;0,048;;
21/02/2026 11:45;0,086;0,086;;
21/02/2026 12:00;0,066;0,066;;
21/02/2026 12:15;0,042;0,042;;
21/02/2026 12:30;0,039;0,039;;
21/02/2026 12:45;0,033;0,033;;
21/02/2026 13:00;0,114;0,114;;
21/02/2026 13:15;0,043;0,043;;
21/02/2026 13:30;0,038;0,038;;
21/02/2026 13:45;0,052;0,052;;
21/02/2026 14:00;0,086;0,086;;
21/02/2026 14:15;0,101;0,101;;
21/02/2026 14:30;0,314;0,314;;
21/02/2026 14:45;0,703;0,703;;
21/02/2026 15:00;0,769;0,769;;
21/02/2026 15:15;0,793;0,793;;
21/02/2026 15:30;0,803;0,803;;
21/02/2026 15:45;0,462;0,462;;
21/02/2026 16:00;0,457;0,457;;
21/02/2026 16:15;0,442;0,442;;
21/02/2026 16:30;0,444;0,444;;
21/02/2026 16:45;0,503;0,503;;
21/02/2026 17:00;0,917;0,917;;
21/02/2026 17:15;0,832;0,832;;
21/02/2026 17:30;0,703;0,703;;
21/02/2026 17:45;0,695;0,695;;
21/02/2026 18:00;0,699;0,699;;
21/02/2026 18:15;0,702;0,702;;
21/02/2026 18:30;0,6;0,6;;
21/02/2026 18:45;0,108;0,108;;
21/02/2026 19:00;0,091;0,091;;
21/02/2026 19:15;0,081;0,081;;
21/02/2026 19:30;0,034;0,034;;
21/02/2026 19:45;0,049;0,049;;
21/02/2026 20:00;0,072;0,072;;
21/02/2026 20:15;0,04;0,04;;
21/02/2026 20:30;0,038;0,038;;
21/02/2026 20:45;0,043;0,043;;
21/02/2026 21:00;0,039;0,039;;
21/02/2026 21:15;0,082;0,082;;
21/02/2026 21:30;0,134;0,134;;
21/02/2026 21:45;0,065;0,065;;
21/02/2026 22:00;0,031;0,031;;
21/02/2026 22:15;0,037;0,037;;
21/02/2026 22:30;0,047;0,047;;
21/02/2026 22:45;0,049;0,049;;
21/02/2026 23:00;0,07;0,07;;
21/02/2026 23:15;0,065;0,065;;
21/02/2026 23:30;0,054;0,054;;
21/02/2026 23:45;0,095;0,095;;
22/02/2026 00:00;0,081;0,081;;
22/02/2026 00:15;0,032;0,032;;
22/02/2026 00:30;0,062;0,062;;
22/02/2026 00:45;0,055;0,055;;
22/02/2026 01:00;0,045;0,045;;
22/02/2026 01:15;0,039;0,039;;
22/02/2026 01:30;0,041;0,041;;
22/02/2026 01:45;0,034;0,034;;
22/02/2026 02:00;0,092;0,092;;
22/02/2026 02:15;0,135;0,135;;
22/02/2026 02:30;0,048;0,048;;
22/02/2026 02:45;0,031;0,031;;
22/02/2026 03:00;0,041;0,041;;
22/02/2026 03:15;0,052;0,052;;
22/02/2026 03:30;0,08;0,08;;
22/02/2026 03:45;0,056;0,056;;
22/02/2026 04:00;0,036;0,036;;
22/02/2026 04:15;0,061;0,061;;
22/02/2026 04:30;0,088;0,088;;
22/02/2026 04:45;0,075;0,075;;
22/02/2026 05:00;0,043;0,043;;
22/02/2026 05:15;0,074;0,074;;
22/02/2026 05:30;0,038;0,038;;
22/02/2026 05:45;0,034;0,034;;
22/02/2026 06:00;0,048;0,048;;
22/02/2026 06:15;0,043;0,043;;
22/02/2026 06:30;0,038;0,038;;
22/02/2026 06:45;0,062;0,062;;
22/02/2026 07:00;0,107;0,107;;
22/02/2026 07:15;0,101;0,101;;
22/02/2026 07:30;0,048;0,048;;
22/02/2026 07:45;0,047;0,047;;
22/02/2026 08:00;0,075;0,075;;
22/02/2026 08:15;0,041;0,041;;
22/02/2026 08:30;0,05;0,05;;
22/02/2026 08:45;0,043;0,043;;
22/02/2026 09:00;0,033;0,033;;
22/02/2026 09:15;0,053;0,053;;
22/02/2026 09:30;0,517;0,517;;
22/02/2026 09:45;0,79;0,79;;
22/02/2026 10:00;0,699;0,699;;
22/02/2026 10:15;0,688;0,688;;
22/02/2026 10:30;0,692;0,692;;
22/02/2026 10:45;0,705;0,705;;
22/02/2026 11:00;0,704;0,704;;
22/02/2026 11:15;0,783;0,783;;
22/02/2026 11:30;0,732;0,732;;
22/02/2026 11:45;0,699;0,699;;
22/02/2026 12:00;0,709;0,709;;
22/02/2026 12:15;0,741;0,741;;
22/02/2026 12:30;0,785;0,785;;
22/02/2026 12:45;0,711;0,711;;
22/02/2026 13:00;0,722;0,722;;
22/02/2026 13:15;0,746;0,746;;
22/02/2026 13:30;0,795;0,795;;
22/02/2026 13:45;0,724;0,724;;
22/02/2026 14:00;0,686;0,686;;
22/02/2026 14:15;0,693;0,693;;
22/02/2026 14:30;0,734;0,734;;
22/02/2026 14:45;0,701;0,701;;
22/02/2026 15:00;0,73;0,73;;
22/02/2026 15:15;0,704;0,704;;
22/02/2026 15:30;0,735;0,735;;
22/02/2026 15:45;0,751;0,751;;
22/02/2026 16:00;0,72;0,72;;
22/02/2026 16:15;0,69;0,69;;
22/02/2026 16:30;0,697;0,697;;
22/02/2026 16:45;0,716;0,716;;
22/02/2026 17:00;0,731;0,731;;
22/02/2026 17:15;0,73;0,73;;
22/02/2026 17:30;0,719;0,719;;
22/02/2026 17:45;0,714;0,714;;
22/02/2026 18:00;0,737;0,737;;
22/02/2026 18:15;0,751;0,751;;
22/02/2026 18:30;0,695;0,695;;
22/02/2026 18:45;0,698;0,698;;
22/02/2026 19:00;0,719;0,719;;
22/02/2026 19:15;0,694;0,694;;
22/02/2026 19:30;0,695;0,695;;
22/02/2026 19:45;0,696;0,696;;
22/02/2026 20:00;0,731;0,731;;
22/02/2026 20:15;0,738;0,738;;
22/02/2026 20:30;0,741;0,741;;
22/02/2026 20:45;0,726;0,726;;
22/02/2026 21:00;0,708;0,708;;
22/02/2026 21:15;0,722;0,722;;
22/02/2026 21:30;0,717;0,717;;
22/02/2026 21:45;0,687;0,687;;
22/02/2026 22:00;0,693;0,693;;
22/02/2026 22:15;0,708;0,708;;
22/02/2026 22:30;0,733;0,733;;
22/02/2026 22:45;0,264;0,264;;
22/02/2026 23:00;0,078;0,078;;
22/02/2026 23:15;0,042;0,042;;
22/02/2026 23:30;0,043;0,043;;
22/02/2026 23:45;0,034;0,034;;
23/02/2026 00:00;0,074;0,074;;
23/02/2026 00:15;0,034;0,034;;
23/02/2026 00:30;0,054;0,054;;
23/02/2026 00:45;0,045;0,045;;
23/02/2026 01:00;0,065;0,065;;
23/02/2026 01:15;0,086;0,086;;
23/02/2026 01:30;0,083;0,083;;
23/02/2026 01:45;0,08;0,08;;
23/02/2026 02:00;0,059;0,059;;
23/02/2026 02:15;0,031;0,031;;
23/02/2026 02:30;0,037;0,037;;
23/02/2026 02:45;0,046;0,046;;
23/02/2026 03:00;0,047;0,047;;
23/02/2026 03:15;0,034;0,034;;
23/02/2026 03:30;0,035;0,035;;
23/02/2026 03:45;0,038;0,038;;
23/02/2026 04:00;0,036;0,036;;
23/02/2026 04:15;0,038;0,038;;
23/02/2026 04:30;0,035;0,035;;
23/02/2026 04:45;0,038;0,038;;
23/02/2026 05:00;0,037;0,037;;
23/02/2026 05:15;0,08;0,08;;
23/02/2026 05:30;0,113;0,113;;
23/02/2026 05:45;0,095;0,095;;
23/02/2026 06:00;0,097;0,097;;
23/02/2026 06:15;0,088;0,088;;
23/02/2026 06:30;0,035;0,035;;
23/02/2026 06:45;0,043;0,043;;
23/02/2026 07:00;0,04;0,04;;
23/02/2026 07:15;0,036;0,036;;
23/02/2026 07:30;0,042;0,042;;
23/02/2026 07:45;0,042;0,042;;
23/02/2026 08:00;0,045;0,045;;
23/02/2026 08:15;0,034;0,034;;
23/02/2026 08:30;0,031;0,031;;
23/02/2026 08:45;0,034;0,034;;
23/02/2026 09:00;0,041;0,041;;
23/02/2026 09:15;0,039;0,039;;
23/02/2026 09:30;0,035;0,035;;
23/02/2026 09:45;0,041;0,041;;
23/02/2026 10:00;0,066;0,066;;
23/02/2026 10:15;0,094;0,094;;
23/02/2026 10:30;0,102;0,102;;
23/02/2026 10:45;0,129;0,129;;
23/02/2026 11:00;0,059;0,059;;
23/02/2026 11:15;0,036;0,036;;
23/02/2026 11:30;0,034;0,034;;
23/02/2026 11:45;0,038;0,038;;
23/02/2026 12:00;0,071;0,071;;
23/02/2026 12:15;0,076;0,076;;
23/02/2026 12:30;0,083;0,083;;
23/02/2026 12:45;0,089;0,089;;
23/02/2026 13:00;0,071;0,071;;
23/02/2026 13:15;0,063;0,063;;
23/02/2026 13:30;0,033;0,033;;
23/02/2026 13:45;0,032;0,032;;
23/02/2026 14:00;0,118;0,118;;
23/02/2026 14:15;0,094;0,094;;
23/02/2026 14:30;0,048;0,048;;
23/02/2026 14:45;0,047;0,047;;
23/02/2026 15:00;0,108;0,108;;
23/02/2026 15:15;0,093;0,093;;
23/02/2026 15:30;0,044;0,044;;
23/02/2026 15:45;0,032;0,032;;
23/02/2026 16:00;0,07;0,07;;
23/02/2026 16:15;0,09;0,09;;
23/02/2026 16:30;0,079;0,079;;
23/02/2026 16:45;0,069;0,069;;
23/02/2026 17:00;0,636;0,636;;
23/02/2026 17:15;0,742;0,742;;
23/02/2026 17:30;0,718;0,718;;
23/02/2026 17:45;0,733;0,733;;
23/02/2026 18:00;0,694;0,694;;
23/02/2026 18:15;0,689;0,689;;
23/02/2026 18:30;0,711;0,711;;
23/02/2026 18:45;0,759;0,759;;
23/02/2026 19:00;0,726;0,726;;
23/02/2026 19:15;0,715;0,715;;
23/02/2026 19:30;0,746;0,746;;
23/02/2026 19:45;0,787;0,787;;
23/02/2026 20:00;0,698;0,698;;
23/02/2026 20:15;0,7;0,7;;
23/02/2026 20:30;0,724;0,724;;
23/02/2026 20:45;0,69;0,69;;
23/02/2026 21:00;0,688;0,688;;
23/02/2026 21:15;0,699;0,699;;
23/02/2026 21:30;0,74;0,74;;
23/02/2026 21:45;0,757;0,757;;
23/02/2026 22:00;0,746;0,746;;
23/02/2026 22:15;0,725;0,725;;
23/02/2026 22:30;0,711;0,711;;
23/02/2026 22:45;0,73;0,73;;
23/02/2026 23:00;0,542;0,542;;
23/02/2026 23:15;0,24;0,24;;
23/02/2026 23:30;0,163;0,163;;
23/02/2026 23:45;0,243;0,243;;
24/02/2026 00:00;0,324;0,324;;
24/02/2026 00:15;0,172;0,172;;
24/02/2026 00:30;0,088;0,088;;
24/02/2026 00:45;0,051;0,051;;
24/02/2026 01:00;0,061;0,061;;
24/02/2026 01:15;0,043;0,043;;
24/02/2026 01:30;0,067;0,067;;
24/02/2026 01:45;0,124;0,124;;
24/02/2026 02:00;0,052;0,052;;
24/02/2026 02:15;0,044;0,044;;
24/02/2026 02:30;0,122;0,122;;
24/02/2026 02:45;0,072;0,072;;
24/02/2026 03:00;0,034;0,034;;
24/02/2026 03:15;0,06;0,06;;
24/02/2026 03:30;0,055;0,055;;
24/02/2026 03:45;0,046;0,046;;
24/02/2026 04:00;0,04;0,04;;
24/02/2026 04:15;0,062;0,062;;
24/02/2026 04:30;0,092;0,092;;
24/02/2026 04:45;0,104;0,104;;
24/02/2026 05:00;0,091;0,091;;
24/02/2026 05:15;0,043;0,043;;
24/02/2026 05:30;0,065;0,065;;
24/02/2026 05:45;0,041;0,041;;
24/02/2026 06:00;0,041;0,041;;
24/02/2026 06:15;0,075;0,075;;
24/02/2026 06:30;0,044;0,044;;
24/02/2026 06:45;0,051;0,051;;
24/02/2026 07:00;0,08;0,08;;
24/02/2026 07:15;0,131;0,131;;
24/02/2026 07:30;0,065;0,065;;
24/02/2026 07:45;0,041;0,041;;
24/02/2026 08:00;0,038;0,038;;
24/02/2026 08:15;0,07;0,07;;
24/02/2026 08:30;0,047;0,047;;
24/02/2026 08:45;0,055;0,055;;
24/02/2026 09:00;0,095;0,095;;
24/02/2026 09:15;0,057;0,057;;
24/02/2026 09:30;0,088;0,088;;
24/02/2026 09:45;0,095;0,095;;
24/02/2026 10:00;0,077;0,077;;
24/02/2026 10:15;0,034;0,034;;
24/02/2026 10:30;0,034;0,034;;
24/02/2026 10:45;0,049;0,049;;
24/02/2026 11:00;0,073;0,073;;
24/02/2026 11:15;0,047;0,047;;
24/02/2026 11:30;0,065;0,065;;
24/02/2026 11:45;0,103;0,103;;
24/02/2026 12:00;0,124;0,124;;
24/02/2026 12:15;0,046;0,046;;
24/02/2026 12:30;0,036;0,036;;
24/02/2026 12:45;0,06;0,06;;
24/02/2026 13:00;0,058;0,058;;
24/02/2026 13:15;0,113;0,113;;
24/02/2026 13:30;0,112;0,112;;
24/02/2026 13:45;0,044;0,044;;
24/02/2026 14:00;0,069;0,069;;
24/02/2026 14:15;0,126;0,126;;
24/02/2026 14:30;0,046;0,046;;
24/02/2026 14:45;0,041;0,041;;
24/02/2026 15:00;0,072;0,072;;
24/02/2026 15:15;0,085;0,085;;
24/02/2026 15:30;0,087;0,087;;
24/02/2026 15:45;0,086;0,086;;
24/02/2026 16:00;0,051;0,051;;
24/02/2026 16:15;0,065;0,065;;
24/02/2026 16:30;0,131;0,131;;
24/02/2026 16:45;0,049;0,049;;
24/02/2026 17:00;0,563;0,563;;
24/02/2026 17:15;0,731;0,731;;
24/02/2026 17:30;0,743;0,743;;
24/02/2026 17:45;0,765;0,765;;
24/02/2026 18:00;0,725;0,725;;
24/02/2026 18:15;0,708;0,708;;
24/02/2026 18:30;0,727;0,727;;
24/02/2026 18:45;0,769;0,769;;
24/02/2026 19:00;0,719;0,719;;
24/02/2026 19:15;0,722;0,722;;
24/02/2026 19:30;0,704;0,704;;
24/02/2026 19:45;0,913;0,913;;
24/02/2026 20:00;1.453;1,453;;
24/02/2026 20:15;1.423;1,423;;
24/02/2026 20:30;1.378;1,378;;
24/02/2026 20:45;1,4;1,4;;
24/02/2026 21:00;1.432;1,432;;
24/02/2026 21:15;1.409;1,409;;
24/02/2026 21:30;1.193;1,193;;
24/02/2026 21:45;0,724;0,724;;
24/02/2026 22:00;0,711;0,711;;
24/02/2026 22:15;0,754;0,754;;
24/02/2026 22:30;0,758;0,758;;
24/02/2026 22:45;0,691;0,691;;
24/02/2026 23:00;0,527;0,527;;
24/02/2026 23:15;0,086;0,086;;
24/02/2026 23:30;0,088;0,088;;
24/02/2026 23:45;0,034;0,034;;
25/02/2026 00:00;0,074;0,074;;
25/02/2026 00:15;0,079;0,079;;
25/02/2026 00:30;0,055;0,055;;
25/02/2026 00:45;0,107;0,107;;
25/02/2026 01:00;0,116;0,116;;
25/02/2026 01:15;0,054;0,054;;
25/02/2026 01:30;0,056;0,056;;
25/02/2026 01:45;0,121;0,121;;
25/02/2026 02:00;0,075;0,075;;
25/02/2026 02:15;0,046;0,046;;
25/02/2026 02:30;0,049;0,049;;
25/02/2026 02:45;0,087;0,087;;
25/02/2026 03:00;0,047;0,047;;
25/02/2026 03:15;0,034;0,034;;
25/02/2026 03:30;0,054;0,054;;
25/02/2026 03:45;0,083;0,083;;
25/02/2026 04:00;0,112;0,112;;
25/02/2026 04:15;0,065;0,065;;
25/02/2026 04:30;0,03;0,03;;
25/02/2026 04:45;0,036;0,036;;
25/02/2026 05:00;0,06;0,06;;
25/02/2026 05:15;0,062;0,062;;
25/02/2026 05:30;0,031;0,031;;
25/02/2026 05:45;0,044;0,044;;
25/02/2026 06:00;0,046;0,046;;
25/02/2026 06:15;0,059;0,059;;
25/02/2026 06:30;0,087;0,087;;
25/02/2026 06:45;0,085;0,085;;
25/02/2026 07:00;0,048;0,048;;
25/02/2026 07:15;0,077;0,077;;
25/02/2026 07:30;0,05;0,05;;
25/02/2026 07:45;0,04;0,04;;
25/02/2026 08:00;0,04;0,04;;
25/02/2026 08:15;0,043;0,043;;
25/02/2026 08:30;0,032;0,032;;
25/02/2026 08:45;0,041;0,041;;
25/02/2026 09:00;0,042;0,042;;
25/02/2026 09:15;0,032;0,032;;
25/02/2026 09:30;0,042;0,042;;
25/02/2026 09:45;0,116;0,116;;
25/02/2026 10:00;0,12;0,12;;
25/02/2026 10:15;0,067;0,067;;
25/02/2026 10:30;0,043;0,043;;
25/02/2026 10:45;0,087;0,087;;
25/02/2026 11:00;0,11;0,11;;
25/02/2026 11:15;0,074;0,074;;
25/02/2026 11:30;0,052;0,052;;
25/02/2026 11:45;0,091;0,091;;
25/02/2026 12:00;0,097;0,097;;
25/02/2026 12:15;0,107;0,107;;
25/02/2026 12:30;0,078;0,078;;
25/02/2026 12:45;0,044;0,044;;
25/02/2026 13:00;0,106;0,106;;
25/02/2026 13:15;0,108;0,108;;
25/02/2026 13:30;0,113;0,113;;
25/02/2026 13:45;0,15;0,15;;
25/02/2026 14:00;0,095;0,095;;
25/02/2026 14:15;0,133;0,133;;
25/02/2026 14:30;0,13;0,13;;
25/02/2026 14:45;0,106;0,106;;
25/02/2026 15:00;0,146;0,146;;
25/02/2026 15:15;0,061;0,061;;
25/02/2026 15:30;0,121;0,121;;
25/02/2026 15:45;0,114;0,114;;
25/02/2026 16:00;0,135;0,135;;
25/02/2026 16:15;0,232;0,232;;
25/02/2026 16:30;0,316;0,316;;
25/02/2026 16:45;0,178;0,178;;
25/02/2026 17:00;0,182;0,182;;
25/02/2026 17:15;0,703;0,703;;
25/02/2026 17:30;0,809;0,809;;
25/02/2026 17:45;0,89;0,89;;
25/02/2026 18:00;0,843;0,843;;
25/02/2026 18:15;1.035;1,035;;
25/02/2026 18:30;1.472;1,472;;
25/02/2026 18:45;1.444;1,444;;
25/02/2026 19:00;1.533;1,533;;
25/02/2026 19:15;1.425;1,425;;
25/02/2026 19:30;1.386;1,386;;
25/02/2026 19:45;1.423;1,423;;
25/02/2026 20:00;1.404;1,404;;
25/02/2026 20:15;1.435;1,435;;
25/02/2026 20:30;1.409;1,409;;
25/02/2026 20:45;1,4;1,4;;
25/02/2026 21:00;1.371;1,371;;
25/02/2026 21:15;1.389;1,389;;
25/02/2026 21:30;1.289;1,289;;
25/02/2026 21:45;1.057;1,057;;
25/02/2026 22:00;1.081;1,081;;
25/02/2026 22:15;1.264;1,264;;
25/02/2026 22:30;1.273;1,273;;
25/02/2026 22:45;1.252;1,252;;
25/02/2026 23:00;0,675;0,675;;
25/02/2026 23:15;0,057;0,057;;
25/02/2026 23:30;0,043;0,043;;
25/02/2026 23:45;0,098;0,098;;
26/02/2026 00:00;0,092;0,092;;
26/02/2026 00:15;0,038;0,038;;
26/02/2026 00:30;0,053;0,053;;
26/02/2026 00:45;0,08;0,08;;
26/02/2026 01:00;0,122;0,122;;
26/02/2026 01:15;0,053;0,053;;
26/02/2026 01:30;0,035;0,035;;
26/02/2026 01:45;0,039;0,039;;
26/02/2026 02:00;0,076;0,076;;
26/02/2026 02:15;0,078;0,078;;
26/02/2026 02:30;0,069;0,069;;
26/02/2026 02:45;0,068;0,068;;
26/02/2026 03:00;0,061;0,061;;
26/02/2026 03:15;0,079;0,079;;
26/02/2026 03:30;0,063;0,063;;
26/02/2026 03:45;0,057;0,057;;
26/02/2026 04:00;0,049;0,049;;
26/02/2026 04:15;0,045;0,045;;
26/02/2026 04:30;0,038;0,038;;
26/02/2026 04:45;0,033;0,033;;
26/02/2026 05:00;0,072;0,072;;
26/02/2026 05:15;0,082;0,082;;
26/02/2026 05:30;0,139;0,139;;
26/02/2026 05:45;0,073;0,073;;
26/02/2026 06:00;0,032;0,032;;
26/02/2026 06:15;0,033;0,033;;
26/02/2026 06:30;0,066;0,066;;
26/02/2026 06:45;0,059;0,059;;
26/02/2026 07:00;0,032;0,032;;
26/02/2026 07:15;0,036;0,036;;
26/02/2026 07:30;0,047;0,047;;
26/02/2026 07:45;0,094;0,094;;
26/02/2026 08:00;0,114;0,114;;
26/02/2026 08:15;0,061;0,061;;
26/02/2026 08:30;0,033;0,033;;
26/02/2026 08:45;0,042;0,042;;
26/02/2026 09:00;0,039;0,039;;
26/02/2026 09:15;0,044;0,044;;
26/02/2026 09:30;0,06;0,06;;
26/02/2026 09:45;0,061;0,061;;
26/02/2026 10:00;0,13;0,13;;
26/02/2026 10:15;0,093;0,093;;
26/02/2026 10:30;0,078;0,078;;
26/02/2026 10:45;0,079;0,079;;
26/02/2026 11:00;0,038;0,038;;
26/02/2026 11:15;0,069;0,069;;
26/02/2026 11:30;0,133;0,133;;
26/02/2026 11:45;0,063;0,063;;
26/02/2026 12:00;0,077;0,077;;
26/02/2026 12:15;0,09;0,09;;
26/02/2026 12:30;0,099;0,099;;
26/02/2026 12:45;0,105;0,105;;
26/02/2026 13:00;0,047;0,047;;
26/02/2026 13:15;0,151;0,151;;
26/02/2026 13:30;0,143;0,143;;
26/02/2026 13:45;0,109;0,109;;
26/02/2026 14:00;0,059;0,059;;
26/02/2026 14:15;0,076;0,076;;
26/02/2026 14:30;0,139;0,139;;
26/02/2026 14:45;0,127;0,127;;
26/02/2026 15:00;0,107;0,107;;
26/02/2026 15:15;0,137;0,137;;
26/02/2026 15:30;0,045;0,045;;
26/02/2026 15:45;0,103;0,103;;
26/02/2026 16:00;0,119;0,119;;
26/02/2026 16:15;0,118;0,118;;
26/02/2026 16:30;0,106;0,106;;
26/02/2026 16:45;0,059;0,059;;
26/02/2026 17:00;0,166;0,166;;
26/02/2026 17:15;0,34;0,34;;
26/02/2026 17:30;0,416;0,416;;
26/02/2026 17:45;0,406;0,406;;
26/02/2026 18:00;0,426;0,426;;
26/02/2026 18:15;0,811;0,811;;
26/02/2026 18:30;1.409;1,409;;
26/02/2026 18:45;1.402;1,402;;
26/02/2026 19:00;1.454;1,454;;
26/02/2026 19:15;1,43;1,43;;
26/02/2026 19:30;1.446;1,446;;
26/02/2026 19:45;1,39;1,39;;
26/02/2026 20:00;1.381;1,381;;
26/02/2026 20:15;1.418;1,418;;
26/02/2026 20:30;1.437;1,437;;
26/02/2026 20:45;1.368;1,368;;
26/02/2026 21:00;1.388;1,388;;
26/02/2026 21:15;1.398;1,398;;
26/02/2026 21:30;1.086;1,086;;
26/02/2026 21:45;0,417;0,417;;
26/02/2026 22:00;0,62;0,62;;
26/02/2026 22:15;1.096;1,096;;
26/02/2026 22:30;1.046;1,046;;
26/02/2026 22:45;1.076;1,076;;
26/02/2026 23:00;0,987;0,987;;
26/02/2026 23:15;0,782;0,782;;
26/02/2026 23:30;0,278;0,278;;
26/02/2026 23:45;0,079;0,079;;
27/02/2026 00:00;0,108;0,108;;
27/02/2026 00:15;0,117;0,117;;
27/02/2026 00:30;0,086;0,086;;
27/02/2026 00:45;0,036;0,036;;
27/02/2026 01:00;0,041;0,041;;
27/02/2026 01:15;0,042;0,042;;
27/02/2026 01:30;0,049;0,049;;
27/02/2026 01:45;0,059;0,059;;
27/02/2026 02:00;0,05;0,05;;
27/02/2026 02:15;0,063;0,063;;
27/02/2026 02:30;0,089;0,089;;
27/02/2026 02:45;0,078;0,078;;
27/02/2026 03:00;0,062;0,062;;
27/02/2026 03:15;0,043;0,043;;
27/02/2026 03:30;0,048;0,048;;
27/02/2026 03:45;0,079;0,079;;
27/02/2026 04:00;0,04;0,04;;
27/02/2026 04:15;0,049;0,049;;
27/02/2026 04:30;0,038;0,038;;
27/02/2026 04:45;0,083;0,083;;
27/02/2026 05:00;0,108;0,108;;
27/02/2026 05:15;0,065;0,065;;
27/02/2026 05:30;0,033;0,033;;
27/02/2026 05:45;0,031;0,031;;
27/02/2026 06:00;0,04;0,04;;
27/02/2026 06:15;0,044;0,044;;
27/02/2026 06:30;0,042;0,042;;
27/02/2026 06:45;0,076;0,076;;
27/02/2026 07:00;0,032;0,032;;
27/02/2026 07:15;0,045;0,045;;
27/02/2026 07:30;0,041;0,041;;
27/02/2026 07:45;0,037;0,037;;
27/02/2026 08:00;0,041;0,041;;
27/02/2026 08:15;0,085;0,085;;
27/02/2026 08:30;0,048;0,048;;
27/02/2026 08:45;0,085;0,085;;
27/02/2026 09:00;0,083;0,083;;
27/02/2026 09:15;0,107;0,107;;
27/02/2026 09:30;0,091;0,091;;
27/02/2026 09:45;0,12;0,12;;
27/02/2026 10:00;0,037;0,037;;
27/02/2026 10:15;0,036;0,036;;
27/02/2026 10:30;0,069;0,069;;
27/02/2026 10:45;0,126;0,126;;
27/02/2026 11:00;0,074;0,074;;
27/02/2026 11:15;0,081;0,081;;
27/02/2026 11:30;0,104;0,104;;
27/02/2026 11:45;0,096;0,096;;
27/02/2026 12:00;0,035;0,035;;
27/02/2026 12:15;0,048;0,048;;
27/02/2026 12:30;0,117;0,117;;
27/02/2026 12:45;0,11;0,11;;
27/02/2026 13:00;0,034;0,034;;
27/02/2026 13:15;0,192;0,192;;
27/02/2026 13:30;0,429;0,429;;
27/02/2026 13:45;0,413;0,413;;
27/02/2026 14:00;0,48;0,48;;
27/02/2026 14:15;0,428;0,428;;
27/02/2026 14:30;0,385;0,385;;
27/02/2026 14:45;0,393;0,393;;
27/02/2026 15:00;0,188;0,188;;
27/02/2026 15:15;0,147;0,147;;
27/02/2026 15:30;0,185;0,185;;
27/02/2026 15:45;0,125;0,125;;
27/02/2026 16:00;0,12;0,12;;
27/02/2026 16:15;0,161;0,161;;
27/02/2026 16:30;0,165;0,165;;
27/02/2026 16:45;0,054;0,054;;
27/02/2026 17:00;0,076;0,076;;
27/02/2026 17:15;0,348;0,348;;
27/02/2026 17:30;0,82;0,82;;
27/02/2026 17:45;0,757;0,757;;
27/02/2026 18:00;0,714;0,714;;
27/02/2026 18:15;0,739;0,739;;
27/02/2026 18:30;0,907;0,907;;
27/02/2026 18:45;0,838;0,838;;
27/02/2026 19:00;0,825;0,825;;
27/02/2026 19:15;1.229;1,229;;
27/02/2026 19:30;1.682;1,682;;
27/02/2026 19:45;1.617;1,617;;
27/02/2026 20:00;1.815;1,815;;
27/02/2026 20:15;1.587;1,587;;
27/02/2026 20:30;1.691;1,691;;
27/02/2026 20:45;1.952;1,952;;
27/02/2026 21:00;2.244;2,244;;
27/02/2026 21:15;1.841;1,841;;
27/02/2026 21:30;1.805;1,805;;
27/02/2026 21:45;1.835;1,835;;
27/02/2026 22:00;1.766;1,766;;
27/02/2026 22:15;1.882;1,882;;
27/02/2026 22:30;1.802;1,802;;
27/02/2026 22:45;1,82;1,82;;
27/02/2026 23:00;1.677;1,677;;
27/02/2026 23:15;1.665;1,665;;
27/02/2026 23:30;1.716;1,716;;
27/02/2026 23:45;1.689;1,689;;
28/02/2026 00:00;1.041;1,041;;
28/02/2026 00:15;1.006;1,006;;
28/02/2026 00:30;1.437;1,437;;
28/02/2026 00:45;1.111;1,111;;
28/02/2026 01:00;1,02;1,02;;
28/02/2026 01:15;0,905;0,905;;
28/02/2026 01:30;0,14;0,14;;
28/02/2026 01:45;0,106;0,106;;
28/02/2026 02:00;0,132;0,132;;
28/02/2026 02:15;0,095;0,095;;
28/02/2026 02:30;0,041;0,041;;
28/02/2026 02:45;0,095;0,095;;
28/02/2026 03:00;0,113;0,113;;
28/02/2026 03:15;0,109;0,109;;
28/02/2026 03:30;0,056;0,056;;
28/02/2026 03:45;0,076;0,076;;
28/02/2026 04:00;0,095;0,095;;
28/02/2026 04:15;0,111;0,111;;
28/02/2026 04:30;0,056;0,056;;
28/02/2026 04:45;0,067;0,067;;
28/02/2026 05:00;0,09;0,09;;
28/02/2026 05:15;0,112;0,112;;
28/02/2026 05:30;0,067;0,067;;
28/02/2026 05:45;0,075;0,075;;
28/02/2026 06:00;0,117;0,117;;
28/02/2026 06:15;0,115;0,115;;
28/02/2026 06:30;0,134;0,134;;
28/02/2026 06:45;0,077;0,077;;
28/02/2026 07:00;0,04;0,04;;
28/02/2026 07:15;0,073;0,073;;
28/02/2026 07:30;0,096;0,096;;
28/02/2026 07:45;0,099;0,099;;
28/02/2026 08:00;0,041;0,041;;
28/02/2026 08:15;0,146;0,146;;
28/02/2026 08:30;0,756;0,756;;
28/02/2026 08:45;0,754;0,754;;
28/02/2026 09:00;0,74;0,74;;
28/02/2026 09:15;0,693;0,693;;
28/02/2026 09:30;0,713;0,713;;
28/02/2026 09:45;0,755;0,755;;
28/02/2026 10:00;0,849;0,849;;
28/02/2026 10:15;0,839;0,839;;
28/02/2026 10:30;0,846;0,846;;
28/02/2026 10:45;0,904;0,904;;
28/02/2026 11:00;0,959;0,959;;
28/02/2026 11:15;0,83;0,83;;
28/02/2026 11:30;0,827;0,827;;
28/02/2026 11:45;0,842;0,842;;
28/02/2026 12:00;0,867;0,867;;
28/02/2026 12:15;0,858;0,858;;
28/02/2026 12:30;1.007;1,007;;
28/02/2026 12:45;1.608;1,608;;
28/02/2026 13:00;1.136;1,136;;
28/02/2026 13:15;0,943;0,943;;
28/02/2026 13:30;0,811;0,811;;
28/02/2026 13:45;0,757;0,757;;
28/02/2026 14:00;1.075;1,075;;
28/02/2026 14:15;1.359;1,359;;
28/02/2026 14:30;1.254;1,254;;
28/02/2026 14:45;1.248;1,248;;
28/02/2026 15:00;1.305;1,305;;
28/02/2026 15:15;1.781;1,781;;
28/02/2026 15:30;1.636;1,636;;
28/02/2026 15:45;1.349;1,349;;
28/02/2026 16:00;1.257;1,257;;
28/02/2026 16:15;1.332;1,332;;
28/02/2026 16:30;1.351;1,351;;
28/02/2026 16:45;1.374;1,374;;
28/02/2026 17:00;1,27;1,27;;
28/02/2026 17:15;1.253;1,253;;
28/02/2026 17:30;1.285;1,285;;
28/02/2026 17:45;1.322;1,322;;
28/02/2026 18:00;1.603;1,603;;
28/02/2026 18:15;1.441;1,441;;
28/02/2026 18:30;1.258;1,258;;
28/02/2026 18:45;1.369;1,369;;
28/02/2026 19:00;1.334;1,334;;
28/02/2026 19:15;1.728;1,728;;
28/02/2026 19:30;1.694;1,694;;
28/02/2026 19:45;1.572;1,572;;
28/02/2026 20:00;1.476;1,476;;
28/02/2026 20:15;0,971;0,971;;
28/02/2026 20:30;0,485;0,485;;
28/02/2026 20:45;0,477;0,477;;
28/02/2026 21:00;0,488;0,488;;
28/02/2026 21:15;0,389;0,389;;
28/02/2026 21:30;0,419;0,419;;
28/02/2026 21:45;0,397;0,397;;
28/02/2026 22:00;0,396;0,396;;
28/02/2026 22:15;0,307;0,307;;
28/02/2026 22:30;0,227;0,227;;
28/02/2026 22:45;0,399;0,399;;
28/02/2026 23:00;0,406;0,406;;
28/02/2026 23:15;0,421;0,421;;
28/02/2026 23:30;0,419;0,419;;
28/02/2026 23:45;0,42;0,42;;
01/03/2026 00:00;0,416;0,416;;
01/03/2026 00:15;0,415;0,415;;
01/03/2026 00:30;0,43;0,43;;
01/03/2026 00:45;0,411;0,411;;
01/03/2026 01:00;0,415;0,415;;
01/03/2026 01:15;0,128;0,128;;
01/03/2026 01:30;0,048;0,048;;
01/03/2026 01:45;0,048;0,048;;
01/03/2026 02:00;0,046;0,046;;
01/03/2026 02:15;0,047;0,047;;
01/03/2026 02:30;0,048;0,048;;
01/03/2026 02:45;0,067;0,067;;
01/03/2026 03:00;0,096;0,096;;
01/03/2026 03:15;0,088;0,088;;
01/03/2026 03:30;0,09;0,09;;
01/03/2026 03:45;0,104;0,104;;
01/03/2026 04:00;0,095;0,095;;
01/03/2026 04:15;0,05;0,05;;
01/03/2026 04:30;0,056;0,056;;
01/03/2026 04:45;0,052;0,052;;
01/03/2026 05:00;0,058;0,058;;
01/03/2026 05:15;0,045;0,045;;
01/03/2026 05:30;0,046;0,046;;
01/03/2026 05:45;0,046;0,046;;
01/03/2026 06:00;0,048;0,048;;
01/03/2026 06:15;0,047;0,047;;
01/03/2026 06:30;0,042;0,042;;
01/03/2026 06:45;0,044;0,044;;
01/03/2026 07:00;0,053;0,053;;
01/03/2026 07:15;0,053;0,053;;
01/03/2026 07:30;0,045;0,045;;
01/03/2026 07:45;0,046;0,046;;
01/03/2026 08:00;0,051;0,051;;
01/03/2026 08:15;0,042;0,042;;
01/03/2026 08:30;0,043;0,043;;
01/03/2026 08:45;0,054;0,054;;
01/03/2026 09:00;0,058;0,058;;
01/03/2026 09:15;0,044;0,044;;
01/03/2026 09:30;0,054;0,054;;
01/03/2026 09:45;0,05;0,05;;
01/03/2026 10:00;0,048;0,048;;
01/03/2026 10:15;0,049;0,049;;
01/03/2026 10:30;0,045;0,045;;
01/03/2026 10:45;0,099;0,099;;
01/03/2026 11:00;0,16;0,16;;
01/03/2026 11:15;0,183;0,183;;
01/03/2026 11:30;0,128;0,128;;
01/03/2026 11:45;0,073;0,073;;
01/03/2026 12:00;0,063;0,063;;
01/03/2026 12:15;0,045;0,045;;
01/03/2026 12:30;0,072;0,072;;
01/03/2026 12:45;0,145;0,145;;
01/03/2026 13:00;0,059;0,059;;
01/03/2026 13:15;0,047;0,047;;
01/03/2026 13:30;0,05;0,05;;
01/03/2026 13:45;0,103;0,103;;
01/03/2026 14:00;0,099;0,099;;
01/03/2026 14:15;0,052;0,052;;
01/03/2026 14:30;0,111;0,111;;
01/03/2026 14:45;0,137;0,137;;
01/03/2026 15:00;0,318;0,318;;
01/03/2026 15:15;0,565;0,565;;
01/03/2026 15:30;0,654;0,654;;
01/03/2026 15:45;0,691;0,691;;
01/03/2026 16:00;0,572;0,572;;
01/03/2026 16:15;0,173;0,173;;
01/03/2026 16:30;0,207;0,207;;
01/03/2026 16:45;0,173;0,173;;
01/03/2026 17:00;0,184;0,184;;
01/03/2026 17:15;1.035;1,035;;
01/03/2026 17:30;1.685;1,685;;
01/03/2026 17:45;1.624;1,624;;
01/03/2026 18:00;1.709;1,709;;
01/03/2026 18:15;1.875;1,875;;
01/03/2026 18:30;1.561;1,561;;
01/03/2026 18:45;1.324;1,324;;
01/03/2026 19:00;1.278;1,278;;
01/03/2026 19:15;1.366;1,366;;
01/03/2026 19:30;1.063;1,063;;
01/03/2026 19:45;1,29;1,29;;
01/03/2026 20:00;1.205;1,205;;
01/03/2026 20:15;0,995;0,995;;
01/03/2026 20:30;1.004;1,004;;
01/03/2026 20:45;0,916;0,916;;
01/03/2026 21:00;0,888;0,888;;
01/03/2026 21:15;0,918;0,918;;
01/03/2026 21:30;0,874;0,874;;
01/03/2026 21:45;1.253;1,253;;
01/03/2026 22:00;1.384;1,384;;
01/03/2026 22:15;1.173;1,173;;
01/03/2026 22:30;1.034;1,034;;
01/03/2026 22:45;1.009;1,009;;
01/03/2026 23:00;1.013;1,013;;
01/03/2026 23:15;0,991;0,991;;
01/03/2026 23:30;0,777;0,777;;
01/03/2026 23:45;0,57;0,57;;
02/03/2026 00:00;0,553;0,553;;
02/03/2026 00:15;0,335;0,335;;
02/03/2026 00:30;0,035;0,035;;
02/03/2026 00:45;0,046;0,046;;
02/03/2026 01:00;0,1;0,1;;
02/03/2026 01:15;0,046;0,046;;
02/03/2026 01:30;0,032;0,032;;
02/03/2026 01:45;0,043;0,043;;
02/03/2026 02:00;0,054;0,054;;
02/03/2026 02:15;0,091;0,091;;
02/03/2026 02:30;0,088;0,088;;
02/03/2026 02:45;0,084;0,084;;
02/03/2026 03:00;0,081;0,081;;
02/03/2026 03:15;0,077;0,077;;
02/03/2026 03:30;0,037;0,037;;
02/03/2026 03:45;0,031;0,031;;
02/03/2026 04:00;0,04;0,04;;
02/03/2026 04:15;0,053;0,053;;
02/03/2026 04:30;0,041;0,041;;
02/03/2026 04:45;0,031;0,031;;
02/03/2026 05:00;0,034;0,034;;
02/03/2026 05:15;0,038;0,038;;
02/03/2026 05:30;0,042;0,042;;
02/03/2026 05:45;0,033;0,033;;
02/03/2026 06:00;0,034;0,034;;
02/03/2026 06:15;0,045;0,045;;
02/03/2026 06:30;0,051;0,051;;
02/03/2026 06:45;0,032;0,032;;
02/03/2026 07:00;0,041;0,041;;
02/03/2026 07:15;0,051;0,051;;
02/03/2026 07:30;0,038;0,038;;
02/03/2026 07:45;0,036;0,036;;
02/03/2026 08:00;0,041;0,041;;
02/03/2026 08:15;0,038;0,038;;
02/03/2026 08:30;0,068;0,068;;
02/03/2026 08:45;0,067;0,067;;
02/03/2026 09:00;0,042;0,042;;
02/03/2026 09:15;0,039;0,039;;
02/03/2026 09:30;0,085;0,085;;
02/03/2026 09:45;0,082;0,082;;
02/03/2026 10:00;0,083;0,083;;
02/03/2026 10:15;0,089;0,089;;
02/03/2026 10:30;0,051;0,051;;
02/03/2026 10:45;0,064;0,064;;
02/03/2026 11:00;0,079;0,079;;
02/03/2026 11:15;0,11;0,11;;
02/03/2026 11:30;0,11;0,11;;
02/03/2026 11:45;0,104;0,104;;
02/03/2026 12:00;0,087;0,087;;
02/03/2026 12:15;0,075;0,075;;
02/03/2026 12:30;0,096;0,096;;
02/03/2026 12:45;0,103;0,103;;
02/03/2026 13:00;0,082;0,082;;
02/03/2026 13:15;0,083;0,083;;
02/03/2026 13:30;0,068;0,068;;
02/03/2026 13:45;0,133;0,133;;
02/03/2026 14:00;0,141;0,141;;
02/03/2026 14:15;0,053;0,053;;
02/03/2026 14:30;0,047;0,047;;
02/03/2026 14:45;0,155;0,155;;
02/03/2026 15:00;0,151;0,151;;
02/03/2026 15:15;0,032;0,032;;
02/03/2026 15:30;0,042;0,042;;
02/03/2026 15:45;0,126;0,126;;
02/03/2026 16:00;0,127;0,127;;
02/03/2026 16:15;0,12;0,12;;
02/03/2026 16:30;0,139;0,139;;
02/03/2026 16:45;0,07;0,07;;
02/03/2026 17:00;0,06;0,06;;
02/03/2026 17:15;0,173;0,173;;
02/03/2026 17:30;0,142;0,142;;
02/03/2026 17:45;0,037;0,037;;
02/03/2026 18:00;0,073;0,073;;
02/03/2026 18:15;0,694;0,694;;
02/03/2026 18:30;1.446;1,446;;
02/03/2026 18:45;1.412;1,412;;
02/03/2026 19:00;1.419;1,419;;
02/03/2026 19:15;1.401;1,401;;
02/03/2026 19:30;1.424;1,424;;
02/03/2026 19:45;1.409;1,409;;
02/03/2026 20:00;1.419;1,419;;
02/03/2026 20:15;1.373;1,373;;
02/03/2026 20:30;1.386;1,386;;
02/03/2026 20:45;1.447;1,447;;
02/03/2026 21:00;1.418;1,418;;
02/03/2026 21:15;1.361;1,361;;
02/03/2026 21:30;1.161;1,161;;
02/03/2026 21:45;0,767;0,767;;
02/03/2026 22:00;0,749;0,749;;
02/03/2026 22:15;0,888;0,888;;
02/03/2026 22:30;0,924;0,924;;
02/03/2026 22:45;0,938;0,938;;
02/03/2026 23:00;0,922;0,922;;
02/03/2026 23:15;1.381;1,381;;
02/03/2026 23:30;1.214;1,214;;
02/03/2026 23:45;1.206;1,206;;
03/03/2026 00:00;0,282;0,282;;
03/03/2026 00:15;0,058;0,058;;
03/03/2026 00:30;0,039;0,039;;
03/03/2026 00:45;0,084;0,084;;
03/03/2026 01:00;0,056;0,056;;
03/03/2026 01:15;0,082;0,082;;
03/03/2026 01:30;0,112;0,112;;
03/03/2026 01:45;0,073;0,073;;
03/03/2026 02:00;0,036;0,036;;
03/03/2026 02:15;0,032;0,032;;
03/03/2026 02:30;0,037;0,037;;
03/03/2026 02:45;0,035;0,035;;
03/03/2026 03:00;0,038;0,038;;
03/03/2026 03:15;0,069;0,069;;
03/03/2026 03:30;0,077;0,077;;
03/03/2026 03:45;0,036;0,036;;
03/03/2026 04:00;0,038;0,038;;
03/03/2026 04:15;0,031;0,031;;
03/03/2026 04:30;0,037;0,037;;
03/03/2026 04:45;0,039;0,039;;
03/03/2026 05:00;0,032;0,032;;
03/03/2026 05:15;0,038;0,038;;
03/03/2026 05:30;0,058;0,058;;
03/03/2026 05:45;0,047;0,047;;
03/03/2026 06:00;0,031;0,031;;
03/03/2026 06:15;0,035;0,035;;
03/03/2026 06:30;0,041;0,041;;
03/03/2026 06:45;0,032;0,032;;
03/03/2026 07:00;0,033;0,033;;
03/03/2026 07:15;0,038;0,038;;
03/03/2026 07:30;0,037;0,037;;
03/03/2026 07:45;0,036;0,036;;
03/03/2026 08:00;0,049;0,049;;
03/03/2026 08:15;0,077;0,077;;
03/03/2026 08:30;0,085;0,085;;
03/03/2026 08:45;0,086;0,086;;
03/03/2026 09:00;0,074;0,074;;
03/03/2026 09:15;0,033;0,033;;
03/03/2026 09:30;0,04;0,04;;
03/03/2026 09:45;0,043;0,043;;
03/03/2026 10:00;0,045;0,045;;
03/03/2026 10:15;0,093;0,093;;
03/03/2026 10:30;0,121;0,121;;
03/03/2026 10:45;0,088;0,088;;
03/03/2026 11:00;0,049;0,049;;
03/03/2026 11:15;0,072;0,072;;
03/03/2026 11:30;0,069;0,069;;
03/03/2026 11:45;0,102;0,102;;
03/03/2026 12:00;0,126;0,126;;
03/03/2026 12:15;0,043;0,043;;
03/03/2026 12:30;0,054;0,054;;
03/03/2026 12:45;0,119;0,119;;
03/03/2026 13:00;0,138;0,138;;
03/03/2026 13:15;0,078;0,078;;
03/03/2026 13:30;0,05;0,05;;
03/03/2026 13:45;0,13;0,13;;
03/03/2026 14:00;0,123;0,123;;
03/03/2026 14:15;0,089;0,089;;
03/03/2026 14:30;0,079;0,079;;
03/03/2026 14:45;0,136;0,136;;
03/03/2026 15:00;0,093;0,093;;
03/03/2026 15:15;0,091;0,091;;
03/03/2026 15:30;0,153;0,153;;
03/03/2026 15:45;0,182;0,182;;
03/03/2026 16:00;0,063;0,063;;
03/03/2026 16:15;0,05;0,05;;
03/03/2026 16:30;0,17;0,17;;
03/03/2026 16:45;0,158;0,158;;
03/03/2026 17:00;0,063;0,063;;
03/03/2026 17:15;0,129;0,129;;
03/03/2026 17:30;0,481;0,481;;
03/03/2026 17:45;0,445;0,445;;
03/03/2026 18:00;0,426;0,426;;
03/03/2026 18:15;0,769;0,769;;
03/03/2026 18:30;1.483;1,483;;
03/03/2026 18:45;1.437;1,437;;
03/03/2026 19:00;1.432;1,432;;
03/03/2026 19:15;1.437;1,437;;
03/03/2026 19:30;1.393;1,393;;
03/03/2026 19:45;1.391;1,391;;
03/03/2026 20:00;1.477;1,477;;
03/03/2026 20:15;1.456;1,456;;
03/03/2026 20:30;1,36;1,36;;
03/03/2026 20:45;1.365;1,365;;
03/03/2026 21:00;1,46;1,46;;
03/03/2026 21:15;1.393;1,393;;
03/03/2026 21:30;1.161;1,161;;
03/03/2026 21:45;0,73;0,73;;
03/03/2026 22:00;0,721;0,721;;
03/03/2026 22:15;0,751;0,751;;
03/03/2026 22:30;0,653;0,653;;
03/03/2026 22:45;0,547;0,547;;
03/03/2026 23:00;0,376;0,376;;
03/03/2026 23:15;0,213;0,213;;
03/03/2026 23:30;0,223;0,223;;
03/03/2026 23:45;0,12;0,12;;
04/03/2026 00:00;0,034;0,034;;
04/03/2026 00:15;0,046;0,046;;
04/03/2026 00:30;0,137;0,137;;
04/03/2026 00:45;0,078;0,078;;
04/03/2026 01:00;0,031;0,031;;
04/03/2026 01:15;0,034;0,034;;
04/03/2026 01:30;0,076;0,076;;
04/03/2026 01:45;0,072;0,072;;
04/03/2026 02:00;0,087;0,087;;
04/03/2026 02:15;0,038;0,038;;
04/03/2026 02:30;0,049;0,049;;
04/03/2026 02:45;0,077;0,077;;
04/03/2026 03:00;0,062;0,062;;
04/03/2026 03:15;0,089;0,089;;
04/03/2026 03:30;0,039;0,039;;
04/03/2026 03:45;0,042;0,042;;
04/03/2026 04:00;0,081;0,081;;
04/03/2026 04:15;0,056;0,056;;
04/03/2026 04:30;0,037;0,037;;
04/03/2026 04:45;0,041;0,041;;
04/03/2026 05:00;0,045;0,045;;
04/03/2026 05:15;0,042;0,042;;
04/03/2026 05:30;0,041;0,041;;
04/03/2026 05:45;0,039;0,039;;
04/03/2026 06:00;0,082;0,082;;
04/03/2026 06:15;0,077;0,077;;
04/03/2026 06:30;0,042;0,042;;
04/03/2026 06:45;0,04;0,04;;
04/03/2026 07:00;0,043;0,043;;
04/03/2026 07:15;0,053;0,053;;
04/03/2026 07:30;0,038;0,038;;
04/03/2026 07:45;0,031;0,031;;
04/03/2026 08:00;0,04;0,04;;
04/03/2026 08:15;0,051;0,051;;
04/03/2026 08:30;0,082;0,082;;
04/03/2026 08:45;0,321;0,321;;
04/03/2026 09:00;0,367;0,367;;
04/03/2026 09:15;0,367;0,367;;
04/03/2026 09:30;0,376;0,376;;
04/03/2026 09:45;0,407;0,407;;
04/03/2026 10:00;0,408;0,408;;
04/03/2026 10:15;0,352;0,352;;
04/03/2026 10:30;0,095;0,095;;
04/03/2026 10:45;0,05;0,05;;
04/03/2026 11:00;0,064;0,064;;
04/03/2026 11:15;0,069;0,069;;
04/03/2026 11:30;0,15;0,15;;
04/03/2026 11:45;0,097;0,097;;
04/03/2026 12:00;0,079;0,079;;
04/03/2026 12:15;0,095;0,095;;
04/03/2026 12:30;0,07;0,07;;
04/03/2026 12:45;0,058;0,058;;
04/03/2026 13:00;0,139;0,139;;
04/03/2026 13:15;0,133;0,133;;
04/03/2026 13:30;0,074;0,074;;
04/03/2026 13:45;0,052;0,052;;
04/03/2026 14:00;0,138;0,138;;
04/03/2026 14:15;0,085;0,085;;
04/03/2026 14:30;0,098;0,098;;
04/03/2026 14:45;0,147;0,147;;
04/03/2026 15:00;0,154;0,154;;
04/03/2026 15:15;0,046;0,046;;
04/03/2026 15:30;0,087;0,087;;
04/03/2026 15:45;0,159;0,159;;
04/03/2026 16:00;0,121;0,121;;
04/03/2026 16:15;0,074;0,074;;
04/03/2026 16:30;0,12;0,12;;
04/03/2026 16:45;0,128;0,128;;
04/03/2026 17:00;0,107;0,107;;
04/03/2026 17:15;0,093;0,093;;
04/03/2026 17:30;0,766;0,766;;
04/03/2026 17:45;0,809;0,809;;
04/03/2026 18:00;0,76;0,76;;
04/03/2026 18:15;0,91;0,91;;
04/03/2026 18:30;1.432;1,432;;
04/03/2026 18:45;1.402;1,402;;
04/03/2026 19:00;1.414;1,414;;
04/03/2026 19:15;1.474;1,474;;
04/03/2026 19:30;1.402;1,402;;
04/03/2026 19:45;1.371;1,371;;
04/03/2026 20:00;1.407;1,407;;
04/03/2026 20:15;1,58;1,58;;
04/03/2026 20:30;2.315;2,315;;
04/03/2026 20:45;2.338;2,338;;
04/03/2026 21:00;2.535;2,535;;
04/03/2026 21:15;2.517;2,517;;
04/03/2026 21:30;1.293;1,293;;
04/03/2026 21:45;0,687;0,687;;
04/03/2026 22:00;0,416;0,416;;
04/03/2026 22:15;0,493;0,493;;
04/03/2026 22:30;0,511;0,511;;
04/03/2026 22:45;0,607;0,607;;
04/03/2026 23:00;0,373;0,373;;
04/03/2026 23:15;0,123;0,123;;
04/03/2026 23:30;0,219;0,219;;
04/03/2026 23:45;0,121;0,121;;
05/03/2026 00:00;0,058;0,058;;
05/03/2026 00:15;0,053;0,053;;
05/03/2026 00:30;0,092;0,092;;
05/03/2026 00:45;0,096;0,096;;
05/03/2026 01:00;0,038;0,038;;
05/03/2026 01:15;0,07;0,07;;
05/03/2026 01:30;0,064;0,064;;
05/03/2026 01:45;0,061;0,061;;
05/03/2026 02:00;0,099;0,099;;
05/03/2026 02:15;0,103;0,103;;
05/03/2026 02:30;0,058;0,058;;
05/03/2026 02:45;0,043;0,043;;
05/03/2026 03:00;0,04;0,04;;
05/03/2026 03:15;0,094;0,094;;
05/03/2026 03:30;0,082;0,082;;
05/03/2026 03:45;0,036;0,036;;
05/03/2026 04:00;0,05;0,05;;
05/03/2026 04:15;0,046;0,046;;
05/03/2026 04:30;0,092;0,092;;
05/03/2026 04:45;0,101;0,101;;
05/03/2026 05:00;0,036;0,036;;
05/03/2026 05:15;0,042;0,042;;
05/03/2026 05:30;0,04;0,04;;
05/03/2026 05:45;0,034;0,034;;
05/03/2026 06:00;0,035;0,035;;
05/03/2026 06:15;0,056;0,056;;
05/03/2026 06:30;0,057;0,057;;
05/03/2026 06:45;0,08;0,08;;
05/03/2026 07:00;0,055;0,055;;
05/03/2026 07:15;0,036;0,036;;
05/03/2026 07:30;0,038;0,038;;
05/03/2026 07:45;0,039;0,039;;
05/03/2026 08:00;0,035;0,035;;
05/03/2026 08:15;0,038;0,038;;
05/03/2026 08:30;0,049;0,049;;
05/03/2026 08:45;0,054;0,054;;
05/03/2026 09:00;0,082;0,082;;
05/03/2026 09:15;0,09;0,09;;
05/03/2026 09:30;0,062;0,062;;
05/03/2026 09:45;0,034;0,034;;
05/03/2026 10:00;0,034;0,034;;
05/03/2026 10:15;0,115;0,115;;
05/03/2026 10:30;0,147;0,147;;
05/03/2026 10:45;0,078;0,078;;
05/03/2026 11:00;0,077;0,077;;
05/03/2026 11:15;0,143;0,143;;
05/03/2026 11:30;0,096;0,096;;
05/03/2026 11:45;0,037;0,037;;
05/03/2026 12:00;0,065;0,065;;
05/03/2026 12:15;0,171;0,171;;
05/03/2026 12:30;0,076;0,076;;
05/03/2026 12:45;0,049;0,049;;
05/03/2026 13:00;0,116;0,116;;
05/03/2026 13:15;0,097;0,097;;
05/03/2026 13:30;0,099;0,099;;
05/03/2026 13:45;0,161;0,161;;
05/03/2026 14:00;0,078;0,078;;
05/03/2026 14:15;0,068;0,068;;
05/03/2026 14:30;0,151;0,151;;
05/03/2026 14:45;0,133;0,133;;
05/03/2026 15:00;0,08;0,08;;
05/03/2026 15:15;0,044;0,044;;
05/03/2026 15:30;0,101;0,101;;
05/03/2026 15:45;0,165;0,165;;
05/03/2026 16:00;0,169;0,169;;
05/03/2026 16:15;0,14;0,14;;
05/03/2026 16:30;0,059;0,059;;
05/03/2026 16:45;0,122;0,122;;
05/03/2026 17:00;0,172;0,172;;
05/03/2026 17:15;0,102;0,102;;
05/03/2026 17:30;0,339;0,339;;
05/03/2026 17:45;0,48;0,48;;
05/03/2026 18:00;0,467;0,467;;
05/03/2026 18:15;0,788;0,788;;
05/03/2026 18:30;1.498;1,498;;
05/03/2026 18:45;1.486;1,486;;
05/03/2026 19:00;1,45;1,45;;
05/03/2026 19:15;1.448;1,448;;
05/03/2026 19:30;1.636;1,636;;
05/03/2026 19:45;1.733;1,733;;
05/03/2026 20:00;1.761;1,761;;
05/03/2026 20:15;1.792;1,792;;
05/03/2026 20:30;1.669;1,669;;
05/03/2026 20:45;1.409;1,409;;
05/03/2026 21:00;1,41;1,41;;
05/03/2026 21:15;1.398;1,398;;
05/03/2026 21:30;1.161;1,161;;
05/03/2026 21:45;0,748;0,748;;
05/03/2026 22:00;0,737;0,737;;
05/03/2026 22:15;0,707;0,707;;
05/03/2026 22:30;0,699;0,699;;
05/03/2026 22:45;0,692;0,692;;
05/03/2026 23:00;0,672;0,672;;
05/03/2026 23:15;0,088;0,088;;
05/03/2026 23:30;0,136;0,136;;
05/03/2026 23:45;0,201;0,201;;
06/03/2026 00:00;0,217;0,217;;
06/03/2026 00:15;0,197;0,197;;
06/03/2026 00:30;0,167;0,167;;
06/03/2026 00:45;0,188;0,188;;
06/03/2026 01:00;0,159;0,159;;
06/03/2026 01:15;0,196;0,196;;
06/03/2026 01:30;0,236;0,236;;
06/03/2026 01:45;0,214;0,214;;
06/03/2026 02:00;0,122;0,122;;
06/03/2026 02:15;0,138;0,138;;
06/03/2026 02:30;0,128;0,128;;
06/03/2026 02:45;0,096;0,096;;
06/03/2026 03:00;0,097;0,097;;
06/03/2026 03:15;0,104;0,104;;
06/03/2026 03:30;0,094;0,094;;
06/03/2026 03:45;0,092;0,092;;
06/03/2026 04:00;0,093;0,093;;
06/03/2026 04:15;0,151;0,151;;
06/03/2026 04:30;0,104;0,104;;
06/03/2026 04:45;0,101;0,101;;
06/03/2026 05:00;0,136;0,136;;
06/03/2026 05:15;0,102;0,102;;
06/03/2026 05:30;0,051;0,051;;
06/03/2026 05:45;0,061;0,061;;
06/03/2026 06:00;0,098;0,098;;
06/03/2026 06:15;0,13;0,13;;
06/03/2026 06:30;0,092;0,092;;
06/03/2026 06:45;0,04;0,04;;
06/03/2026 07:00;0,053;0,053;;
06/03/2026 07:15;0,095;0,095;;
06/03/2026 07:30;0,071;0,071;;
06/03/2026 07:45;0,084;0,084;;
06/03/2026 08:00;0,067;0,067;;
06/03/2026 08:15;0,096;0,096;;
06/03/2026 08:30;0,099;0,099;;
06/03/2026 08:45;0,105;0,105;;
06/03/2026 09:00;0,058;0,058;;
06/03/2026 09:15;0,06;0,06;;
06/03/2026 09:30;0,126;0,126;;
06/03/2026 09:45;0,103;0,103;;
06/03/2026 10:00;0,092;0,092;;
06/03/2026 10:15;0,056;0,056;;
06/03/2026 10:30;0,091;0,091;;
06/03/2026 10:45;0,142;0,142;;
06/03/2026 11:00;0,134;0,134;;
06/03/2026 11:15;0,137;0,137;;
06/03/2026 11:30;0,111;0,111;;
06/03/2026 11:45;0,16;0,16;;
06/03/2026 12:00;0,105;0,105;;
06/03/2026 12:15;0,105;0,105;;
06/03/2026 12:30;0,092;0,092;;
06/03/2026 12:45;0,131;0,131;;
06/03/2026 13:00;0,135;0,135;;
06/03/2026 13:15;0,122;0,122;;
06/03/2026 13:30;0,125;0,125;;
06/03/2026 13:45;0,122;0,122;;
06/03/2026 14:00;0,183;0,183;;
06/03/2026 14:15;0,183;0,183;;
06/03/2026 14:30;0,108;0,108;;
06/03/2026 14:45;0,074;0,074;;
06/03/2026 15:00;0,133;0,133;;
06/03/2026 15:15;0,16;0,16;;
06/03/2026 15:30;0,105;0,105;;
06/03/2026 15:45;0,116;0,116;;
06/03/2026 16:00;0,085;0,085;;
06/03/2026 16:15;0,107;0,107;;
06/03/2026 16:30;0,132;0,132;;
06/03/2026 16:45;0,136;0,136;;
06/03/2026 17:00;0,077;0,077;;
06/03/2026 17:15;0,075;0,075;;
06/03/2026 17:30;0,166;0,166;;
06/03/2026 17:45;0,113;0,113;;
06/03/2026 18:00;0,115;0,115;;
06/03/2026 18:15;0,394;0,394;;
06/03/2026 18:30;1.124;1,124;;
06/03/2026 18:45;1.121;1,121;;
06/03/2026 19:00;1.053;1,053;;
06/03/2026 19:15;1.062;1,062;;
06/03/2026 19:30;1.086;1,086;;
06/03/2026 19:45;1.086;1,086;;
06/03/2026 20:00;1.102;1,102;;
06/03/2026 20:15;1.109;1,109;;
06/03/2026 20:30;1,03;1,03;;
06/03/2026 20:45;1.063;1,063;;
06/03/2026 21:00;1.103;1,103;;
06/03/2026 21:15;1.052;1,052;;
06/03/2026 21:30;0,753;0,753;;
06/03/2026 21:45;0,092;0,092;;
06/03/2026 22:00;0,144;0,144;;
06/03/2026 22:15;0,11;0,11;;
06/03/2026 22:30;0,113;0,113;;
06/03/2026 22:45;0,133;0,133;;
06/03/2026 23:00;0,097;0,097;;
06/03/2026 23:15;0,068;0,068;;
06/03/2026 23:30;0,1;0,1;;
06/03/2026 23:45;0,126;0,126;;
07/03/2026 00:00;0,047;0,047;;
07/03/2026 00:15;0,066;0,066;;
07/03/2026 00:30;0,127;0,127;;
07/03/2026 00:45;0,126;0,126;;
07/03/2026 01:00;0,046;0,046;;
07/03/2026 01:15;0,066;0,066;;
07/03/2026 01:30;0,152;0,152;;
07/03/2026 01:45;0,055;0,055;;
07/03/2026 02:00;0,056;0,056;;
07/03/2026 02:15;0,103;0,103;;
07/03/2026 02:30;0,088;0,088;;
07/03/2026 02:45;0,096;0,096;;
07/03/2026 03:00;0,102;0,102;;
07/03/2026 03:15;0,075;0,075;;
07/03/2026 03:30;0,082;0,082;;
07/03/2026 03:45;0,102;0,102;;
07/03/2026 04:00;0,04;0,04;;
07/03/2026 04:15;0,085;0,085;;
07/03/2026 04:30;0,094;0,094;;
07/03/2026 04:45;0,062;0,062;;
07/03/2026 05:00;0,064;0,064;;
07/03/2026 05:15;0,129;0,129;;
07/03/2026 05:30;0,055;0,055;;
07/03/2026 05:45;0,043;0,043;;
07/03/2026 06:00;0,067;0,067;;
07/03/2026 06:15;0,087;0,087;;
07/03/2026 06:30;0,069;0,069;;
07/03/2026 06:45;0,042;0,042;;
07/03/2026 07:00;0,058;0,058;;
07/03/2026 07:15;0,071;0,071;;
07/03/2026 07:30;0,095;0,095;;
07/03/2026 07:45;0,125;0,125;;
07/03/2026 08:00;0,048;0,048;;
07/03/2026 08:15;0,149;0,149;;
07/03/2026 08:30;0,393;0,393;;
07/03/2026 08:45;0,415;0,415;;
07/03/2026 09:00;0,409;0,409;;
07/03/2026 09:15;0,378;0,378;;
07/03/2026 09:30;0,394;0,394;;
07/03/2026 09:45;0,743;0,743;;
07/03/2026 10:00;0,744;0,744;;
07/03/2026 10:15;0,709;0,709;;
07/03/2026 10:30;0,739;0,739;;
07/03/2026 10:45;0,734;0,734;;
07/03/2026 11:00;0,708;0,708;;
07/03/2026 11:15;0,677;0,677;;
07/03/2026 11:30;0,679;0,679;;
07/03/2026 11:45;0,71;0,71;;
07/03/2026 12:00;0,74;0,74;;
07/03/2026 12:15;0,781;0,781;;
07/03/2026 12:30;0,698;0,698;;
07/03/2026 12:45;0,687;0,687;;
07/03/2026 13:00;0,689;0,689;;
07/03/2026 13:15;0,751;0,751;;
07/03/2026 13:30;0,731;0,731;;
07/03/2026 13:45;0,718;0,718;;
07/03/2026 14:00;0,722;0,722;;
07/03/2026 14:15;0,761;0,761;;
07/03/2026 14:30;0,737;0,737;;
07/03/2026 14:45;0,682;0,682;;
07/03/2026 15:00;0,686;0,686;;
07/03/2026 15:15;0,758;0,758;;
07/03/2026 15:30;0,731;0,731;;
07/03/2026 15:45;0,678;0,678;;
07/03/2026 16:00;0,694;0,694;;
07/03/2026 16:15;0,711;0,711;;
07/03/2026 16:30;0,746;0,746;;
07/03/2026 16:45;0,816;0,816;;
07/03/2026 17:00;0,755;0,755;;
07/03/2026 17:15;1.534;1,534;;
07/03/2026 17:30;1.988;1,988;;
07/03/2026 17:45;2.071;2,071;;
07/03/2026 18:00;1.999;1,999;;
07/03/2026 18:15;2.005;2,005;;
07/03/2026 18:30;1.838;1,838;;
07/03/2026 18:45;1,4;1,4;;
07/03/2026 19:00;1,42;1,42;;
07/03/2026 19:15;1.416;1,416;;
07/03/2026 19:30;1.419;1,419;;
07/03/2026 19:45;1.389;1,389;;
07/03/2026 20:00;1.127;1,127;;
07/03/2026 20:15;0,078;0,078;;
07/03/2026 20:30;0,08;0,08;;
07/03/2026 20:45;0,057;0,057;;
07/03/2026 21:00;0,086;0,086;;
07/03/2026 21:15;0,105;0,105;;
07/03/2026 21:30;0,066;0,066;;
07/03/2026 21:45;0,053;0,053;;
07/03/2026 22:00;0,07;0,07;;
07/03/2026 22:15;0,068;0,068;;
07/03/2026 22:30;0,093;0,093;;
07/03/2026 22:45;0,067;0,067;;
07/03/2026 23:00;0,036;0,036;;
07/03/2026 23:15;0,05;0,05;;
07/03/2026 23:30;0,05;0,05;;
07/03/2026 23:45;0,083;0,083;;
08/03/2026 00:00;0,055;0,055;;
08/03/2026 00:15;0,039;0,039;;
08/03/2026 00:30;0,089;0,089;;
08/03/2026 00:45;0,045;0,045;;
08/03/2026 01:00;0,036;0,036;;
08/03/2026 01:15;0,044;0,044;;
08/03/2026 01:30;0,056;0,056;;
08/03/2026 01:45;0,052;0,052;;
08/03/2026 02:00;0,064;0,064;;
08/03/2026 02:15;0,083;0,083;;
08/03/2026 02:30;0,087;0,087;;
08/03/2026 02:45;0,041;0,041;;
08/03/2026 03:00;0,037;0,037;;
08/03/2026 03:15;0,037;0,037;;
08/03/2026 03:30;0,04;0,04;;
08/03/2026 03:45;0,04;0,04;;
08/03/2026 04:00;0,052;0,052;;
08/03/2026 04:15;0,038;0,038;;
08/03/2026 04:30;0,039;0,039;;
08/03/2026 04:45;0,033;0,033;;
08/03/2026 05:00;0,037;0,037;;
08/03/2026 05:15;0,044;0,044;;
08/03/2026 05:30;0,047;0,047;;
08/03/2026 05:45;0,044;0,044;;
08/03/2026 06:00;0,072;0,072;;
08/03/2026 06:15;0,091;0,091;;
08/03/2026 06:30;0,082;0,082;;
08/03/2026 06:45;0,082;0,082;;
08/03/2026 07:00;0,073;0,073;;
08/03/2026 07:15;0,039;0,039;;
08/03/2026 07:30;0,045;0,045;;
08/03/2026 07:45;0,04;0,04;;
08/03/2026 08:00;0,034;0,034;;
08/03/2026 08:15;0,038;0,038;;
08/03/2026 08:30;0,045;0,045;;
08/03/2026 08:45;0,045;0,045;;
08/03/2026 09:00;0,039;0,039;;
08/03/2026 09:15;0,04;0,04;;
08/03/2026 09:30;0,567;0,567;;
08/03/2026 09:45;0,695;0,695;;
08/03/2026 10:00;0,704;0,704;;
08/03/2026 10:15;0,709;0,709;;
08/03/2026 10:30;0,738;0,738;;
08/03/2026 10:45;0,718;0,718;;
08/03/2026 11:00;0,708;0,708;;
08/03/2026 11:15;0,748;0,748;;
08/03/2026 11:30;0,746;0,746;;
08/03/2026 11:45;0,737;0,737;;
08/03/2026 12:00;0,691;0,691;;
08/03/2026 12:15;0,699;0,699;;
08/03/2026 12:30;0,714;0,714;;
08/03/2026 12:45;0,091;0,091;;
08/03/2026 13:00;0,098;0,098;;
08/03/2026 13:15;0,086;0,086;;
08/03/2026 13:30;0,082;0,082;;
08/03/2026 13:45;0,093;0,093;;
08/03/2026 14:00;0,048;0,048;;
08/03/2026 14:15;0,043;0,043;;
08/03/2026 14:30;0,048;0,048;;
08/03/2026 14:45;0,101;0,101;;
08/03/2026 15:00;0,152;0,152;;
08/03/2026 15:15;0,051;0,051;;
08/03/2026 15:30;0,052;0,052;;
08/03/2026 15:45;0,093;0,093;;
08/03/2026 16:00;0,111;0,111;;
08/03/2026 16:15;0,069;0,069;;
08/03/2026 16:30;0,074;0,074;;
08/03/2026 16:45;0,137;0,137;;
08/03/2026 17:00;0,041;0,041;;
08/03/2026 17:15;0,061;0,061;;
08/03/2026 17:30;0,307;0,307;;
08/03/2026 17:45;0,396;0,396;;
08/03/2026 18:00;0,401;0,401;;
08/03/2026 18:15;0,446;0,446;;
08/03/2026 18:30;0,486;0,486;;
08/03/2026 18:45;0,502;0,502;;
08/03/2026 19:00;0,744;0,744;;
08/03/2026 19:15;0,725;0,725;;
08/03/2026 19:30;0,754;0,754;;
08/03/2026 19:45;0,723;0,723;;
08/03/2026 20:00;0,583;0,583;;
08/03/2026 20:15;0,095;0,095;;
08/03/2026 20:30;0,105;0,105;;
08/03/2026 20:45;0,04;0,04;;
08/03/2026 21:00;0,041;0,041;;
08/03/2026 21:15;0,117;0,117;;
08/03/2026 21:30;0,066;0,066;;
08/03/2026 21:45;0,064;0,064;;
08/03/2026 22:00;0,087;0,087;;
08/03/2026 22:15;0,135;0,135;;
08/03/2026 22:30;0,06;0,06;;
08/03/2026 22:45;0,068;0,068;;
08/03/2026 23:00;0,08;0,08;;
08/03/2026 23:15;0,053;0,053;;
08/03/2026 23:30;0,053;0,053;;
08/03/2026 23:45;0,068;0,068;;
09/03/2026 00:00;0,069;0,069;;
09/03/2026 00:15;0,091;0,091;;
09/03/2026 00:30;0,043;0,043;;
09/03/2026 00:45;0,045;0,045;;
09/03/2026 01:00;0,041;0,041;;
09/03/2026 01:15;0,073;0,073;;
09/03/2026 01:30;0,07;0,07;;
09/03/2026 01:45;0,036;0,036;;
09/03/2026 02:00;0,035;0,035;;
09/03/2026 02:15;0,04;0,04;;
09/03/2026 02:30;0,04;0,04;;
09/03/2026 02:45;0,04;0,04;;
09/03/2026 03:00;0,044;0,044;;
09/03/2026 03:15;0,048;0,048;;
09/03/2026 03:30;0,039;0,039;;
09/03/2026 03:45;0,087;0,087;;
09/03/2026 04:00;0,096;0,096;;
09/03/2026 04:15;0,089;0,089;;
09/03/2026 04:30;0,086;0,086;;
09/03/2026 04:45;0,06;0,06;;
09/03/2026 05:00;0,065;0,065;;
09/03/2026 05:15;0,047;0,047;;
09/03/2026 05:30;0,056;0,056;;
09/03/2026 05:45;0,04;0,04;;
09/03/2026 06:00;0,038;0,038;;
09/03/2026 06:15;0,039;0,039;;
09/03/2026 06:30;0,038;0,038;;
09/03/2026 06:45;0,041;0,041;;
09/03/2026 07:00;0,042;0,042;;
09/03/2026 07:15;0,034;0,034;;
09/03/2026 07:30;0,036;0,036;;
09/03/2026 07:45;0,056;0,056;;
09/03/2026 08:00;0,037;0,037;;
09/03/2026 08:15;0,04;0,04;;
09/03/2026 08:30;0,052;0,052;;
09/03/2026 08:45;0,043;0,043;;
09/03/2026 09:00;0,034;0,034;;
09/03/2026 09:15;0,036;0,036;;
09/03/2026 09:30;0,043;0,043;;
09/03/2026 09:45;0,037;0,037;;
09/03/2026 10:00;0,055;0,055;;
09/03/2026 10:15;0,072;0,072;;
09/03/2026 10:30;0,092;0,092;;
09/03/2026 10:45;0,125;0,125;;
09/03/2026 11:00;0,125;0,125;;
09/03/2026 11:15;0,055;0,055;;
09/03/2026 11:30;0,071;0,071;;
09/03/2026 11:45;0,073;0,073;;
09/03/2026 12:00;0,067;0,067;;
09/03/2026 12:15;0,095;0,095;;
09/03/2026 12:30;0,087;0,087;;
09/03/2026 12:45;0,105;0,105;;
09/03/2026 13:00;0,082;0,082;;
09/03/2026 13:15;0,117;0,117;;
09/03/2026 13:30;0,139;0,139;;
09/03/2026 13:45;0,072;0,072;;
09/03/2026 14:00;0,083;0,083;;
09/03/2026 14:15;0,165;0,165;;
09/03/2026 14:30;0,069;0,069;;
09/03/2026 14:45;0,092;0,092;;
09/03/2026 15:00;0,18;0,18;;
09/03/2026 15:15;0,101;0,101;;
09/03/2026 15:30;0,063;0,063;;
09/03/2026 15:45;0,172;0,172;;
09/03/2026 16:00;0,12;0,12;;
09/03/2026 16:15;0,052;0,052;;
09/03/2026 16:30;0,172;0,172;;
09/03/2026 16:45;0,146;0,146;;
09/03/2026 17:00;0,054;0,054;;
09/03/2026 17:15;0,101;0,101;;
09/03/2026 17:30;0,276;0,276;;
09/03/2026 17:45;0,481;0,481;;
09/03/2026 18:00;0,469;0,469;;
09/03/2026 18:15;0,804;0,804;;
09/03/2026 18:30;1.382;1,382;;
09/03/2026 18:45;1.414;1,414;;
09/03/2026 19:00;1.472;1,472;;
09/03/2026 19:15;1.418;1,418;;
09/03/2026 19:30;1.288;1,288;;
09/03/2026 19:45;1.233;1,233;;
09/03/2026 20:00;1.344;1,344;;
09/03/2026 20:15;1.137;1,137;;
09/03/2026 20:30;1.189;1,189;;
09/03/2026 20:45;1.178;1,178;;
09/03/2026 21:00;1.163;1,163;;
09/03/2026 21:15;1.134;1,134;;
09/03/2026 21:30;0,929;0,929;;
09/03/2026 21:45;0,421;0,421;;
09/03/2026 22:00;0,443;0,443;;
09/03/2026 22:15;0,506;0,506;;
09/03/2026 22:30;0,405;0,405;;
09/03/2026 22:45;0,401;0,401;;
09/03/2026 23:00;0,36;0,36;;
09/03/2026 23:15;0,127;0,127;;
09/03/2026 23:30;0,079;0,079;;
09/03/2026 23:45;0,116;0,116;;
10/03/2026 00:00;0,091;0,091;;
10/03/2026 00:15;0,085;0,085;;
10/03/2026 00:30;0,095;0,095;;
10/03/2026 00:45;0,103;0,103;;
10/03/2026 01:00;0,053;0,053;;
10/03/2026 01:15;0,05;0,05;;
10/03/2026 01:30;0,086;0,086;;
10/03/2026 01:45;0,124;0,124;;
10/03/2026 02:00;0,061;0,061;;
10/03/2026 02:15;0,069;0,069;;
10/03/2026 02:30;0,094;0,094;;
10/03/2026 02:45;0,102;0,102;;
10/03/2026 03:00;0,086;0,086;;
10/03/2026 03:15;0,053;0,053;;
10/03/2026 03:30;0,066;0,066;;
10/03/2026 03:45;0,076;0,076;;
10/03/2026 04:00;0,054;0,054;;
10/03/2026 04:15;0,057;0,057;;
10/03/2026 04:30;0,043;0,043;;
10/03/2026 04:45;0,041;0,041;;
10/03/2026 05:00;0,093;0,093;;
10/03/2026 05:15;0,102;0,102;;
10/03/2026 05:30;0,073;0,073;;
10/03/2026 05:45;0,033;0,033;;
10/03/2026 06:00;0,034;0,034;;
10/03/2026 06:15;0,036;0,036;;
10/03/2026 06:30;0,046;0,046;;
10/03/2026 06:45;0,053;0,053;;
10/03/2026 07:00;0,091;0,091;;
10/03/2026 07:15;0,052;0,052;;
10/03/2026 07:30;0,038;0,038;;
10/03/2026 07:45;0,041;0,041;;
10/03/2026 08:00;0,04;0,04;;
10/03/2026 08:15;0,035;0,035;;
10/03/2026 08:30;0,034;0,034;;
10/03/2026 08:45;0,049;0,049;;
10/03/2026 09:00;0,14;0,14;;
10/03/2026 09:15;0,048;0,048;;
10/03/2026 09:30;0,041;0,041;;
10/03/2026 09:45;0,088;0,088;;
10/03/2026 10:00;0,095;0,095;;
10/03/2026 10:15;0,058;0,058;;
10/03/2026 10:30;0,4;0,4;;
10/03/2026 10:45;0,444;0,444;;
10/03/2026 11:00;0,382;0,382;;
10/03/2026 11:15;0,418;0,418;;
10/03/2026 11:30;0,434;0,434;;
10/03/2026 11:45;0,374;0,374;;
10/03/2026 12:00;0,417;0,417;;
10/03/2026 12:15;0,394;0,394;;
10/03/2026 12:30;0,404;0,404;;
10/03/2026 12:45;0,378;0,378;;
10/03/2026 13:00;0,373;0,373;;
10/03/2026 13:15;0,421;0,421;;
10/03/2026 13:30;0,405;0,405;;
10/03/2026 13:45;0,395;0,395;;
10/03/2026 14:00;0,373;0,373;;
10/03/2026 14:15;0,42;0,42;;
10/03/2026 14:30;0,249;0,249;;
10/03/2026 14:45;0,094;0,094;;
10/03/2026 15:00;0,063;0,063;;
10/03/2026 15:15;0,081;0,081;;
10/03/2026 15:30;0,083;0,083;;
10/03/2026 15:45;0,061;0,061;;
10/03/2026 16:00;0,202;0,202;;
10/03/2026 16:15;0,386;0,386;;
10/03/2026 16:30;0,415;0,415;;
10/03/2026 16:45;0,447;0,447;;
10/03/2026 17:00;0,395;0,395;;
10/03/2026 17:15;0,054;0,054;;
10/03/2026 17:30;0,081;0,081;;
10/03/2026 17:45;0,11;0,11;;
10/03/2026 18:00;0,048;0,048;;
10/03/2026 18:15;0,252;0,252;;
10/03/2026 18:30;0,75;0,75;;
10/03/2026 18:45;0,724;0,724;;
10/03/2026 19:00;0,753;0,753;;
10/03/2026 19:15;0,731;0,731;;
10/03/2026 19:30;0,702;0,702;;
10/03/2026 19:45;0,793;0,793;;
10/03/2026 20:00;1.082;1,082;;
10/03/2026 20:15;1,08;1,08;;
10/03/2026 20:30;1.065;1,065;;
10/03/2026 20:45;1.029;1,029;;
10/03/2026 21:00;1.035;1,035;;
10/03/2026 21:15;1.108;1,108;;
10/03/2026 21:30;0,855;0,855;;
10/03/2026 21:45;0,386;0,386;;
10/03/2026 22:00;0,382;0,382;;
10/03/2026 22:15;0,466;0,466;;
10/03/2026 22:30;0,368;0,368;;
10/03/2026 22:45;0,4;0,4;;
10/03/2026 23:00;0,401;0,401;;
10/03/2026 23:15;0,432;0,432;;
10/03/2026 23:30;0,459;0,459;;
10/03/2026 23:45;0,595;0,595;;
11/03/2026 00:00;0,53;0,53;;
11/03/2026 00:15;0,521;0,521;;
11/03/2026 00:30;0,562;0,562;;
11/03/2026 00:45;0,283;0,283;;
11/03/2026 01:00;0,141;0,141;;
11/03/2026 01:15;0,129;0,129;;
11/03/2026 01:30;0,164;0,164;;
11/03/2026 01:45;0,21;0,21;;
11/03/2026 02:00;0,165;0,165;;
11/03/2026 02:15;0,149;0,149;;
11/03/2026 02:30;0,185;0,185;;
11/03/2026 02:45;0,139;0,139;;
11/03/2026 03:00;0,161;0,161;;
11/03/2026 03:15;0,168;0,168;;
11/03/2026 03:30;0,147;0,147;;
11/03/2026 03:45;0,106;0,106;;
11/03/2026 04:00;0,168;0,168;;
11/03/2026 04:15;0,222;0,222;;
11/03/2026 04:30;0,149;0,149;;
11/03/2026 04:45;0,109;0,109;;
11/03/2026 05:00;0,148;0,148;;
11/03/2026 05:15;0,221;0,221;;
11/03/2026 05:30;0,137;0,137;;
11/03/2026 05:45;0,13;0,13;;
11/03/2026 06:00;0,145;0,145;;
11/03/2026 06:15;0,157;0,157;;
11/03/2026 06:30;0,188;0,188;;
11/03/2026 06:45;0,156;0,156;;
11/03/2026 07:00;0,154;0,154;;
11/03/2026 07:15;0,134;0,134;;
11/03/2026 07:30;0,152;0,152;;
11/03/2026 07:45;0,177;0,177;;
11/03/2026 08:00;0,149;0,149;;
11/03/2026 08:15;0,159;0,159;;
11/03/2026 08:30;0,197;0,197;;
11/03/2026 08:45;0,314;0,314;;
11/03/2026 09:00;0,265;0,265;;
11/03/2026 09:15;0,274;0,274;;
11/03/2026 09:30;0,21;0,21;;
11/03/2026 09:45;0,199;0,199;;
11/03/2026 10:00;0,214;0,214;;
11/03/2026 10:15;0,163;0,163;;
11/03/2026 10:30;0,327;0,327;;
11/03/2026 10:45;0,318;0,318;;
11/03/2026 11:00;0,339;0,339;;
11/03/2026 11:15;0,361;0,361;;
11/03/2026 11:30;0,253;0,253;;
11/03/2026 11:45;0,117;0,117;;
11/03/2026 12:00;0,19;0,19;;
11/03/2026 12:15;0,233;0,233;;
11/03/2026 12:30;0,149;0,149;;
11/03/2026 12:45;0,112;0,112;;
11/03/2026 13:00;0,146;0,146;;
11/03/2026 13:15;0,182;0,182;;
11/03/2026 13:30;0,147;0,147;;
11/03/2026 13:45;0,104;0,104;;
11/03/2026 14:00;0,097;0,097;;
11/03/2026 14:15;0,191;0,191;;
11/03/2026 14:30;0,154;0,154;;
11/03/2026 14:45;0,131;0,131;;
11/03/2026 15:00;0,123;0,123;;
11/03/2026 15:15;0,17;0,17;;
11/03/2026 15:30;0,146;0,146;;
11/03/2026 15:45;0,137;0,137;;
11/03/2026 16:00;0,153;0,153;;
11/03/2026 16:15;0,098;0,098;;
11/03/2026 16:30;0,109;0,109;;
11/03/2026 16:45;0,201;0,201;;
11/03/2026 17:00;0,091;0,091;;
11/03/2026 17:15;0,109;0,109;;
11/03/2026 17:30;0,164;0,164;;
11/03/2026 17:45;0,101;0,101;;
11/03/2026 18:00;0,143;0,143;;
11/03/2026 18:15;0,573;0,573;;
11/03/2026 18:30;1.462;1,462;;
11/03/2026 18:45;1.475;1,475;;
11/03/2026 19:00;1.544;1,544;;
11/03/2026 19:15;1.456;1,456;;
11/03/2026 19:30;1.439;1,439;;
11/03/2026 19:45;1.536;1,536;;
11/03/2026 20:00;1.669;1,669;;
11/03/2026 20:15;1.767;1,767;;
11/03/2026 20:30;1.837;1,837;;
11/03/2026 20:45;1.741;1,741;;
11/03/2026 21:00;1.737;1,737;;
11/03/2026 21:15;1.774;1,774;;
11/03/2026 21:30;1.379;1,379;;
11/03/2026 21:45;0,077;0,077;;
11/03/2026 22:00;0,035;0,035;;
11/03/2026 22:15;0,079;0,079;;
11/03/2026 22:30;0,059;0,059;;
11/03/2026 22:45;0,109;0,109;;
11/03/2026 23:00;0,091;0,091;;
11/03/2026 23:15;0,054;0,054;;
11/03/2026 23:30;0,04;0,04;;
11/03/2026 23:45;0,047;0,047;;
12/03/2026 00:00;0,074;0,074;;
12/03/2026 00:15;0,095;0,095;;
12/03/2026 00:30;0,04;0,04;;
12/03/2026 00:45;0,057;0,057;;
12/03/2026 01:00;0,045;0,045;;
12/03/2026 01:15;0,087;0,087;;
12/03/2026 01:30;0,063;0,063;;
12/03/2026 01:45;0,061;0,061;;
12/03/2026 02:00;0,04;0,04;;
12/03/2026 02:15;0,038;0,038;;
12/03/2026 02:30;0,039;0,039;;
12/03/2026 02:45;0,04;0,04;;
12/03/2026 03:00;0,05;0,05;;
12/03/2026 03:15;0,056;0,056;;
12/03/2026 03:30;0,127;0,127;;
12/03/2026 03:45;0,111;0,111;;
12/03/2026 04:00;0,085;0,085;;
12/03/2026 04:15;0,061;0,061;;
12/03/2026 04:30;0,045;0,045;;
12/03/2026 04:45;0,041;0,041;;
12/03/2026 05:00;0,043;0,043;;
12/03/2026 05:15;0,046;0,046;;
12/03/2026 05:30;0,041;0,041;;
12/03/2026 05:45;0,041;0,041;;
12/03/2026 06:00;0,045;0,045;;
12/03/2026 06:15;0,035;0,035;;
12/03/2026 06:30;0,035;0,035;;
12/03/2026 06:45;0,043;0,043;;
12/03/2026 07:00;0,038;0,038;;
12/03/2026 07:15;0,034;0,034;;
12/03/2026 07:30;0,05;0,05;;
12/03/2026 07:45;0,059;0,059;;
12/03/2026 08:00;0,08;0,08;;
12/03/2026 08:15;0,077;0,077;;
12/03/2026 08:30;0,035;0,035;;
12/03/2026 08:45;0,053;0,053;;
12/03/2026 09:00;0,089;0,089;;
12/03/2026 09:15;0,238;0,238;;
12/03/2026 09:30;0,403;0,403;;
12/03/2026 09:45;0,376;0,376;;
12/03/2026 10:00;0,382;0,382;;
12/03/2026 10:15;0,431;0,431;;
12/03/2026 10:30;0,454;0,454;;
12/03/2026 10:45;0,407;0,407;;
12/03/2026 11:00;0,258;0,258;;
12/03/2026 11:15;0,107;0,107;;
12/03/2026 11:30;0,093;0,093;;
12/03/2026 11:45;0,041;0,041;;
12/03/2026 12:00;0,044;0,044;;
12/03/2026 12:15;0,065;0,065;;
12/03/2026 12:30;0,139;0,139;;
12/03/2026 12:45;0,105;0,105;;
12/03/2026 13:00;0,061;0,061;;
12/03/2026 13:15;0,091;0,091;;
12/03/2026 13:30;0,101;0,101;;
12/03/2026 13:45;0,119;0,119;;
12/03/2026 14:00;0,099;0,099;;
12/03/2026 14:15;0,034;0,034;;
12/03/2026 14:30;0,057;0,057;;
12/03/2026 14:45;0,119;0,119;;
12/03/2026 15:00;0,098;0,098;;
12/03/2026 15:15;0,102;0,102;;
12/03/2026 15:30;0,075;0,075;;
12/03/2026 15:45;0,045;0,045;;
12/03/2026 16:00;0,122;0,122;;
12/03/2026 16:15;0,097;0,097;;
12/03/2026 16:30;0,046;0,046;;
12/03/2026 16:45;0,081;0,081;;
12/03/2026 17:00;0,136;0,136;;
12/03/2026 17:15;0,13;0,13;;
12/03/2026 17:30;0,094;0,094;;
12/03/2026 17:45;0,087;0,087;;
12/03/2026 18:00;0,044;0,044;;
12/03/2026 18:15;0,522;0,522;;
12/03/2026 18:30;1.439;1,439;;
12/03/2026 18:45;1.371;1,371;;
12/03/2026 19:00;1.391;1,391;;
12/03/2026 19:15;1.434;1,434;;
12/03/2026 19:30;1.409;1,409;;
12/03/2026 19:45;1.493;1,493;;
12/03/2026 20:00;1.776;1,776;;
12/03/2026 20:15;1.734;1,734;;
12/03/2026 20:30;1.758;1,758;;
12/03/2026 20:45;1,79;1,79;;
12/03/2026 21:00;1.739;1,739;;
12/03/2026 21:15;1.754;1,754;;
12/03/2026 21:30;1.227;1,227;;
12/03/2026 21:45;0,075;0,075;;
12/03/2026 22:00;0,096;0,096;;
12/03/2026 22:15;0,077;0,077;;
12/03/2026 22:30;0,034;0,034;;
12/03/2026 22:45;0,041;0,041;;
12/03/2026 23:00;0,095;0,095;;
12/03/2026 23:15;0,09;0,09;;
12/03/2026 23:30;0,034;0,034;;
12/03/2026 23:45;0,041;0,041;;
13/03/2026 00:00;0,057;0,057;;
13/03/2026 00:15;0,129;0,129;;
13/03/2026 00:30;0,054;0,054;;
13/03/2026 00:45;0,036;0,036;;
13/03/2026 01:00;0,044;0,044;;
13/03/2026 01:15;0,051;0,051;;
13/03/2026 01:30;0,052;0,052;;
13/03/2026 01:45;0,127;0,127;;
13/03/2026 02:00;0,067;0,067;;
13/03/2026 02:15;0,053;0,053;;
13/03/2026 02:30;0,04;0,04;;
13/03/2026 02:45;0,089;0,089;;
13/03/2026 03:00;0,085;0,085;;
13/03/2026 03:15;0,041;0,041;;
13/03/2026 03:30;0,041;0,041;;
13/03/2026 03:45;0,042;0,042;;
13/03/2026 04:00;0,04;0,04;;
13/03/2026 04:15;0,034;0,034;;
13/03/2026 04:30;0,088;0,088;;
13/03/2026 04:45;0,081;0,081;;
13/03/2026 05:00;0,093;0,093;;
13/03/2026 05:15;0,057;0,057;;
13/03/2026 05:30;0,034;0,034;;
13/03/2026 05:45;0,049;0,049;;
13/03/2026 06:00;0,056;0,056;;
13/03/2026 06:15;0,077;0,077;;
13/03/2026 06:30;0,045;0,045;;
13/03/2026 06:45;0,046;0,046;;
13/03/2026 07:00;0,07;0,07;;
13/03/2026 07:15;0,089;0,089;;
13/03/2026 07:30;0,069;0,069;;
13/03/2026 07:45;0,077;0,077;;
13/03/2026 08:00;0,061;0,061;;
13/03/2026 08:15;0,071;0,071;;
13/03/2026 08:30;0,067;0,067;;
13/03/2026 08:45;0,058;0,058;;
13/03/2026 09:00;0,044;0,044;;
13/03/2026 09:15;0,072;0,072;;
13/03/2026 09:30;0,114;0,114;;
13/03/2026 09:45;0,084;0,084;;
13/03/2026 10:00;0,04;0,04;;
13/03/2026 10:15;0,04;0,04;;
13/03/2026 10:30;0,05;0,05;;
13/03/2026 10:45;0,092;0,092;;
13/03/2026 11:00;0,04;0,04;;
13/03/2026 11:15;0,034;0,034;;
13/03/2026 11:30;0,051;0,051;;
13/03/2026 11:45;0,289;0,289;;
13/03/2026 12:00;0,087;0,087;;
13/03/2026 12:15;0,071;0,071;;
13/03/2026 12:30;0,035;0,035;;
13/03/2026 12:45;0,046;0,046;;
13/03/2026 13:00;0,044;0,044;;
13/03/2026 13:15;0,034;0,034;;
13/03/2026 13:30;0,084;0,084;;
13/03/2026 13:45;0,098;0,098;;
13/03/2026 14:00;0,05;0,05;;
13/03/2026 14:15;0,078;0,078;;
13/03/2026 14:30;0,054;0,054;;
13/03/2026 14:45;0,049;0,049;;
13/03/2026 15:00;0,061;0,061;;
13/03/2026 15:15;0,08;0,08;;
13/03/2026 15:30;0,035;0,035;;
13/03/2026 15:45;0,041;0,041;;
13/03/2026 16:00;0,051;0,051;;
13/03/2026 16:15;0,066;0,066;;
13/03/2026 16:30;0,104;0,104;;
13/03/2026 16:45;0,263;0,263;;
13/03/2026 17:00;0,734;0,734;;
13/03/2026 17:15;0,704;0,704;;
13/03/2026 17:30;0,711;0,711;;
13/03/2026 17:45;0,707;0,707;;
13/03/2026 18:00;0,702;0,702;;
13/03/2026 18:15;0,738;0,738;;
13/03/2026 18:30;0,724;0,724;;
13/03/2026 18:45;0,747;0,747;;
13/03/2026 19:00;0,849;0,849;;
13/03/2026 19:15;0,882;0,882;;
13/03/2026 19:30;0,896;0,896;;
13/03/2026 19:45;0,894;0,894;;
13/03/2026 20:00;0,86;0,86;;
13/03/2026 20:15;0,9;0,9;;
13/03/2026 20:30;0,904;0,904;;
13/03/2026 20:45;0,881;0,881;;
13/03/2026 21:00;0,904;0,904;;
13/03/2026 21:15;0,922;0,922;;
13/03/2026 21:30;0,655;0,655;;
13/03/2026 21:45;0,179;0,179;;
13/03/2026 22:00;0,244;0,244;;
13/03/2026 22:15;0,245;0,245;;
13/03/2026 22:30;0,176;0,176;;
13/03/2026 22:45;0,274;0,274;;
13/03/2026 23:00;0,226;0,226;;
13/03/2026 23:15;0,09;0,09;;
13/03/2026 23:30;0,096;0,096;;
13/03/2026 23:45;0,049;0,049;;
14/03/2026 00:00;0,076;0,076;;
14/03/2026 00:15;0,066;0,066;;
14/03/2026 00:30;0,076;0,076;;
14/03/2026 00:45;0,049;0,049;;
14/03/2026 01:00;0,069;0,069;;
14/03/2026 01:15;0,061;0,061;;
14/03/2026 01:30;0,043;0,043;;
14/03/2026 01:45;0,087;0,087;;
14/03/2026 02:00;0,052;0,052;;
14/03/2026 02:15;0,069;0,069;;
14/03/2026 02:30;0,051;0,051;;
14/03/2026 02:45;0,033;0,033;;
14/03/2026 03:00;0,039;0,039;;
14/03/2026 03:15;0,045;0,045;;
14/03/2026 03:30;0,036;0,036;;
14/03/2026 03:45;0,047;0,047;;
14/03/2026 04:00;0,092;0,092;;
14/03/2026 04:15;0,101;0,101;;
14/03/2026 04:30;0,087;0,087;;
14/03/2026 04:45;0,056;0,056;;
14/03/2026 05:00;0,035;0,035;;
14/03/2026 05:15;0,042;0,042;;
14/03/2026 05:30;0,039;0,039;;
14/03/2026 05:45;0,034;0,034;;
14/03/2026 06:00;0,047;0,047;;
14/03/2026 06:15;0,046;0,046;;
14/03/2026 06:30;0,037;0,037;;
14/03/2026 06:45;0,043;0,043;;
14/03/2026 07:00;0,056;0,056;;
14/03/2026 07:15;0,068;0,068;;
14/03/2026 07:30;0,049;0,049;;
14/03/2026 07:45;0,044;0,044;;
14/03/2026 08:00;0,04;0,04;;
14/03/2026 08:15;0,047;0,047;;
14/03/2026 08:30;0,07;0,07;;
14/03/2026 08:45;0,093;0,093;;
14/03/2026 09:00;0,138;0,138;;
14/03/2026 09:15;0,391;0,391;;
14/03/2026 09:30;0,842;0,842;;
14/03/2026 09:45;0,964;0,964;;
14/03/2026 10:00;0,873;0,873;;
14/03/2026 10:15;0,837;0,837;;
14/03/2026 10:30;0,846;0,846;;
14/03/2026 10:45;0,852;0,852;;
14/03/2026 11:00;0,898;0,898;;
14/03/2026 11:15;0,943;0,943;;
14/03/2026 11:30;0,966;0,966;;
14/03/2026 11:45;0,924;0,924;;
14/03/2026 12:00;0,917;0,917;;
14/03/2026 12:15;0,854;0,854;;
14/03/2026 12:30;2.001;2,001;;
14/03/2026 12:45;2.194;2,194;;
14/03/2026 13:00;1.023;1,023;;
14/03/2026 13:15;0,149;0,149;;
14/03/2026 13:30;0,167;0,167;;
14/03/2026 13:45;0,183;0,183;;
14/03/2026 14:00;0,183;0,183;;
14/03/2026 14:15;0,15;0,15;;
14/03/2026 14:30;0,067;0,067;;
14/03/2026 14:45;0,043;0,043;;
14/03/2026 15:00;0,072;0,072;;
14/03/2026 15:15;0,105;0,105;;
14/03/2026 15:30;0,116;0,116;;
14/03/2026 15:45;0,094;0,094;;
14/03/2026 16:00;1.632;1,632;;
14/03/2026 16:15;0,597;0,597;;
14/03/2026 16:30;0,059;0,059;;
14/03/2026 16:45;0,099;0,099;;
14/03/2026 17:00;0,121;0,121;;
14/03/2026 17:15;0,133;0,133;;
14/03/2026 17:30;0,104;0,104;;
14/03/2026 17:45;1.349;1,349;;
14/03/2026 18:00;2.733;2,733;;
14/03/2026 18:15;2,33;2,33;;
14/03/2026 18:30;2.099;2,099;;
14/03/2026 18:45;1.655;1,655;;
14/03/2026 19:00;2.435;2,435;;
14/03/2026 19:15;2,47;2,47;;
14/03/2026 19:30;2.828;2,828;;
14/03/2026 19:45;2.572;2,572;;
14/03/2026 20:00;2.183;2,183;;
14/03/2026 20:15;1.928;1,928;;
14/03/2026 20:30;1.604;1,604;;
14/03/2026 20:45;1.637;1,637;;
14/03/2026 21:00;1.175;1,175;;
14/03/2026 21:15;0,567;0,567;;
14/03/2026 21:30;0,963;0,963;;
14/03/2026 21:45;0,997;0,997;;
14/03/2026 22:00;0,95;0,95;;
14/03/2026 22:15;1.015;1,015;;
14/03/2026 22:30;0,93;0,93;;
14/03/2026 22:45;0,619;0,619;;
14/03/2026 23:00;0,538;0,538;;
14/03/2026 23:15;0,551;0,551;;
14/03/2026 23:30;0,557;0,557;;
14/03/2026 23:45;0,552;0,552;;
15/03/2026 00:00;0,388;0,388;;
15/03/2026 00:15;0,043;0,043;;
15/03/2026 00:30;0,167;0,167;;
15/03/2026 00:45;0,351;0,351;;
15/03/2026 01:00;0,088;0,088;;
15/03/2026 01:15;0,091;0,091;;
15/03/2026 01:30;0,041;0,041;;
15/03/2026 01:45;0,033;0,033;;
15/03/2026 02:00;0,036;0,036;;
15/03/2026 02:15;0,049;0,049;;
15/03/2026 02:30;0,046;0,046;;
15/03/2026 02:45;0,041;0,041;;
15/03/2026 03:00;0,051;0,051;;
15/03/2026 03:15;0,042;0,042;;
15/03/2026 03:30;0,058;0,058;;
15/03/2026 03:45;0,068;0,068;;
15/03/2026 04:00;0,044;0,044;;
15/03/2026 04:15;0,045;0,045;;
15/03/2026 04:30;0,044;0,044;;
15/03/2026 04:45;0,048;0,048;;
15/03/2026 05:00;0,088;0,088;;
15/03/2026 05:15;0,076;0,076;;
15/03/2026 05:30;0,046;0,046;;
15/03/2026 05:45;0,039;0,039;;
15/03/2026 06:00;0,037;0,037;;
15/03/2026 06:15;0,04;0,04;;
15/03/2026 06:30;0,044;0,044;;
15/03/2026 06:45;0,045;0,045;;
15/03/2026 07:00;0,049;0,049;;
15/03/2026 07:15;0,045;0,045;;
15/03/2026 07:30;0,044;0,044;;
15/03/2026 07:45;0,033;0,033;;
15/03/2026 08:00;0,04;0,04;;
15/03/2026 08:15;0,037;0,037;;
15/03/2026 08:30;0,031;0,031;;
15/03/2026 08:45;0,039;0,039;;
15/03/2026 09:00;0,039;0,039;;
15/03/2026 09:15;0,049;0,049;;
15/03/2026 09:30;0,096;0,096;;
15/03/2026 09:45;0,342;0,342;;
15/03/2026 10:00;0,178;0,178;;
15/03/2026 10:15;0,175;0,175;;
15/03/2026 10:30;0,171;0,171;;
15/03/2026 10:45;0,215;0,215;;
15/03/2026 11:00;0,268;0,268;;
15/03/2026 11:15;0,13;0,13;;
15/03/2026 11:30;0,138;0,138;;
15/03/2026 11:45;0,151;0,151;;
15/03/2026 12:00;0,108;0,108;;
15/03/2026 12:15;0,124;0,124;;
15/03/2026 12:30;0,475;0,475;;
15/03/2026 12:45;0,374;0,374;;
15/03/2026 13:00;0,38;0,38;;
15/03/2026 13:15;0,371;0,371;;
15/03/2026 13:30;0,491;0,491;;
15/03/2026 13:45;0,343;0,343;;
15/03/2026 14:00;0,105;0,105;;
15/03/2026 14:15;0,128;0,128;;
15/03/2026 14:30;0,126;0,126;;
15/03/2026 14:45;0,203;0,203;;
15/03/2026 15:00;0,156;0,156;;
15/03/2026 15:15;0,113;0,113;;
15/03/2026 15:30;0,131;0,131;;
15/03/2026 15:45;0,119;0,119;;
15/03/2026 16:00;0,097;0,097;;
15/03/2026 16:15;0,098;0,098;;
15/03/2026 16:30;0,154;0,154;;
15/03/2026 16:45;0,122;0,122;;
15/03/2026 17:00;0,858;0,858;;
15/03/2026 17:15;0,832;0,832;;
15/03/2026 17:30;0,775;0,775;;
15/03/2026 17:45;0,801;0,801;;
15/03/2026 18:00;0,813;0,813;;
15/03/2026 18:15;0,774;0,774;;
15/03/2026 18:30;0,772;0,772;;
15/03/2026 18:45;0,527;0,527;;
15/03/2026 19:00;0,44;0,44;;
15/03/2026 19:15;0,481;0,481;;
15/03/2026 19:30;0,464;0,464;;
15/03/2026 19:45;0,386;0,386;;
15/03/2026 20:00;0,385;0,385;;
15/03/2026 20:15;0,436;0,436;;
15/03/2026 20:30;0,408;0,408;;
15/03/2026 20:45;0,429;0,429;;
15/03/2026 21:00;0,428;0,428;;
15/03/2026 21:15;0,394;0,394;;
15/03/2026 21:30;0,421;0,421;;
15/03/2026 21:45;0,435;0,435;;
15/03/2026 22:00;0,377;0,377;;
15/03/2026 22:15;0,077;0,077;;
15/03/2026 22:30;0,08;0,08;;
15/03/2026 22:45;0,075;0,075;;
15/03/2026 23:00;0,041;0,041;;
15/03/2026 23:15;0,046;0,046;;
15/03/2026 23:30;0,081;0,081;;
15/03/2026 23:45;0,043;0,043;;
16/03/2026 00:00;0,088;0,088;;
16/03/2026 00:15;0,053;0,053;;
16/03/2026 00:30;0,042;0,042;;
16/03/2026 00:45;0,043;0,043;;
16/03/2026 01:00;0,076;0,076;;
16/03/2026 01:15;0,099;0,099;;
16/03/2026 01:30;0,068;0,068;;
16/03/2026 01:45;0,038;0,038;;
16/03/2026 02:00;0,046;0,046;;
16/03/2026 02:15;0,054;0,054;;
16/03/2026 02:30;0,104;0,104;;
16/03/2026 02:45;0,047;0,047;;
16/03/2026 03:00;0,043;0,043;;
16/03/2026 03:15;0,039;0,039;;
16/03/2026 03:30;0,032;0,032;;
16/03/2026 03:45;0,031;0,031;;
16/03/2026 04:00;0,039;0,039;;
16/03/2026 04:15;0,05;0,05;;
16/03/2026 04:30;0,06;0,06;;
16/03/2026 04:45;0,081;0,081;;
16/03/2026 05:00;0,064;0,064;;
16/03/2026 05:15;0,052;0,052;;
16/03/2026 05:30;0,084;0,084;;
16/03/2026 05:45;0,061;0,061;;
16/03/2026 06:00;0,033;0,033;;
16/03/2026 06:15;0,039;0,039;;
16/03/2026 06:30;0,042;0,042;;
16/03/2026 06:45;0,049;0,049;;
16/03/2026 07:00;0,082;0,082;;
16/03/2026 07:15;0,075;0,075;;
16/03/2026 07:30;0,036;0,036;;
16/03/2026 07:45;0,032;0,032;;
16/03/2026 08:00;0,036;0,036;;
16/03/2026 08:15;0,04;0,04;;
16/03/2026 08:30;0,237;0,237;;
16/03/2026 08:45;0,25;0,25;;
16/03/2026 09:00;0,275;0,275;;
16/03/2026 09:15;0,322;0,322;;
16/03/2026 09:30;0,282;0,282;;
16/03/2026 09:45;0,287;0,287;;
16/03/2026 10:00;0,332;0,332;;
16/03/2026 10:15;0,305;0,305;;
16/03/2026 10:30;0,312;0,312;;
16/03/2026 10:45;0,301;0,301;;
16/03/2026 11:00;0,268;0,268;;
16/03/2026 11:15;0,259;0,259;;
16/03/2026 11:30;0,257;0,257;;
16/03/2026 11:45;0,277;0,277;;
16/03/2026 12:00;0,266;0,266;;
16/03/2026 12:15;0,258;0,258;;
16/03/2026 12:30;0,253;0,253;;
16/03/2026 12:45;0,301;0,301;;
16/03/2026 13:00;0,309;0,309;;
16/03/2026 13:15;0,266;0,266;;
16/03/2026 13:30;0,243;0,243;;
16/03/2026 13:45;0,252;0,252;;
16/03/2026 14:00;0,294;0,294;;
16/03/2026 14:15;0,308;0,308;;
16/03/2026 14:30;0,307;0,307;;
16/03/2026 14:45;0,28;0,28;;
16/03/2026 15:00;0,284;0,284;;
16/03/2026 15:15;0,312;0,312;;
16/03/2026 15:30;0,281;0,281;;
16/03/2026 15:45;0,262;0,262;;
16/03/2026 16:00;0,227;0,227;;
16/03/2026 16:15;0,285;0,285;;
16/03/2026 16:30;0,337;0,337;;
16/03/2026 16:45;0,23;0,23;;
16/03/2026 17:00;0,361;0,361;;
16/03/2026 17:15;0,95;0,95;;
16/03/2026 17:30;0,939;0,939;;
16/03/2026 17:45;0,86;0,86;;
16/03/2026 18:00;0,856;0,856;;
16/03/2026 18:15;1.129;1,129;;
16/03/2026 18:30;1.468;1,468;;
16/03/2026 18:45;1.449;1,449;;
16/03/2026 19:00;1.431;1,431;;
16/03/2026 19:15;1.357;1,357;;
16/03/2026 19:30;1.364;1,364;;
16/03/2026 19:45;1.447;1,447;;
16/03/2026 20:00;1.406;1,406;;
16/03/2026 20:15;1.355;1,355;;
16/03/2026 20:30;1.358;1,358;;
16/03/2026 20:45;1.404;1,404;;
16/03/2026 21:00;1.439;1,439;;
16/03/2026 21:15;1.373;1,373;;
16/03/2026 21:30;1.152;1,152;;
16/03/2026 21:45;0,694;0,694;;
16/03/2026 22:00;0,737;0,737;;
16/03/2026 22:15;0,745;0,745;;
16/03/2026 22:30;0,686;0,686;;
16/03/2026 22:45;0,686;0,686;;
16/03/2026 23:00;0,403;0,403;;
16/03/2026 23:15;0,114;0,114;;
16/03/2026 23:30;0,109;0,109;;
16/03/2026 23:45;0,033;0,033;;
17/03/2026 00:00;0,031;0,031;;
17/03/2026 00:15;0,037;0,037;;
17/03/2026 00:30;0,044;0,044;;
17/03/2026 00:45;0,109;0,109;;
17/03/2026 01:00;0,081;0,081;;
17/03/2026 01:15;0,048;0,048;;
17/03/2026 01:30;0,044;0,044;;
17/03/2026 01:45;0,065;0,065;;
17/03/2026 02:00;0,066;0,066;;
17/03/2026 02:15;0,036;0,036;;
17/03/2026 02:30;0,085;0,085;;
17/03/2026 02:45;0,042;0,042;;
17/03/2026 03:00;0,037;0,037;;
17/03/2026 03:15;0,043;0,043;;
17/03/2026 03:30;0,058;0,058;;
17/03/2026 03:45;0,082;0,082;;
17/03/2026 04:00;0,098;0,098;;
17/03/2026 04:15;0,092;0,092;;
17/03/2026 04:30;0,044;0,044;;
17/03/2026 04:45;0,031;0,031;;
17/03/2026 05:00;0,034;0,034;;
17/03/2026 05:15;0,045;0,045;;
17/03/2026 05:30;0,04;0,04;;
17/03/2026 05:45;0,042;0,042;;
17/03/2026 06:00;0,045;0,045;;
17/03/2026 06:15;0,08;0,08;;
17/03/2026 06:30;0,109;0,109;;
17/03/2026 06:45;0,111;0,111;;
17/03/2026 07:00;0,069;0,069;;
17/03/2026 07:15;0,034;0,034;;
17/03/2026 07:30;0,038;0,038;;
17/03/2026 07:45;0,047;0,047;;
17/03/2026 08:00;0,052;0,052;;
17/03/2026 08:15;0,098;0,098;;
17/03/2026 08:30;0,038;0,038;;
17/03/2026 08:45;0,091;0,091;;
17/03/2026 09:00;0,124;0,124;;
17/03/2026 09:15;0,071;0,071;;
17/03/2026 09:30;0,063;0,063;;
17/03/2026 09:45;0,037;0,037;;
17/03/2026 10:00;0,046;0,046;;
17/03/2026 10:15;0,064;0,064;;
17/03/2026 10:30;0,074;0,074;;
17/03/2026 10:45;0,075;0,075;;
17/03/2026 11:00;0,1;0,1;;
17/03/2026 11:15;0,062;0,062;;
17/03/2026 11:30;0,049;0,049;;
17/03/2026 11:45;0,1;0,1;;
17/03/2026 12:00;0,112;0,112;;
17/03/2026 12:15;0,113;0,113;;
17/03/2026 12:30;0,061;0,061;;
17/03/2026 12:45;0,097;0,097;;
17/03/2026 13:00;0,077;0,077;;
17/03/2026 13:15;0,118;0,118;;
17/03/2026 13:30;0,141;0,141;;
17/03/2026 13:45;0,093;0,093;;
17/03/2026 14:00;0,04;0,04;;
17/03/2026 14:15;0,097;0,097;;
17/03/2026 14:30;0,153;0,153;;
17/03/2026 14:45;0,109;0,109;;
17/03/2026 15:00;0,041;0,041;;
17/03/2026 15:15;0,071;0,071;;
17/03/2026 15:30;0,16;0,16;;
17/03/2026 15:45;0,117;0,117;;
17/03/2026 16:00;0,098;0,098;;
17/03/2026 16:15;0,099;0,099;;
17/03/2026 16:30;0,103;0,103;;
17/03/2026 16:45;0,112;0,112;;
17/03/2026 17:00;0,108;0,108;;
17/03/2026 17:15;0,104;0,104;;
17/03/2026 17:30;0,107;0,107;;
17/03/2026 17:45;0,29;0,29;;
17/03/2026 18:00;0,441;0,441;;
17/03/2026 18:15;0,747;0,747;;
17/03/2026 18:30;1.372;1,372;;
17/03/2026 18:45;1.394;1,394;;
17/03/2026 19:00;1.443;1,443;;
17/03/2026 19:15;1.399;1,399;;
17/03/2026 19:30;1.353;1,353;;
17/03/2026 19:45;1.358;1,358;;
17/03/2026 20:00;1.435;1,435;;
17/03/2026 20:15;1.419;1,419;;
17/03/2026 20:30;1.349;1,349;;
17/03/2026 20:45;1.342;1,342;;
17/03/2026 21:00;1.344;1,344;;
17/03/2026 21:15;1.544;1,544;;
17/03/2026 21:30;1.728;1,728;;
17/03/2026 21:45;1.563;1,563;;
17/03/2026 22:00;1.801;1,801;;
17/03/2026 22:15;1.741;1,741;;
17/03/2026 22:30;1,58;1,58;;
17/03/2026 22:45;0,894;0,894;;
17/03/2026 23:00;0,699;0,699;;
17/03/2026 23:15;0,47;0,47;;
17/03/2026 23:30;0,498;0,498;;
17/03/2026 23:45;0,549;0,549;;
18/03/2026 00:00;0,243;0,243;;
18/03/2026 00:15;0,12;0,12;;
18/03/2026 00:30;0,17;0,17;;
18/03/2026 00:45;0,188;0,188;;
18/03/2026 01:00;0,088;0,088;;
18/03/2026 01:15;0,041;0,041;;
18/03/2026 01:30;0,073;0,073;;
18/03/2026 01:45;0,081;0,081;;
18/03/2026 02:00;0,133;0,133;;
18/03/2026 02:15;0,046;0,046;;
18/03/2026 02:30;0,032;0,032;;
18/03/2026 02:45;0,053;0,053;;
18/03/2026 03:00;0,116;0,116;;
18/03/2026 03:15;0,074;0,074;;
18/03/2026 03:30;0,032;0,032;;
18/03/2026 03:45;0,039;0,039;;
18/03/2026 04:00;0,087;0,087;;
18/03/2026 04:15;0,035;0,035;;
18/03/2026 04:30;0,031;0,031;;
18/03/2026 04:45;0,087;0,087;;
18/03/2026 05:00;0,058;0,058;;
18/03/2026 05:15;0,053;0,053;;
18/03/2026 05:30;0,068;0,068;;
18/03/2026 05:45;0,038;0,038;;
18/03/2026 06:00;0,041;0,041;;
18/03/2026 06:15;0,047;0,047;;
18/03/2026 06:30;0,086;0,086;;
18/03/2026 06:45;0,037;0,037;;
18/03/2026 07:00;0,033;0,033;;
18/03/2026 07:15;0,038;0,038;;
18/03/2026 07:30;0,062;0,062;;
18/03/2026 07:45;0,094;0,094;;
18/03/2026 08:00;0,097;0,097;;
18/03/2026 08:15;0,055;0,055;;
18/03/2026 08:30;0,046;0,046;;
18/03/2026 08:45;0,11;0,11;;
18/03/2026 09:00;0,141;0,141;;
18/03/2026 09:15;0,095;0,095;;
18/03/2026 09:30;0,09;0,09;;
18/03/2026 09:45;0,087;0,087;;
18/03/2026 10:00;0,155;0,155;;
18/03/2026 10:15;0,14;0,14;;
18/03/2026 10:30;0,069;0,069;;
18/03/2026 10:45;0,052;0,052;;
18/03/2026 11:00;0,146;0,146;;
18/03/2026 11:15;0,118;0,118;;
18/03/2026 11:30;0,107;0,107;;
18/03/2026 11:45;0,095;0,095;;
18/03/2026 12:00;0,087;0,087;;
18/03/2026 12:15;0,094;0,094;;
18/03/2026 12:30;0,145;0,145;;
18/03/2026 12:45;0,182;0,182;;
18/03/2026 13:00;0,083;0,083;;
18/03/2026 13:15;0,056;0,056;;
18/03/2026 13:30;0,141;0,141;;
18/03/2026 13:45;0,158;0,158;;
18/03/2026 14:00;0,088;0,088;;
18/03/2026 14:15;0,106;0,106;;
18/03/2026 14:30;0,133;0,133;;
18/03/2026 14:45;0,142;0,142;;
18/03/2026 15:00;0,117;0,117;;
18/03/2026 15:15;0,099;0,099;;
18/03/2026 15:30;0,104;0,104;;
18/03/2026 15:45;0,188;0,188;;
18/03/2026 16:00;0,176;0,176;;
18/03/2026 16:15;0,145;0,145;;
18/03/2026 16:30;0,101;0,101;;
18/03/2026 16:45;0,071;0,071;;
18/03/2026 17:00;0,145;0,145;;
18/03/2026 17:15;0,167;0,167;;
18/03/2026 17:30;0,162;0,162;;
18/03/2026 17:45;0,596;0,596;;
18/03/2026 18:00;1,06;1,06;;
18/03/2026 18:15;1.195;1,195;;
18/03/2026 18:30;1.493;1,493;;
18/03/2026 18:45;1.404;1,404;;
18/03/2026 19:00;1.382;1,382;;
18/03/2026 19:15;1.464;1,464;;
18/03/2026 19:30;1.446;1,446;;
18/03/2026 19:45;1.678;1,678;;
18/03/2026 20:00;1.814;1,814;;
18/03/2026 20:15;1.811;1,811;;
18/03/2026 20:30;1.747;1,747;;
18/03/2026 20:45;1.795;1,795;;
18/03/2026 21:00;1.913;1,913;;
18/03/2026 21:15;2.118;2,118;;
18/03/2026 21:30;2.147;2,147;;
18/03/2026 21:45;1,88;1,88;;
18/03/2026 22:00;1.773;1,773;;
18/03/2026 22:15;1.578;1,578;;
18/03/2026 22:30;1.704;1,704;;
18/03/2026 22:45;1.108;1,108;;
18/03/2026 23:00;1.118;1,118;;
18/03/2026 23:15;0,667;0,667;;
18/03/2026 23:30;0,227;0,227;;
18/03/2026 23:45;0,044;0,044;;
19/03/2026 00:00;0,098;0,098;;
19/03/2026 00:15;0,078;0,078;;
19/03/2026 00:30;0,079;0,079;;
19/03/2026 00:45;0,066;0,066;;
19/03/2026 01:00;0,052;0,052;;
19/03/2026 01:15;0,079;0,079;;
19/03/2026 01:30;0,041;0,041;;
19/03/2026 01:45;0,059;0,059;;
19/03/2026 02:00;0,046;0,046;;
19/03/2026 02:15;0,114;0,114;;
19/03/2026 02:30;0,067;0,067;;
19/03/2026 02:45;0,035;0,035;;
19/03/2026 03:00;0,038;0,038;;
19/03/2026 03:15;0,048;0,048;;
19/03/2026 03:30;0,068;0,068;;
19/03/2026 03:45;0,032;0,032;;
19/03/2026 04:00;0,035;0,035;;
19/03/2026 04:15;0,059;0,059;;
19/03/2026 04:30;0,094;0,094;;
19/03/2026 04:45;0,126;0,126;;
19/03/2026 05:00;0,049;0,049;;
19/03/2026 05:15;0,039;0,039;;
19/03/2026 05:30;0,039;0,039;;
19/03/2026 05:45;0,031;0,031;;
19/03/2026 06:00;0,035;0,035;;
19/03/2026 06:15;0,039;0,039;;
19/03/2026 06:30;0,045;0,045;;
19/03/2026 06:45;0,039;0,039;;
19/03/2026 07:00;0,038;0,038;;
19/03/2026 07:15;0,033;0,033;;
19/03/2026 07:30;0,037;0,037;;
19/03/2026 07:45;0,036;0,036;;
19/03/2026 08:00;0,034;0,034;;
19/03/2026 08:15;0,033;0,033;;
19/03/2026 08:30;0,039;0,039;;
19/03/2026 08:45;0,069;0,069;;
19/03/2026 09:00;0,061;0,061;;
19/03/2026 09:15;0,131;0,131;;
19/03/2026 09:30;0,119;0,119;;
19/03/2026 09:45;0,034;0,034;;
19/03/2026 10:00;0,032;0,032;;
19/03/2026 10:15;0,1;0,1;;
19/03/2026 10:30;0,14;0,14;;
19/03/2026 10:45;0,116;0,116;;
19/03/2026 11:00;0,033;0,033;;
19/03/2026 11:15;0,048;0,048;;
19/03/2026 11:30;0,122;0,122;;
19/03/2026 11:45;0,173;0,173;;
19/03/2026 12:00;0,097;0,097;;
19/03/2026 12:15;0,049;0,049;;
19/03/2026 12:30;0,124;0,124;;
19/03/2026 12:45;0,145;0,145;;
19/03/2026 13:00;0,077;0,077;;
19/03/2026 13:15;0,05;0,05;;
19/03/2026 13:30;0,095;0,095;;
19/03/2026 13:45;0,161;0,161;;
19/03/2026 14:00;0,168;0,168;;
19/03/2026 14:15;0,136;0,136;;
19/03/2026 14:30;0,076;0,076;;
19/03/2026 14:45;0,114;0,114;;
19/03/2026 15:00;0,172;0,172;;
19/03/2026 15:15;0,144;0,144;;
19/03/2026 15:30;0,071;0,071;;
19/03/2026 15:45;0,107;0,107;;
19/03/2026 16:00;0,108;0,108;;
19/03/2026 16:15;0,142;0,142;;
19/03/2026 16:30;0,162;0,162;;
19/03/2026 16:45;0,158;0,158;;
19/03/2026 17:00;0,161;0,161;;
19/03/2026 17:15;0,144;0,144;;
19/03/2026 17:30;0,059;0,059;;
19/03/2026 17:45;0,326;0,326;;
19/03/2026 18:00;0,771;0,771;;
19/03/2026 18:15;0,976;0,976;;
19/03/2026 18:30;1.393;1,393;;
19/03/2026 18:45;1.127;1,127;;
19/03/2026 19:00;1.027;1,027;;
19/03/2026 19:15;1.479;1,479;;
19/03/2026 19:30;1.532;1,532;;
19/03/2026 19:45;1.424;1,424;;
19/03/2026 20:00;1.635;1,635;;
19/03/2026 20:15;1.615;1,615;;
19/03/2026 20:30;2.011;2,011;;
19/03/2026 20:45;2.222;2,222;;
19/03/2026 21:00;2.255;2,255;;
19/03/2026 21:15;1.842;1,842;;
19/03/2026 21:30;1.469;1,469;;
19/03/2026 21:45;0,916;0,916;;
19/03/2026 22:00;0,793;0,793;;
19/03/2026 22:15;0,439;0,439;;
19/03/2026 22:30;0,414;0,414;;
19/03/2026 22:45;0,417;0,417;;
19/03/2026 23:00;0,304;0,304;;
19/03/2026 23:15;0,08;0,08;;
19/03/2026 23:30;0,094;0,094;;
19/03/2026 23:45;0,049;0,049;;
20/03/2026 00:00;0,077;0,077;;
20/03/2026 00:15;0,066;0,066;;
20/03/2026 00:30;0,089;0,089;;
20/03/2026 00:45;0,055;0,055;;
20/03/2026 01:00;0,053;0,053;;
20/03/2026 01:15;0,067;0,067;;
20/03/2026 01:30;0,095;0,095;;
20/03/2026 01:45;0,07;0,07;;
20/03/2026 02:00;0,077;0,077;;
20/03/2026 02:15;0,044;0,044;;
20/03/2026 02:30;0,044;0,044;;
20/03/2026 02:45;0,05;0,05;;
20/03/2026 03:00;0,092;0,092;;
20/03/2026 03:15;0,062;0,062;;
20/03/2026 03:30;0,051;0,051;;
20/03/2026 03:45;0,045;0,045;;
20/03/2026 04:00;0,094;0,094;;
20/03/2026 04:15;0,083;0,083;;
20/03/2026 04:30;0,044;0,044;;
20/03/2026 04:45;0,04;0,04;;
20/03/2026 05:00;0,047;0,047;;
20/03/2026 05:15;0,051;0,051;;
20/03/2026 05:30;0,042;0,042;;
20/03/2026 05:45;0,05;0,05;;
20/03/2026 06:00;0,05;0,05;;
20/03/2026 06:15;0,049;0,049;;
20/03/2026 06:30;0,04;0,04;;
20/03/2026 06:45;0,041;0,041;;
20/03/2026 07:00;0,055;0,055;;
20/03/2026 07:15;0,056;0,056;;
20/03/2026 07:30;0,083;0,083;;
20/03/2026 07:45;0,073;0,073;;
20/03/2026 08:00;0,05;0,05;;
20/03/2026 08:15;0,046;0,046;;
20/03/2026 08:30;0,036;0,036;;
20/03/2026 08:45;0,036;0,036;;
20/03/2026 09:00;0,034;0,034;;
20/03/2026 09:15;0,04;0,04;;
20/03/2026 09:30;0,04;0,04;;
20/03/2026 09:45;0,291;0,291;;
20/03/2026 10:00;0,365;0,365;;
20/03/2026 10:15;0,136;0,136;;
20/03/2026 10:30;0,044;0,044;;
20/03/2026 10:45;0,065;0,065;;
20/03/2026 11:00;0,096;0,096;;
20/03/2026 11:15;0,083;0,083;;
20/03/2026 11:30;0,082;0,082;;
20/03/2026 11:45;0,132;0,132;;
20/03/2026 12:00;0,124;0,124;;
20/03/2026 12:15;0,1;0,1;;
20/03/2026 12:30;0,124;0,124;;
20/03/2026 12:45;0,058;0,058;;
20/03/2026 13:00;0,141;0,141;;
20/03/2026 13:15;0,075;0,075;;
20/03/2026 13:30;0,063;0,063;;
20/03/2026 13:45;0,134;0,134;;
20/03/2026 14:00;0,157;0,157;;
20/03/2026 14:15;0,217;0,217;;
20/03/2026 14:30;0,236;0,236;;
20/03/2026 14:45;0,23;0,23;;
20/03/2026 15:00;0,213;0,213;;
20/03/2026 15:15;0,246;0,246;;
20/03/2026 15:30;0,233;0,233;;
20/03/2026 15:45;0,235;0,235;;
20/03/2026 16:00;0,223;0,223;;
20/03/2026 16:15;0,169;0,169;;
20/03/2026 16:30;0,202;0,202;;
20/03/2026 16:45;0,216;0,216;;
20/03/2026 17:00;0,217;0,217;;
20/03/2026 17:15;0,17;0,17;;
20/03/2026 17:30;0,163;0,163;;
20/03/2026 17:45;0,183;0,183;;
20/03/2026 18:00;0,167;0,167;;
20/03/2026 18:15;0,419;0,419;;
20/03/2026 18:30;1.129;1,129;;
20/03/2026 18:45;1.715;1,715;;
20/03/2026 19:00;1.203;1,203;;
20/03/2026 19:15;1.095;1,095;;
20/03/2026 19:30;1,1;1,1;;
20/03/2026 19:45;1.081;1,081;;
20/03/2026 20:00;1.061;1,061;;
20/03/2026 20:15;0,793;0,793;;
20/03/2026 20:30;1.021;1,021;;
20/03/2026 20:45;1.384;1,384;;
20/03/2026 21:00;2.453;2,453;;
20/03/2026 21:15;1.714;1,714;;
20/03/2026 21:30;1.244;1,244;;
20/03/2026 21:45;0,865;0,865;;
20/03/2026 22:00;0,533;0,533;;
20/03/2026 22:15;0,089;0,089;;
20/03/2026 22:30;0,107;0,107;;
20/03/2026 22:45;0,057;0,057;;
20/03/2026 23:00;0,037;0,037;;
20/03/2026 23:15;0,032;0,032;;
20/03/2026 23:30;0,036;0,036;;
20/03/2026 23:45;0,047;0,047;;
21/03/2026 00:00;0,042;0,042;;
21/03/2026 00:15;0,039;0,039;;
21/03/2026 00:30;0,04;0,04;;
21/03/2026 00:45;0,092;0,092;;
21/03/2026 01:00;0,105;0,105;;
21/03/2026 01:15;0,085;0,085;;
21/03/2026 01:30;0,096;0,096;;
21/03/2026 01:45;0,063;0,063;;
21/03/2026 02:00;0,043;0,043;;
21/03/2026 02:15;0,037;0,037;;
21/03/2026 02:30;0,036;0,036;;
21/03/2026 02:45;0,049;0,049;;
21/03/2026 03:00;0,036;0,036;;
21/03/2026 03:15;0,039;0,039;;
21/03/2026 03:30;0,036;0,036;;
21/03/2026 03:45;0,039;0,039;;
21/03/2026 04:00;0,04;0,04;;
21/03/2026 04:15;0,037;0,037;;
21/03/2026 04:30;0,031;0,031;;
21/03/2026 04:45;0,039;0,039;;
21/03/2026 05:00;0,053;0,053;;
21/03/2026 05:15;0,04;0,04;;
21/03/2026 05:30;0,049;0,049;;
21/03/2026 05:45;0,048;0,048;;
21/03/2026 06:00;0,068;0,068;;
21/03/2026 06:15;0,052;0,052;;
21/03/2026 06:30;0,045;0,045;;
21/03/2026 06:45;0,04;0,04;;
21/03/2026 07:00;0,036;0,036;;
21/03/2026 07:15;0,046;0,046;;
21/03/2026 07:30;0,044;0,044;;
21/03/2026 07:45;0,045;0,045;;
21/03/2026 08:00;0,042;0,042;;
21/03/2026 08:15;0,047;0,047;;
21/03/2026 08:30;0,084;0,084;;
21/03/2026 08:45;0,069;0,069;;
21/03/2026 09:00;0,041;0,041;;
21/03/2026 09:15;0,126;0,126;;
21/03/2026 09:30;0,113;0,113;;
21/03/2026 09:45;0,1;0,1;;
21/03/2026 10:00;0,123;0,123;;
21/03/2026 10:15;0,132;0,132;;
21/03/2026 10:30;0,196;0,196;;
21/03/2026 10:45;0,167;0,167;;
21/03/2026 11:00;0,099;0,099;;
21/03/2026 11:15;0,057;0,057;;
21/03/2026 11:30;0,073;0,073;;
21/03/2026 11:45;0,109;0,109;;
21/03/2026 12:00;0,119;0,119;;
21/03/2026 12:15;0,179;0,179;;
21/03/2026 12:30;0,144;0,144;;
21/03/2026 12:45;0,069;0,069;;
21/03/2026 13:00;0,095;0,095;;
21/03/2026 13:15;0,13;0,13;;
21/03/2026 13:30;1.003;1,003;;
21/03/2026 13:45;1.031;1,031;;
21/03/2026 14:00;0,748;0,748;;
21/03/2026 14:15;1.718;1,718;;
21/03/2026 14:30;0,964;0,964;;
21/03/2026 14:45;0,841;0,841;;
21/03/2026 15:00;0,774;0,774;;
21/03/2026 15:15;0,776;0,776;;
21/03/2026 15:30;0,788;0,788;;
21/03/2026 15:45;0,747;0,747;;
21/03/2026 16:00;0,788;0,788;;
21/03/2026 16:15;0,789;0,789;;
21/03/2026 16:30;0,755;0,755;;
21/03/2026 16:45;0,742;0,742;;
21/03/2026 17:00;0,825;0,825;;
21/03/2026 17:15;1.458;1,458;;
21/03/2026 17:30;1.738;1,738;;
21/03/2026 17:45;0,846;0,846;;
21/03/2026 18:00;1.445;1,445;;
21/03/2026 18:15;1.442;1,442;;
21/03/2026 18:30;1.414;1,414;;
21/03/2026 18:45;1.441;1,441;;
21/03/2026 19:00;1.411;1,411;;
21/03/2026 19:15;1.548;1,548;;
21/03/2026 19:30;1.405;1,405;;
21/03/2026 19:45;1.383;1,383;;
21/03/2026 20:00;1.371;1,371;;
21/03/2026 20:15;1.862;1,862;;
21/03/2026 20:30;1.598;1,598;;
21/03/2026 20:45;2.557;2,557;;
21/03/2026 21:00;2.288;2,288;;
21/03/2026 21:15;1,49;1,49;;
21/03/2026 21:30;0,952;0,952;;
21/03/2026 21:45;0,582;0,582;;
21/03/2026 22:00;0,494;0,494;;
21/03/2026 22:15;0,403;0,403;;
21/03/2026 22:30;0,05;0,05;;
21/03/2026 22:45;0,044;0,044;;
21/03/2026 23:00;0,046;0,046;;
21/03/2026 23:15;0,062;0,062;;
21/03/2026 23:30;0,051;0,051;;
21/03/2026 23:45;0,092;0,092;;
22/03/2026 00:00;0,058;0,058;;
22/03/2026 00:15;0,094;0,094;;
22/03/2026 00:30;0,044;0,044;;
22/03/2026 00:45;0,035;0,035;;
22/03/2026 01:00;0,041;0,041;;
22/03/2026 01:15;0,044;0,044;;
22/03/2026 01:30;0,049;0,049;;
22/03/2026 01:45;0,074;0,074;;
22/03/2026 02:00;0,11;0,11;;
22/03/2026 02:15;0,097;0,097;;
22/03/2026 02:30;0,058;0,058;;
22/03/2026 02:45;0,036;0,036;;
22/03/2026 03:00;0,039;0,039;;
22/03/2026 03:15;0,044;0,044;;
22/03/2026 03:30;0,039;0,039;;
22/03/2026 03:45;0,034;0,034;;
22/03/2026 04:00;0,046;0,046;;
22/03/2026 04:15;0,047;0,047;;
22/03/2026 04:30;0,041;0,041;;
22/03/2026 04:45;0,043;0,043;;
22/03/2026 05:00;0,07;0,07;;
22/03/2026 05:15;0,058;0,058;;
22/03/2026 05:30;0,042;0,042;;
22/03/2026 05:45;0,05;0,05;;
22/03/2026 06:00;0,053;0,053;;
22/03/2026 06:15;0,044;0,044;;
22/03/2026 06:30;0,046;0,046;;
22/03/2026 06:45;0,04;0,04;;
22/03/2026 07:00;0,041;0,041;;
22/03/2026 07:15;0,035;0,035;;
22/03/2026 07:30;0,04;0,04;;
22/03/2026 07:45;0,036;0,036;;
22/03/2026 08:00;0,041;0,041;;
22/03/2026 08:15;0,038;0,038;;
22/03/2026 08:30;0,04;0,04;;
22/03/2026 08:45;0,046;0,046;;
22/03/2026 09:00;0,042;0,042;;
22/03/2026 09:15;0,461;0,461;;
22/03/2026 09:30;0,695;0,695;;
22/03/2026 09:45;0,692;0,692;;
22/03/2026 10:00;0,701;0,701;;
22/03/2026 10:15;0,72;0,72;;
22/03/2026 10:30;0,746;0,746;;
22/03/2026 10:45;0,742;0,742;;
22/03/2026 11:00;0,713;0,713;;
22/03/2026 11:15;0,735;0,735;;
22/03/2026 11:30;0,756;0,756;;
22/03/2026 11:45;0,744;0,744;;
22/03/2026 12:00;0,731;0,731;;
22/03/2026 12:15;1.537;1,537;;
22/03/2026 12:30;1.955;1,955;;
22/03/2026 12:45;1.378;1,378;;
22/03/2026 13:00;0,412;0,412;;
22/03/2026 13:15;0,203;0,203;;
22/03/2026 13:30;0,148;0,148;;
22/03/2026 13:45;0,156;0,156;;
22/03/2026 14:00;0,39;0,39;;
22/03/2026 14:15;0,88;0,88;;
22/03/2026 14:30;0,85;0,85;;
22/03/2026 14:45;0,857;0,857;;
22/03/2026 15:00;0,86;0,86;;
22/03/2026 15:15;0,907;0,907;;
22/03/2026 15:30;0,878;0,878;;
22/03/2026 15:45;0,85;0,85;;
22/03/2026 16:00;0,855;0,855;;
22/03/2026 16:15;0,804;0,804;;
22/03/2026 16:30;0,733;0,733;;
22/03/2026 16:45;0,762;0,762;;
22/03/2026 17:00;1.593;1,593;;
22/03/2026 17:15;1.868;1,868;;
22/03/2026 17:30;1.792;1,792;;
22/03/2026 17:45;0,899;0,899;;
22/03/2026 18:00;0,758;0,758;;
22/03/2026 18:15;0,808;0,808;;
22/03/2026 18:30;1.338;1,338;;
22/03/2026 18:45;0,882;0,882;;
22/03/2026 19:00;0,771;0,771;;
22/03/2026 19:15;0,737;0,737;;
22/03/2026 19:30;0,731;0,731;;
22/03/2026 19:45;0,752;0,752;;
22/03/2026 20:00;0,738;0,738;;
22/03/2026 20:15;0,416;0,416;;
22/03/2026 20:30;0,397;0,397;;
22/03/2026 20:45;0,33;0,33;;
22/03/2026 21:00;0,074;0,074;;
22/03/2026 21:15;0,082;0,082;;
22/03/2026 21:30;0,111;0,111;;
22/03/2026 21:45;0,037;0,037;;
22/03/2026 22:00;0,039;0,039;;
22/03/2026 22:15;0,041;0,041;;
22/03/2026 22:30;0,047;0,047;;
22/03/2026 22:45;0,058;0,058;;
22/03/2026 23:00;0,088;0,088;;
22/03/2026 23:15;0,062;0,062;;
22/03/2026 23:30;0,07;0,07;;
22/03/2026 23:45;0,043;0,043;;
23/03/2026 00:00;0,062;0,062;;
23/03/2026 00:15;0,07;0,07;;
23/03/2026 00:30;0,041;0,041;;
23/03/2026 00:45;0,039;0,039;;
23/03/2026 01:00;0,052;0,052;;
23/03/2026 01:15;0,059;0,059;;
23/03/2026 01:30;0,133;0,133;;
23/03/2026 01:45;0,104;0,104;;
23/03/2026 02:00;0,047;0,047;;
23/03/2026 02:15;0,046;0,046;;
23/03/2026 02:30;0,041;0,041;;
23/03/2026 02:45;0,04;0,04;;
23/03/2026 03:00;0,038;0,038;;
23/03/2026 03:15;0,045;0,045;;
23/03/2026 03:30;0,04;0,04;;
23/03/2026 03:45;0,038;0,038;;
23/03/2026 04:00;0,041;0,041;;
23/03/2026 04:15;0,044;0,044;;
23/03/2026 04:30;0,07;0,07;;
23/03/2026 04:45;0,075;0,075;;
23/03/2026 05:00;0,037;0,037;;
23/03/2026 05:15;0,035;0,035;;
23/03/2026 05:30;0,042;0,042;;
23/03/2026 05:45;0,041;0,041;;
23/03/2026 06:00;0,044;0,044;;
23/03/2026 06:15;0,033;0,033;;
23/03/2026 06:30;0,037;0,037;;
23/03/2026 06:45;0,045;0,045;;
23/03/2026 07:00;0,067;0,067;;
23/03/2026 07:15;0,051;0,051;;
23/03/2026 07:30;0,044;0,044;;
23/03/2026 07:45;0,044;0,044;;
23/03/2026 08:00;0,048;0,048;;
23/03/2026 08:15;0,035;0,035;;
23/03/2026 08:30;0,036;0,036;;
23/03/2026 08:45;0,053;0,053;;
23/03/2026 09:00;0,087;0,087;;
23/03/2026 09:15;0,083;0,083;;
23/03/2026 09:30;0,081;0,081;;
23/03/2026 09:45;0,039;0,039;;
23/03/2026 10:00;0,036;0,036;;
23/03/2026 10:15;0,052;0,052;;
23/03/2026 10:30;0,09;0,09;;
23/03/2026 10:45;0,061;0,061;;
23/03/2026 11:00;0,062;0,062;;
23/03/2026 11:15;0,103;0,103;;
23/03/2026 11:30;0,089;0,089;;
23/03/2026 11:45;0,039;0,039;;
23/03/2026 12:00;0,047;0,047;;
23/03/2026 12:15;0,128;0,128;;
23/03/2026 12:30;0,073;0,073;;
23/03/2026 12:45;0,088;0,088;;
23/03/2026 13:00;0,111;0,111;;
23/03/2026 13:15;0,047;0,047;;
23/03/2026 13:30;0,106;0,106;;
23/03/2026 13:45;0,142;0,142;;
23/03/2026 14:00;0,065;0,065;;
23/03/2026 14:15;0,059;0,059;;
23/03/2026 14:30;0,151;0,151;;
23/03/2026 14:45;0,07;0,07;;
23/03/2026 15:00;0,087;0,087;;
23/03/2026 15:15;0,163;0,163;;
23/03/2026 15:30;0,073;0,073;;
23/03/2026 15:45;0,047;0,047;;
23/03/2026 16:00;0,162;0,162;;
23/03/2026 16:15;0,101;0,101;;
23/03/2026 16:30;0,047;0,047;;
23/03/2026 16:45;0,141;0,141;;
23/03/2026 17:00;0,123;0,123;;
23/03/2026 17:15;0,062;0,062;;
23/03/2026 17:30;0,111;0,111;;
23/03/2026 17:45;0,096;0,096;;
23/03/2026 18:00;1.276;1,276;;
23/03/2026 18:15;1.488;1,488;;
23/03/2026 18:30;1.455;1,455;;
23/03/2026 18:45;1.385;1,385;;
23/03/2026 19:00;1.464;1,464;;
23/03/2026 19:15;1.509;1,509;;
23/03/2026 19:30;1,41;1,41;;
23/03/2026 19:45;1.268;1,268;;
23/03/2026 20:00;1.451;1,451;;
23/03/2026 20:15;1.434;1,434;;
23/03/2026 20:30;1.485;1,485;;
23/03/2026 20:45;1.426;1,426;;
23/03/2026 21:00;1.385;1,385;;
23/03/2026 21:15;1.446;1,446;;
23/03/2026 21:30;1.184;1,184;;
23/03/2026 21:45;0,577;0,577;;
23/03/2026 22:00;0,5;0,5;;
23/03/2026 22:15;0,489;0,489;;
23/03/2026 22:30;0,456;0,456;;
23/03/2026 22:45;0,419;0,419;;
23/03/2026 23:00;0,321;0,321;;
23/03/2026 23:15;0,067;0,067;;
23/03/2026 23:30;0,099;0,099;;
23/03/2026 23:45;0,06;0,06;;
24/03/2026 00:00;0,057;0,057;;
24/03/2026 00:15;0,057;0,057;;
24/03/2026 00:30;0,125;0,125;;
24/03/2026 00:45;0,053;0,053;;
24/03/2026 01:00;0,035;0,035;;
24/03/2026 01:15;0,031;0,031;;
24/03/2026 01:30;0,077;0,077;;
24/03/2026 01:45;0,066;0,066;;
24/03/2026 02:00;0,068;0,068;;
24/03/2026 02:15;0,036;0,036;;
24/03/2026 02:30;0,062;0,062;;
24/03/2026 02:45;0,118;0,118;;
24/03/2026 03:00;0,073;0,073;;
24/03/2026 03:15;0,032;0,032;;
24/03/2026 03:30;0,04;0,04;;
24/03/2026 03:45;0,041;0,041;;
24/03/2026 04:00;0,031;0,031;;
24/03/2026 04:15;0,031;0,031;;
24/03/2026 04:30;0,079;0,079;;
24/03/2026 04:45;0,055;0,055;;
24/03/2026 05:00;0,058;0,058;;
24/03/2026 05:15;0,115;0,115;;
24/03/2026 05:30;0,048;0,048;;
24/03/2026 05:45;0,039;0,039;;
24/03/2026 06:00;0,031;0,031;;
24/03/2026 06:15;0,032;0,032;;
24/03/2026 06:30;0,043;0,043;;
24/03/2026 06:45;0,044;0,044;;
24/03/2026 07:00;0,05;0,05;;
24/03/2026 07:15;0,081;0,081;;
24/03/2026 07:30;0,116;0,116;;
24/03/2026 07:45;0,065;0,065;;
24/03/2026 08:00;0,031;0,031;;
24/03/2026 08:15;0,035;0,035;;
24/03/2026 08:30;0,042;0,042;;
24/03/2026 08:45;0,039;0,039;;
24/03/2026 09:00;0,032;0,032;;
24/03/2026 09:15;0,038;0,038;;
24/03/2026 09:30;0,063;0,063;;
24/03/2026 09:45;0,09;0,09;;
24/03/2026 10:00;0,07;0,07;;
24/03/2026 10:15;0,071;0,071;;
24/03/2026 10:30;0,043;0,043;;
24/03/2026 10:45;0,04;0,04;;
24/03/2026 11:00;0,04;0,04;;
24/03/2026 11:15;0,093;0,093;;
24/03/2026 11:30;0,064;0,064;;
24/03/2026 11:45;0,105;0,105;;
24/03/2026 12:00;0,105;0,105;;
24/03/2026 12:15;0,052;0,052;;
24/03/2026 12:30;0,043;0,043;;
24/03/2026 12:45;0,089;0,089;;
24/03/2026 13:00;0,105;0,105;;
24/03/2026 13:15;0,034;0,034;;
24/03/2026 13:30;0,05;0,05;;
24/03/2026 13:45;0,14;0,14;;
24/03/2026 14:00;0,129;0,129;;
24/03/2026 14:15;0,158;0,158;;
24/03/2026 14:30;0,167;0,167;;
24/03/2026 14:45;0,146;0,146;;
24/03/2026 15:00;0,131;0,131;;
24/03/2026 15:15;0,149;0,149;;
24/03/2026 15:30;0,114;0,114;;
24/03/2026 15:45;0,074;0,074;;
24/03/2026 16:00;0,058;0,058;;
24/03/2026 16:15;0,11;0,11;;
24/03/2026 16:30;0,126;0,126;;
24/03/2026 16:45;0,099;0,099;;
24/03/2026 17:00;0,085;0,085;;
24/03/2026 17:15;0,05;0,05;;
24/03/2026 17:30;0,038;0,038;;
24/03/2026 17:45;0,097;0,097;;
24/03/2026 18:00;0,371;0,371;;
24/03/2026 18:15;0,709;0,709;;
24/03/2026 18:30;1.383;1,383;;
24/03/2026 18:45;1.369;1,369;;
24/03/2026 19:00;1.457;1,457;;
24/03/2026 19:15;1.436;1,436;;
24/03/2026 19:30;1.372;1,372;;
24/03/2026 19:45;1.367;1,367;;
24/03/2026 20:00;1.379;1,379;;
24/03/2026 20:15;1.438;1,438;;
24/03/2026 20:30;1.396;1,396;;
24/03/2026 20:45;1.422;1,422;;
24/03/2026 21:00;1.403;1,403;;
24/03/2026 21:15;1.401;1,401;;
24/03/2026 21:30;1,79;1,79;;
24/03/2026 21:45;1.566;1,566;;
24/03/2026 22:00;1.604;1,604;;
24/03/2026 22:15;1.621;1,621;;
24/03/2026 22:30;1.581;1,581;;
24/03/2026 22:45;1.584;1,584;;
24/03/2026 23:00;0,811;0,811;;
24/03/2026 23:15;0,113;0,113;;
24/03/2026 23:30;0,075;0,075;;
24/03/2026 23:45;0,155;0,155;;
25/03/2026 00:00;0,213;0,213;;
25/03/2026 00:15;0,13;0,13;;
25/03/2026 00:30;0,046;0,046;;
25/03/2026 00:45;0,066;0,066;;
25/03/2026 01:00;0,123;0,123;;
25/03/2026 01:15;0,098;0,098;;
25/03/2026 01:30;0,052;0,052;;
25/03/2026 01:45;0,045;0,045;;
25/03/2026 02:00;0,085;0,085;;
25/03/2026 02:15;0,076;0,076;;
25/03/2026 02:30;0,09;0,09;;
25/03/2026 02:45;0,038;0,038;;
25/03/2026 03:00;0,033;0,033;;
25/03/2026 03:15;0,086;0,086;;
25/03/2026 03:30;0,058;0,058;;
25/03/2026 03:45;0,066;0,066;;
25/03/2026 04:00;0,078;0,078;;
25/03/2026 04:15;0,057;0,057;;
25/03/2026 04:30;0,084;0,084;;
25/03/2026 04:45;0,035;0,035;;
25/03/2026 05:00;0,037;0,037;;
25/03/2026 05:15;0,05;0,05;;
25/03/2026 05:30;0,074;0,074;;
25/03/2026 05:45;0,073;0,073;;
25/03/2026 06:00;0,045;0,045;;
25/03/2026 06:15;0,051;0,051;;
25/03/2026 06:30;0,057;0,057;;
25/03/2026 06:45;0,089;0,089;;
25/03/2026 07:00;0,054;0,054;;
25/03/2026 07:15;0,039;0,039;;
25/03/2026 07:30;0,039;0,039;;
25/03/2026 07:45;0,035;0,035;;
25/03/2026 08:00;0,034;0,034;;
25/03/2026 08:15;0,04;0,04;;
25/03/2026 08:30;0,046;0,046;;
25/03/2026 08:45;0,167;0,167;;
25/03/2026 09:00;0,476;0,476;;
25/03/2026 09:15;0,432;0,432;;
25/03/2026 09:30;0,381;0,381;;
25/03/2026 09:45;0,373;0,373;;
25/03/2026 10:00;0,405;0,405;;
25/03/2026 10:15;0,32;0,32;;
25/03/2026 10:30;0,095;0,095;;
25/03/2026 10:45;0,058;0,058;;
25/03/2026 11:00;0,042;0,042;;
25/03/2026 11:15;0,084;0,084;;
25/03/2026 11:30;0,122;0,122;;
25/03/2026 11:45;0,034;0,034;;
25/03/2026 12:00;0,033;0,033;;
25/03/2026 12:15;0,041;0,041;;
25/03/2026 12:30;0,087;0,087;;
25/03/2026 12:45;0,09;0,09;;
25/03/2026 13:00;0,063;0,063;;
25/03/2026 13:15;0,053;0,053;;
25/03/2026 13:30;0,074;0,074;;
25/03/2026 13:45;0,082;0,082;;
25/03/2026 14:00;0,04;0,04;;
25/03/2026 14:15;0,052;0,052;;
25/03/2026 14:30;0,093;0,093;;
25/03/2026 14:45;0,127;0,127;;
25/03/2026 15:00;0,056;0,056;;
25/03/2026 15:15;0,042;0,042;;
25/03/2026 15:30;0,055;0,055;;
25/03/2026 15:45;0,119;0,119;;
25/03/2026 16:00;0,094;0,094;;
25/03/2026 16:15;0,051;0,051;;
25/03/2026 16:30;0,04;0,04;;
25/03/2026 16:45;0,068;0,068;;
25/03/2026 17:00;0,107;0,107;;
25/03/2026 17:15;0,064;0,064;;
25/03/2026 17:30;0,04;0,04;;
25/03/2026 17:45;0,683;0,683;;
25/03/2026 18:00;0,742;0,742;;
25/03/2026 18:15;0,881;0,881;;
25/03/2026 18:30;1.067;1,067;;
25/03/2026 18:45;1.047;1,047;;
25/03/2026 19:00;1,06;1,06;;
25/03/2026 19:15;1.064;1,064;;
25/03/2026 19:30;1.193;1,193;;
25/03/2026 19:45;1.278;1,278;;
25/03/2026 20:00;1.093;1,093;;
25/03/2026 20:15;1.211;1,211;;
25/03/2026 20:30;1.157;1,157;;
25/03/2026 20:45;1.221;1,221;;
25/03/2026 21:00;1.099;1,099;;
25/03/2026 21:15;1,25;1,25;;
25/03/2026 21:30;1.249;1,249;;
25/03/2026 21:45;0,717;0,717;;
25/03/2026 22:00;0,707;0,707;;
25/03/2026 22:15;0,734;0,734;;
25/03/2026 22:30;0,71;0,71;;
25/03/2026 22:45;0,717;0,717;;
25/03/2026 23:00;0,941;0,941;;
25/03/2026 23:15;0,903;0,903;;
25/03/2026 23:30;0,908;0,908;;
25/03/2026 23:45;0,83;0,83;;
26/03/2026 00:00;0,819;0,819;;
26/03/2026 00:15;0,849;0,849;;
26/03/2026 00:30;0,875;0,875;;
26/03/2026 00:45;0,887;0,887;;
26/03/2026 01:00;0,85;0,85;;
26/03/2026 01:15;0,153;0,153;;
26/03/2026 01:30;0,168;0,168;;
26/03/2026 01:45;0,082;0,082;;
26/03/2026 02:00;0,054;0,054;;
26/03/2026 02:15;0,048;0,048;;
26/03/2026 02:30;0,039;0,039;;
26/03/2026 02:45;0,036;0,036;;
26/03/2026 03:00;0,044;0,044;;
26/03/2026 03:15;0,048;0,048;;
26/03/2026 03:30;0,091;0,091;;
26/03/2026 03:45;0,11;0,11;;
26/03/2026 04:00;0,088;0,088;;
26/03/2026 04:15;0,033;0,033;;
26/03/2026 04:30;0,033;0,033;;
26/03/2026 04:45;0,036;0,036;;
26/03/2026 05:00;0,037;0,037;;
26/03/2026 05:15;0,038;0,038;;
26/03/2026 05:30;0,044;0,044;;
26/03/2026 05:45;0,035;0,035;;
26/03/2026 06:00;0,042;0,042;;
26/03/2026 06:15;0,033;0,033;;
26/03/2026 06:30;0,031;0,031;;
26/03/2026 06:45;0,039;0,039;;
26/03/2026 07:00;0,036;0,036;;
26/03/2026 07:15;0,031;0,031;;
26/03/2026 07:30;0,037;0,037;;
26/03/2026 07:45;0,05;0,05;;
26/03/2026 08:00;0,049;0,049;;
26/03/2026 08:15;0,04;0,04;;
26/03/2026 08:30;0,053;0,053;;
26/03/2026 08:45;0,086;0,086;;
26/03/2026 09:00;0,091;0,091;;
26/03/2026 09:15;0,052;0,052;;
26/03/2026 09:30;0,033;0,033;;
26/03/2026 09:45;0,04;0,04;;
26/03/2026 10:00;0,045;0,045;;
26/03/2026 10:15;0,068;0,068;;
26/03/2026 10:30;0,137;0,137;;
26/03/2026 10:45;0,112;0,112;;
26/03/2026 11:00;0,041;0,041;;
26/03/2026 11:15;0,033;0,033;;
26/03/2026 11:30;0,053;0,053;;
26/03/2026 11:45;0,098;0,098;;
26/03/2026 12:00;0,04;0,04;;
26/03/2026 12:15;0,057;0,057;;
26/03/2026 12:30;0,061;0,061;;
26/03/2026 12:45;0,142;0,142;;
26/03/2026 13:00;0,093;0,093;;
26/03/2026 13:15;0,037;0,037;;
26/03/2026 13:30;0,13;0,13;;
26/03/2026 13:45;0,414;0,414;;
26/03/2026 14:00;0,459;0,459;;
26/03/2026 14:15;0,365;0,365;;
26/03/2026 14:30;0,373;0,373;;
26/03/2026 14:45;0,229;0,229;;
26/03/2026 15:00;0,121;0,121;;
26/03/2026 15:15;0,093;0,093;;
26/03/2026 15:30;0,043;0,043;;
26/03/2026 15:45;0,037;0,037;;
26/03/2026 16:00;0,073;0,073;;
26/03/2026 16:15;0,121;0,121;;
26/03/2026 16:30;0,047;0,047;;
26/03/2026 16:45;0,045;0,045;;
26/03/2026 17:00;0,056;0,056;;
26/03/2026 17:15;0,119;0,119;;
26/03/2026 17:30;0,11;0,11;;
26/03/2026 17:45;0,036;0,036;;
26/03/2026 18:00;0,394;0,394;;
26/03/2026 18:15;0,845;0,845;;
26/03/2026 18:30;1.057;1,057;;
26/03/2026 18:45;1.037;1,037;;
26/03/2026 19:00;1.015;1,015;;
26/03/2026 19:15;1.027;1,027;;
26/03/2026 19:30;1.054;1,054;;
26/03/2026 19:45;1.049;1,049;;
26/03/2026 20:00;0,909;0,909;;
26/03/2026 20:15;0,679;0,679;;
26/03/2026 20:30;0,698;0,698;;
26/03/2026 20:45;0,688;0,688;;
26/03/2026 21:00;0,813;0,813;;
26/03/2026 21:15;0,879;0,879;;
26/03/2026 21:30;0,883;0,883;;
26/03/2026 21:45;0,858;0,858;;
26/03/2026 22:00;0,925;0,925;;
26/03/2026 22:15;0,91;0,91;;
26/03/2026 22:30;0,851;0,851;;
26/03/2026 22:45;0,802;0,802;;
26/03/2026 23:00;0,598;0,598;;
26/03/2026 23:15;0,385;0,385;;
26/03/2026 23:30;0,39;0,39;;
26/03/2026 23:45;0,597;0,597;;
27/03/2026 00:00;0,64;0,64;;
27/03/2026 00:15;0,587;0,587;;
27/03/2026 00:30;0,558;0,558;;
27/03/2026 00:45;0,482;0,482;;
27/03/2026 01:00;0,504;0,504;;
27/03/2026 01:15;0,52;0,52;;
27/03/2026 01:30;0,254;0,254;;
27/03/2026 01:45;0,072;0,072;;
27/03/2026 02:00;0,07;0,07;;
27/03/2026 02:15;0,084;0,084;;
27/03/2026 02:30;0,036;0,036;;
27/03/2026 02:45;0,077;0,077;;
27/03/2026 03:00;0,063;0,063;;
27/03/2026 03:15;0,033;0,033;;
27/03/2026 03:30;0,036;0,036;;
27/03/2026 03:45;0,036;0,036;;
27/03/2026 04:00;0,034;0,034;;
27/03/2026 04:15;0,034;0,034;;
27/03/2026 04:30;0,043;0,043;;
27/03/2026 04:45;0,041;0,041;;
27/03/2026 05:00;0,034;0,034;;
27/03/2026 05:15;0,037;0,037;;
27/03/2026 05:30;0,036;0,036;;
27/03/2026 05:45;0,034;0,034;;
27/03/2026 06:00;0,036;0,036;;
27/03/2026 06:15;0,047;0,047;;
27/03/2026 06:30;0,038;0,038;;
27/03/2026 06:45;0,037;0,037;;
27/03/2026 07:00;0,049;0,049;;
27/03/2026 07:15;0,034;0,034;;
27/03/2026 07:30;0,031;0,031;;
27/03/2026 07:45;0,039;0,039;;
27/03/2026 08:00;0,034;0,034;;
27/03/2026 08:15;0,031;0,031;;
27/03/2026 08:30;0,04;0,04;;
27/03/2026 08:45;0,051;0,051;;
27/03/2026 09:00;0,07;0,07;;
27/03/2026 09:15;0,069;0,069;;
27/03/2026 09:30;0,093;0,093;;
27/03/2026 09:45;0,094;0,094;;
27/03/2026 10:00;0,089;0,089;;
27/03/2026 10:15;0,083;0,083;;
27/03/2026 10:30;0,061;0,061;;
27/03/2026 10:45;0,054;0,054;;
27/03/2026 11:00;0,035;0,035;;
27/03/2026 11:15;0,034;0,034;;
27/03/2026 11:30;0,045;0,045;;
27/03/2026 11:45;0,047;0,047;;
27/03/2026 12:00;0,037;0,037;;
27/03/2026 12:15;0,035;0,035;;
27/03/2026 12:30;0,032;0,032;;
27/03/2026 12:45;0,04;0,04;;
27/03/2026 13:00;0,369;0,369;;
27/03/2026 13:15;0,404;0,404;;
27/03/2026 13:30;0,456;0,456;;
27/03/2026 13:45;0,447;0,447;;
27/03/2026 14:00;0,429;0,429;;
27/03/2026 14:15;0,48;0,48;;
27/03/2026 14:30;0,442;0,442;;
27/03/2026 14:45;0,37;0,37;;
27/03/2026 15:00;0,366;0,366;;
27/03/2026 15:15;0,096;0,096;;
27/03/2026 15:30;0,157;0,157;;
27/03/2026 15:45;0,116;0,116;;
27/03/2026 16:00;0,044;0,044;;
27/03/2026 16:15;0,048;0,048;;
27/03/2026 16:30;0,074;0,074;;
27/03/2026 16:45;0,105;0,105;;
27/03/2026 17:00;0,095;0,095;;
27/03/2026 17:15;0,05;0,05;;
27/03/2026 17:30;0,055;0,055;;
27/03/2026 17:45;0,1;0,1;;
27/03/2026 18:00;0,039;0,039;;
27/03/2026 18:15;0,469;0,469;;
27/03/2026 18:30;1.578;1,578;;
27/03/2026 18:45;1.805;1,805;;
27/03/2026 19:00;2.369;2,369;;
27/03/2026 19:15;2.317;2,317;;
27/03/2026 19:30;2.311;2,311;;
27/03/2026 19:45;2.306;2,306;;
27/03/2026 20:00;2.319;2,319;;
27/03/2026 20:15;2.297;2,297;;
27/03/2026 20:30;2.327;2,327;;
27/03/2026 20:45;2.882;2,882;;
27/03/2026 21:00;2.733;2,733;;
27/03/2026 21:15;2.706;2,706;;
27/03/2026 21:30;2.701;2,701;;
27/03/2026 21:45;2,39;2,39;;
27/03/2026 22:00;1.537;1,537;;
27/03/2026 22:15;0,273;0,273;;
27/03/2026 22:30;0,235;0,235;;
27/03/2026 22:45;0,216;0,216;;
27/03/2026 23:00;0,256;0,256;;
27/03/2026 23:15;0,207;0,207;;
27/03/2026 23:30;0,251;0,251;;
27/03/2026 23:45;0,23;0,23;;
28/03/2026 00:00;0,209;0,209;;
28/03/2026 00:15;0,053;0,053;;
28/03/2026 00:30;0,081;0,081;;
28/03/2026 00:45;0,074;0,074;;
28/03/2026 01:00;0,075;0,075;;
28/03/2026 01:15;0,054;0,054;;
28/03/2026 01:30;0,054;0,054;;
28/03/2026 01:45;0,068;0,068;;
28/03/2026 02:00;0,094;0,094;;
28/03/2026 02:15;0,074;0,074;;
28/03/2026 02:30;0,038;0,038;;
28/03/2026 02:45;0,034;0,034;;
28/03/2026 03:00;0,038;0,038;;
28/03/2026 03:15;0,045;0,045;;
28/03/2026 03:30;0,034;0,034;;
28/03/2026 03:45;0,042;0,042;;
28/03/2026 04:00;0,045;0,045;;
28/03/2026 04:15;0,042;0,042;;
28/03/2026 04:30;0,044;0,044;;
28/03/2026 04:45;0,069;0,069;;
28/03/2026 05:00;0,084;0,084;;
28/03/2026 05:15;0,055;0,055;;
28/03/2026 05:30;0,045;0,045;;
28/03/2026 05:45;0,037;0,037;;
28/03/2026 06:00;0,089;0,089;;
28/03/2026 06:15;0,097;0,097;;
28/03/2026 06:30;0,094;0,094;;
28/03/2026 06:45;0,096;0,096;;
28/03/2026 07:00;0,08;0,08;;
28/03/2026 07:15;0,038;0,038;;
28/03/2026 07:30;0,037;0,037;;
28/03/2026 07:45;0,041;0,041;;
28/03/2026 08:00;0,038;0,038;;
28/03/2026 08:15;0,036;0,036;;
28/03/2026 08:30;0,045;0,045;;
28/03/2026 08:45;0,046;0,046;;
28/03/2026 09:00;0,356;0,356;;
28/03/2026 09:15;0,743;0,743;;
28/03/2026 09:30;0,776;0,776;;
28/03/2026 09:45;0,745;0,745;;
28/03/2026 10:00;0,696;0,696;;
28/03/2026 10:15;0,686;0,686;;
28/03/2026 10:30;0,699;0,699;;
28/03/2026 10:45;0,704;0,704;;
28/03/2026 11:00;0,733;0,733;;
28/03/2026 11:15;0,742;0,742;;
28/03/2026 11:30;0,727;0,727;;
28/03/2026 11:45;1.382;1,382;;
28/03/2026 12:00;1.181;1,181;;
28/03/2026 12:15;1.408;1,408;;
28/03/2026 12:30;1.409;1,409;;
28/03/2026 12:45;1.178;1,178;;
28/03/2026 13:00;0,749;0,749;;
28/03/2026 13:15;0,76;0,76;;
28/03/2026 13:30;0,785;0,785;;
28/03/2026 13:45;0,779;0,779;;
28/03/2026 14:00;0,764;0,764;;
28/03/2026 14:15;0,712;0,712;;
28/03/2026 14:30;0,749;0,749;;
28/03/2026 14:45;0,746;0,746;;
28/03/2026 15:00;1.214;1,214;;
28/03/2026 15:15;0,877;0,877;;
28/03/2026 15:30;0,945;0,945;;
28/03/2026 15:45;1.802;1,802;;
28/03/2026 16:00;0,833;0,833;;
28/03/2026 16:15;0,748;0,748;;
28/03/2026 16:30;0,713;0,713;;
28/03/2026 16:45;0,749;0,749;;
28/03/2026 17:00;0,764;0,764;;
28/03/2026 17:15;0,721;0,721;;
28/03/2026 17:30;0,756;0,756;;
28/03/2026 17:45;1.223;1,223;;
28/03/2026 18:00;1.418;1,418;;
28/03/2026 18:15;1.647;1,647;;
28/03/2026 18:30;1.188;1,188;;
28/03/2026 18:45;0,724;0,724;;
28/03/2026 19:00;0,671;0,671;;
28/03/2026 19:15;0,616;0,616;;
28/03/2026 19:30;0,405;0,405;;
28/03/2026 19:45;0,386;0,386;;
28/03/2026 20:00;0,312;0,312;;
28/03/2026 20:15;0,054;0,054;;
28/03/2026 20:30;0,045;0,045;;
28/03/2026 20:45;0,043;0,043;;
28/03/2026 21:00;0,04;0,04;;
28/03/2026 21:15;0,041;0,041;;
28/03/2026 21:30;0,041;0,041;;
28/03/2026 21:45;0,04;0,04;;
28/03/2026 22:00;0,041;0,041;;
28/03/2026 22:15;0,06;0,06;;
28/03/2026 22:30;0,073;0,073;;
28/03/2026 22:45;0,087;0,087;;
28/03/2026 23:00;0,091;0,091;;
28/03/2026 23:15;0,079;0,079;;
28/03/2026 23:30;0,037;0,037;;
28/03/2026 23:45;0,035;0,035;;
29/03/2026 00:00;0,042;0,042;;
29/03/2026 00:15;0,051;0,051;;
29/03/2026 00:30;0,041;0,041;;
29/03/2026 00:45;0,043;0,043;;
29/03/2026 01:00;0,043;0,043;;
29/03/2026 01:15;0,044;0,044;;
29/03/2026 01:30;0,034;0,034;;
29/03/2026 01:45;0,042;0,042;;
29/03/2026 03:00;0,045;0,045;;
29/03/2026 03:15;0,039;0,039;;
29/03/2026 03:30;0,042;0,042;;
29/03/2026 03:45;0,078;0,078;;
29/03/2026 04:00;0,107;0,107;;
29/03/2026 04:15;0,088;0,088;;
29/03/2026 04:30;0,076;0,076;;
29/03/2026 04:45;0,041;0,041;;
29/03/2026 05:00;0,035;0,035;;
29/03/2026 05:15;0,039;0,039;;
29/03/2026 05:30;0,041;0,041;;
29/03/2026 05:45;0,039;0,039;;
29/03/2026 06:00;0,039;0,039;;
29/03/2026 06:15;0,046;0,046;;
29/03/2026 06:30;0,044;0,044;;
29/03/2026 06:45;0,039;0,039;;
29/03/2026 07:00;0,034;0,034;;
29/03/2026 07:15;0,039;0,039;;
29/03/2026 07:30;0,044;0,044;;
29/03/2026 07:45;0,033;0,033;;
29/03/2026 08:00;0,042;0,042;;
29/03/2026 08:15;0,052;0,052;;
29/03/2026 08:30;0,047;0,047;;
29/03/2026 08:45;0,042;0,042;;
29/03/2026 09:00;0,038;0,038;;
29/03/2026 09:15;0,04;0,04;;
29/03/2026 09:30;0,039;0,039;;
29/03/2026 09:45;0,067;0,067;;
29/03/2026 10:00;0,086;0,086;;
29/03/2026 10:15;0,095;0,095;;
29/03/2026 10:30;0,091;0,091;;
29/03/2026 10:45;0,065;0,065;;
29/03/2026 11:00;0,112;0,112;;
29/03/2026 11:15;0,071;0,071;;
29/03/2026 11:30;0,111;0,111;;
29/03/2026 11:45;0,106;0,106;;
29/03/2026 12:00;0,095;0,095;;
29/03/2026 12:15;0,958;0,958;;
29/03/2026 12:30;1.236;1,236;;
29/03/2026 12:45;1.055;1,055;;
29/03/2026 13:00;0,859;0,859;;
29/03/2026 13:15;0,432;0,432;;
29/03/2026 13:30;0,3;0,3;;
29/03/2026 13:45;0,333;0,333;;
29/03/2026 14:00;0,351;0,351;;
29/03/2026 14:15;0,155;0,155;;
29/03/2026 14:30;0,232;0,232;;
29/03/2026 14:45;0,194;0,194;;
29/03/2026 15:00;0,171;0,171;;
29/03/2026 15:15;0,147;0,147;;
29/03/2026 15:30;0,146;0,146;;
29/03/2026 15:45;0,162;0,162;;
29/03/2026 16:00;0,128;0,128;;
29/03/2026 16:15;0,358;0,358;;
29/03/2026 16:30;0,443;0,443;;
29/03/2026 16:45;0,52;0,52;;
29/03/2026 17:00;1.326;1,326;;
29/03/2026 17:15;0,914;0,914;;
29/03/2026 17:30;1.276;1,276;;
29/03/2026 17:45;0,906;0,906;;
29/03/2026 18:00;0,46;0,46;;
29/03/2026 18:15;0,479;0,479;;
29/03/2026 18:30;0,299;0,299;;
29/03/2026 18:45;0,246;0,246;;
29/03/2026 19:00;0,127;0,127;;
29/03/2026 19:15;0,498;0,498;;
29/03/2026 19:30;0,569;0,569;;
29/03/2026 19:45;0,516;0,516;;
29/03/2026 20:00;0,516;0,516;;
29/03/2026 20:15;0,533;0,533;;
29/03/2026 20:30;0,455;0,455;;
29/03/2026 20:45;0,07;0,07;;
29/03/2026 21:00;0,034;0,034;;
29/03/2026 21:15;0,045;0,045;;
29/03/2026 21:30;0,053;0,053;;
29/03/2026 21:45;0,069;0,069;;
29/03/2026 22:00;0,07;0,07;;
29/03/2026 22:15;0,092;0,092;;
29/03/2026 22:30;0,065;0,065;;
29/03/2026 22:45;0,05;0,05;;
29/03/2026 23:00;0,094;0,094;;
29/03/2026 23:15;0,047;0,047;;
29/03/2026 23:30;0,037;0,037;;
29/03/2026 23:45;0,041;0,041;;
30/03/2026 00:00;0,043;0,043;;
30/03/2026 00:15;0,037;0,037;;
30/03/2026 00:30;0,037;0,037;;
30/03/2026 00:45;0,051;0,051;;
30/03/2026 01:00;0,067;0,067;;
30/03/2026 01:15;0,092;0,092;;
30/03/2026 01:30;0,071;0,071;;
30/03/2026 01:45;0,092;0,092;;
30/03/2026 02:00;0,094;0,094;;
30/03/2026 02:15;0,046;0,046;;
30/03/2026 02:30;0,044;0,044;;
30/03/2026 02:45;0,049;0,049;;
30/03/2026 03:00;0,052;0,052;;
30/03/2026 03:15;0,048;0,048;;
30/03/2026 03:30;0,068;0,068;;
30/03/2026 03:45;0,112;0,112;;
30/03/2026 04:00;0,096;0,096;;
30/03/2026 04:15;0,044;0,044;;
30/03/2026 04:30;0,042;0,042;;
30/03/2026 04:45;0,041;0,041;;
30/03/2026 05:00;0,041;0,041;;
30/03/2026 05:15;0,043;0,043;;
30/03/2026 05:30;0,051;0,051;;
30/03/2026 05:45;0,04;0,04;;
30/03/2026 06:00;0,034;0,034;;
30/03/2026 06:15;0,044;0,044;;
30/03/2026 06:30;0,054;0,054;;
30/03/2026 06:45;0,07;0,07;;
30/03/2026 07:00;0,082;0,082;;
30/03/2026 07:15;0,061;0,061;;
30/03/2026 07:30;0,047;0,047;;
30/03/2026 07:45;0,049;0,049;;
30/03/2026 08:00;0,074;0,074;;
30/03/2026 08:15;0,091;0,091;;
30/03/2026 08:30;0,083;0,083;;
30/03/2026 08:45;0,035;0,035;;
30/03/2026 09:00;0,037;0,037;;
30/03/2026 09:15;0,044;0,044;;
30/03/2026 09:30;0,039;0,039;;
30/03/2026 09:45;0,035;0,035;;
30/03/2026 10:00;0,049;0,049;;
30/03/2026 10:15;0,062;0,062;;
30/03/2026 10:30;0,089;0,089;;
30/03/2026 10:45;0,081;0,081;;
30/03/2026 11:00;0,05;0,05;;
30/03/2026 11:15;0,082;0,082;;
30/03/2026 11:30;0,09;0,09;;
30/03/2026 11:45;0,088;0,088;;
30/03/2026 12:00;0,078;0,078;;
30/03/2026 12:15;0,045;0,045;;
30/03/2026 12:30;0,047;0,047;;
30/03/2026 12:45;0,132;0,132;;
30/03/2026 13:00;0,106;0,106;;
30/03/2026 13:15;0,035;0,035;;
30/03/2026 13:30;0,035;0,035;;
30/03/2026 13:45;0,101;0,101;;
30/03/2026 14:00;0,091;0,091;;
30/03/2026 14:15;0,086;0,086;;
30/03/2026 14:30;0,037;0,037;;
30/03/2026 14:45;0,052;0,052;;
30/03/2026 15:00;0,106;0,106;;
30/03/2026 15:15;0,099;0,099;;
30/03/2026 15:30;0,049;0,049;;
30/03/2026 15:45;0,094;0,094;;
30/03/2026 16:00;0,136;0,136;;
30/03/2026 16:15;0,086;0,086;;
30/03/2026 16:30;0,034;0,034;;
30/03/2026 16:45;0,037;0,037;;
30/03/2026 17:00;0,107;0,107;;
30/03/2026 17:15;0,107;0,107;;
30/03/2026 17:30;0,096;0,096;;
30/03/2026 17:45;0,037;0,037;;
30/03/2026 18:00;0,056;0,056;;
30/03/2026 18:15;0,113;0,113;;
30/03/2026 18:30;0,089;0,089;;
30/03/2026 18:45;0,037;0,037;;
30/03/2026 19:00;0,178;0,178;;
30/03/2026 19:15;1,42;1,42;;
30/03/2026 19:30;1.342;1,342;;
30/03/2026 19:45;1.208;1,208;;
30/03/2026 20:00;1.281;1,281;;
30/03/2026 20:15;1.085;1,085;;
30/03/2026 20:30;1.036;1,036;;
30/03/2026 20:45;1.041;1,041;;
30/03/2026 21:00;1.088;1,088;;
30/03/2026 21:15;1.038;1,038;;
30/03/2026 21:30;0,827;0,827;;
30/03/2026 21:45;0,381;0,381;;
30/03/2026 22:00;0,397;0,397;;
30/03/2026 22:15;0,399;0,399;;
30/03/2026 22:30;0,362;0,362;;
30/03/2026 22:45;0,368;0,368;;
30/03/2026 23:00;0,271;0,271;;
30/03/2026 23:15;0,038;0,038;;
30/03/2026 23:30;0,035;0,035;;
30/03/2026 23:45;0,044;0,044;;
31/03/2026 00:00;0,05;0,05;;
31/03/2026 00:15;0,057;0,057;;
31/03/2026 00:30;0,116;0,116;;
31/03/2026 00:45;0,131;0,131;;
31/03/2026 01:00;0,051;0,051;;
31/03/2026 01:15;0,039;0,039;;
31/03/2026 01:30;0,041;0,041;;
31/03/2026 01:45;0,041;0,041;;
31/03/2026 02:00;0,035;0,035;;
31/03/2026 02:15;0,05;0,05;;
31/03/2026 02:30;0,044;0,044;;
31/03/2026 02:45;0,039;0,039;;
31/03/2026 03:00;0,039;0,039;;
31/03/2026 03:15;0,037;0,037;;
31/03/2026 03:30;0,04;0,04;;
31/03/2026 03:45;0,04;0,04;;
31/03/2026 04:00;0,039;0,039;;
31/03/2026 04:15;0,035;0,035;;
31/03/2026 04:30;0,05;0,05;;
31/03/2026 04:45;0,058;0,058;;
31/03/2026 05:00;0,039;0,039;;
31/03/2026 05:15;0,036;0,036;;
31/03/2026 05:30;0,042;0,042;;
31/03/2026 05:45;0,038;0,038;;
31/03/2026 06:00;0,034;0,034;;
31/03/2026 06:15;0,037;0,037;;
31/03/2026 06:30;0,043;0,043;;
31/03/2026 06:45;0,038;0,038;;
31/03/2026 07:00;0,047;0,047;;
31/03/2026 07:15;0,039;0,039;;
31/03/2026 07:30;0,037;0,037;;
31/03/2026 07:45;0,038;0,038;;
31/03/2026 08:00;0,036;0,036;;
31/03/2026 08:15;0,04;0,04;;
31/03/2026 08:30;0,623;0,623;;
31/03/2026 08:45;0,8;0,8;;
31/03/2026 09:00;1.066;1,066;;
31/03/2026 09:15;1.159;1,159;;
31/03/2026 09:30;1.145;1,145;;
31/03/2026 09:45;1.128;1,128;;
31/03/2026 10:00;0,902;0,902;;
31/03/2026 10:15;0,059;0,059;;
31/03/2026 10:30;0,244;0,244;;
31/03/2026 10:45;0,458;0,458;;
31/03/2026 11:00;0,091;0,091;;
31/03/2026 11:15;0,098;0,098;;
31/03/2026 11:30;0,065;0,065;;
31/03/2026 11:45;0,085;0,085;;
31/03/2026 12:00;0,099;0,099;;
31/03/2026 12:15;0,062;0,062;;
31/03/2026 12:30;0,068;0,068;;
31/03/2026 12:45;0,097;0,097;;
31/03/2026 13:00;0,101;0,101;;
31/03/2026 13:15;0,104;0,104;;
31/03/2026 13:30;0,051;0,051;;
31/03/2026 13:45;0,066;0,066;;
31/03/2026 14:00;0,122;0,122;;
31/03/2026 14:15;0,121;0,121;;
31/03/2026 14:30;0,304;0,304;;
31/03/2026 14:45;0,376;0,376;;
31/03/2026 15:00;0,386;0,386;;
31/03/2026 15:15;0,486;0,486;;
31/03/2026 15:30;0,403;0,403;;
31/03/2026 15:45;0,373;0,373;;
31/03/2026 16:00;0,24;0,24;;
31/03/2026 16:15;0,101;0,101;;
31/03/2026 16:30;0,144;0,144;;
31/03/2026 16:45;0,097;0,097;;
31/03/2026 17:00;0,048;0,048;;
31/03/2026 17:15;0,068;0,068;;
31/03/2026 17:30;0,144;0,144;;
31/03/2026 17:45;0,095;0,095;;
31/03/2026 18:00;0,055;0,055;;
31/03/2026 18:15;0,085;0,085;;
31/03/2026 18:30;0,457;0,457;;
31/03/2026 18:45;0,445;0,445;;
31/03/2026 19:00;0,427;0,427;;
31/03/2026 19:15;1.381;1,381;;
31/03/2026 19:30;1.392;1,392;;
31/03/2026 19:45;1.407;1,407;;
31/03/2026 20:00;1.432;1,432;;
31/03/2026 20:15;1.413;1,413;;
31/03/2026 20:30;1,39;1,39;;
31/03/2026 20:45;1,4;1,4;;
31/03/2026 21:00;1.399;1,399;;
31/03/2026 21:15;1.451;1,451;;
31/03/2026 21:30;1.653;1,653;;
31/03/2026 21:45;1.388;1,388;;
31/03/2026 22:00;1.373;1,373;;
31/03/2026 22:15;1,37;1,37;;
31/03/2026 22:30;1.445;1,445;;
31/03/2026 22:45;1.408;1,408;;
31/03/2026 23:00;1.254;1,254;;
31/03/2026 23:15;0,496;0,496;;
31/03/2026 23:30;0,115;0,115;;
31/03/2026 23:45;0,088;0,088;;
01/04/2026 00:00;0,065;0,065;;
01/04/2026 00:15;0,055;0,055;;
01/04/2026 00:30;0,093;0,093;;
01/04/2026 00:45;0,078;0,078;;
01/04/2026 01:00;0,077;0,077;;
01/04/2026 01:15;0,055;0,055;;
01/04/2026 01:30;0,065;0,065;;
01/04/2026 01:45;0,052;0,052;;
01/04/2026 02:00;0,096;0,096;;
01/04/2026 02:15;0,051;0,051;;
01/04/2026 02:30;0,09;0,09;;
01/04/2026 02:45;0,07;0,07;;
01/04/2026 03:00;0,052;0,052;;
01/04/2026 03:15;0,052;0,052;;
01/04/2026 03:30;0,089;0,089;;
01/04/2026 03:45;0,069;0,069;;
01/04/2026 04:00;0,07;0,07;;
01/04/2026 04:15;0,1;0,1;;
01/04/2026 04:30;0,065;0,065;;
01/04/2026 04:45;0,049;0,049;;
01/04/2026 05:00;0,049;0,049;;
01/04/2026 05:15;0,045;0,045;;
01/04/2026 05:30;0,041;0,041;;
01/04/2026 05:45;0,048;0,048;;
01/04/2026 06:00;0,063;0,063;;
01/04/2026 06:15;0,051;0,051;;
01/04/2026 06:30;0,066;0,066;;
01/04/2026 06:45;0,094;0,094;;
01/04/2026 07:00;0,068;0,068;;
01/04/2026 07:15;0,051;0,051;;
01/04/2026 07:30;0,051;0,051;;
01/04/2026 07:45;0,085;0,085;;
01/04/2026 08:00;0,093;0,093;;
01/04/2026 08:15;0,053;0,053;;
01/04/2026 08:30;0,053;0,053;;
01/04/2026 08:45;0,048;0,048;;
01/04/2026 09:00;0,055;0,055;;
01/04/2026 09:15;0,095;0,095;;
01/04/2026 09:30;0,079;0,079;;
01/04/2026 09:45;0,049;0,049;;
01/04/2026 10:00;0,044;0,044;;
01/04/2026 10:15;0,041;0,041;;
01/04/2026 10:30;0,052;0,052;;
01/04/2026 10:45;0,066;0,066;;
01/04/2026 11:00;0,096;0,096;;
01/04/2026 11:15;0,147;0,147;;
01/04/2026 11:30;0,075;0,075;;
01/04/2026 11:45;0,062;0,062;;
01/04/2026 12:00;0,096;0,096;;
01/04/2026 12:15;0,152;0,152;;
01/04/2026 12:30;0,069;0,069;;
01/04/2026 12:45;0,054;0,054;;
01/04/2026 13:00;0,066;0,066;;
01/04/2026 13:15;0,129;0,129;;
01/04/2026 13:30;0,134;0,134;;
01/04/2026 13:45;0,107;0,107;;
01/04/2026 14:00;0,066;0,066;;
01/04/2026 14:15;0,107;0,107;;
01/04/2026 14:30;0,129;0,129;;
01/04/2026 14:45;0,096;0,096;;
01/04/2026 15:00;0,4;0,4;;
01/04/2026 15:15;0,451;0,451;;
01/04/2026 15:30;0,424;0,424;;
01/04/2026 15:45;0,431;0,431;;
01/04/2026 16:00;0,469;0,469;;
01/04/2026 16:15;0,185;0,185;;
01/04/2026 16:30;0,074;0,074;;
01/04/2026 16:45;0,14;0,14;;
01/04/2026 17:00;0,164;0,164;;
01/04/2026 17:15;0,093;0,093;;
01/04/2026 17:30;0,062;0,062;;
01/04/2026 17:45;0,117;0,117;;
01/04/2026 18:00;0,164;0,164;;
01/04/2026 18:15;0,113;0,113;;
01/04/2026 18:30;0,66;0,66;;
01/04/2026 18:45;0,775;0,775;;
01/04/2026 19:00;0,762;0,762;;
01/04/2026 19:15;1.362;1,362;;
01/04/2026 19:30;1,43;1,43;;
01/04/2026 19:45;1.436;1,436;;
01/04/2026 20:00;1.427;1,427;;
01/04/2026 20:15;1.421;1,421;;
01/04/2026 20:30;1.423;1,423;;
01/04/2026 20:45;1.397;1,397;;
01/04/2026 21:00;1.419;1,419;;
01/04/2026 21:15;1,5;1,5;;
01/04/2026 21:30;1.363;1,363;;
01/04/2026 21:45;1.373;1,373;;
01/04/2026 22:00;1.424;1,424;;
01/04/2026 22:15;1.054;1,054;;
01/04/2026 22:30;0,722;0,722;;
01/04/2026 22:45;0,749;0,749;;
01/04/2026 23:00;0,702;0,702;;
01/04/2026 23:15;0,707;0,707;;
01/04/2026 23:30;0,704;0,704;;
01/04/2026 23:45;0,72;0,72;;
02/04/2026 00:00;0,341;0,341;;
02/04/2026 00:15;0,06;0,06;;
02/04/2026 00:30;0,057;0,057;;
02/04/2026 00:45;0,054;0,054;;
02/04/2026 01:00;0,08;0,08;;
02/04/2026 01:15;0,09;0,09;;
02/04/2026 01:30;0,086;0,086;;
02/04/2026 01:45;0,094;0,094;;
02/04/2026 02:00;0,071;0,071;;
02/04/2026 02:15;0,068;0,068;;
02/04/2026 02:30;0,059;0,059;;
02/04/2026 02:45;0,104;0,104;;
02/04/2026 03:00;0,06;0,06;;
02/04/2026 03:15;0,098;0,098;;
02/04/2026 03:30;0,105;0,105;;
02/04/2026 03:45;0,058;0,058;;
02/04/2026 04:00;0,052;0,052;;
02/04/2026 04:15;0,047;0,047;;
02/04/2026 04:30;0,041;0,041;;
02/04/2026 04:45;0,048;0,048;;
02/04/2026 05:00;0,068;0,068;;
02/04/2026 05:15;0,1;0,1;;
02/04/2026 05:30;0,069;0,069;;
02/04/2026 05:45;0,105;0,105;;
02/04/2026 06:00;0,071;0,071;;
02/04/2026 06:15;0,1;0,1;;
02/04/2026 06:30;0,042;0,042;;
02/04/2026 06:45;0,044;0,044;;
02/04/2026 07:00;0,051;0,051;;
02/04/2026 07:15;0,051;0,051;;
02/04/2026 07:30;0,051;0,051;;
02/04/2026 07:45;0,058;0,058;;
02/04/2026 08:00;0,098;0,098;;
02/04/2026 08:15;0,078;0,078;;
02/04/2026 08:30;0,048;0,048;;
02/04/2026 08:45;0,088;0,088;;
02/04/2026 09:00;0,071;0,071;;
02/04/2026 09:15;0,043;0,043;;
02/04/2026 09:30;0,048;0,048;;
02/04/2026 09:45;0,055;0,055;;
02/04/2026 10:00;0,07;0,07;;
02/04/2026 10:15;0,105;0,105;;
02/04/2026 10:30;0,136;0,136;;
02/04/2026 10:45;0,077;0,077;;
02/04/2026 11:00;0,052;0,052;;
02/04/2026 11:15;0,041;0,041;;
02/04/2026 11:30;0,093;0,093;;
02/04/2026 11:45;0,068;0,068;;
02/04/2026 12:00;0,107;0,107;;
02/04/2026 12:15;0,063;0,063;;
02/04/2026 12:30;0,084;0,084;;
02/04/2026 12:45;0,078;0,078;;
02/04/2026 13:00;0,056;0,056;;
02/04/2026 13:15;0,077;0,077;;
02/04/2026 13:30;0,084;0,084;;
02/04/2026 13:45;0,093;0,093;;
02/04/2026 14:00;0,054;0,054;;
02/04/2026 14:15;0,05;0,05;;
02/04/2026 14:30;0,059;0,059;;
02/04/2026 14:45;0,095;0,095;;
02/04/2026 15:00;0,149;0,149;;
02/04/2026 15:15;0,075;0,075;;
02/04/2026 15:30;0,048;0,048;;
02/04/2026 15:45;0,056;0,056;;
02/04/2026 16:00;0,105;0,105;;
02/04/2026 16:15;0,099;0,099;;
02/04/2026 16:30;0,062;0,062;;
02/04/2026 16:45;0,054;0,054;;
02/04/2026 17:00;0,073;0,073;;
02/04/2026 17:15;0,116;0,116;;
02/04/2026 17:30;0,111;0,111;;
02/04/2026 17:45;0,052;0,052;;
02/04/2026 18:00;0,05;0,05;;
02/04/2026 18:15;0,087;0,087;;
02/04/2026 18:30;0,322;0,322;;
02/04/2026 18:45;0,408;0,408;;
02/04/2026 19:00;0,632;0,632;;
02/04/2026 19:15;1,25;1,25;;
02/04/2026 19:30;1.469;1,469;;
02/04/2026 19:45;1.391;1,391;;
02/04/2026 20:00;1.386;1,386;;
02/04/2026 20:15;1.385;1,385;;
02/04/2026 20:30;1.386;1,386;;
02/04/2026 20:45;1.475;1,475;;
02/04/2026 21:00;1.385;1,385;;
02/04/2026 21:15;1.377;1,377;;
02/04/2026 21:30;1.174;1,174;;
02/04/2026 21:45;0,495;0,495;;
02/04/2026 22:00;0,177;0,177;;
02/04/2026 22:15;0,254;0,254;;
02/04/2026 22:30;0,214;0,214;;
02/04/2026 22:45;0,163;0,163;;
02/04/2026 23:00;0,2;0,2;;
02/04/2026 23:15;0,178;0,178;;
02/04/2026 23:30;0,156;0,156;;
02/04/2026 23:45;0,175;0,175;;
03/04/2026 00:00;0,144;0,144;;
03/04/2026 00:15;0,114;0,114;;
03/04/2026 00:30;0,054;0,054;;
03/04/2026 00:45;0,056;0,056;;
03/04/2026 01:00;0,046;0,046;;
03/04/2026 01:15;0,138;0,138;;
03/04/2026 01:30;0,063;0,063;;
03/04/2026 01:45;0,053;0,053;;
03/04/2026 02:00;0,053;0,053;;
03/04/2026 02:15;0,058;0,058;;
03/04/2026 02:30;0,118;0,118;;
03/04/2026 02:45;0,121;0,121;;
03/04/2026 03:00;0,065;0,065;;
03/04/2026 03:15;0,062;0,062;;
03/04/2026 03:30;0,107;0,107;;
03/04/2026 03:45;0,053;0,053;;
03/04/2026 04:00;0,061;0,061;;
03/04/2026 04:15;0,053;0,053;;
03/04/2026 04:30;0,059;0,059;;
03/04/2026 04:45;0,077;0,077;;
03/04/2026 05:00;0,119;0,119;;
03/04/2026 05:15;0,091;0,091;;
03/04/2026 05:30;0,046;0,046;;
03/04/2026 05:45;0,041;0,041;;
03/04/2026 06:00;0,046;0,046;;
03/04/2026 06:15;0,051;0,051;;
03/04/2026 06:30;0,047;0,047;;
03/04/2026 06:45;0,052;0,052;;
03/04/2026 07:00;0,052;0,052;;
03/04/2026 07:15;0,047;0,047;;
03/04/2026 07:30;0,043;0,043;;
03/04/2026 07:45;0,047;0,047;;
03/04/2026 08:00;0,045;0,045;;
03/04/2026 08:15;0,052;0,052;;
03/04/2026 08:30;0,058;0,058;;
03/04/2026 08:45;0,048;0,048;;
03/04/2026 09:00;0,049;0,049;;
03/04/2026 09:15;0,056;0,056;;
03/04/2026 09:30;0,048;0,048;;
03/04/2026 09:45;0,041;0,041;;
03/04/2026 10:00;0,045;0,045;;
03/04/2026 10:15;0,053;0,053;;
03/04/2026 10:30;0,092;0,092;;
03/04/2026 10:45;0,091;0,091;;
03/04/2026 11:00;0,071;0,071;;
03/04/2026 11:15;0,055;0,055;;
03/04/2026 11:30;0,052;0,052;;
03/04/2026 11:45;0,072;0,072;;
03/04/2026 12:00;0,096;0,096;;
03/04/2026 12:15;0,044;0,044;;
03/04/2026 12:30;0,041;0,041;;
03/04/2026 12:45;0,053;0,053;;
03/04/2026 13:00;0,116;0,116;;
03/04/2026 13:15;0,114;0,114;;
03/04/2026 13:30;0,092;0,092;;
03/04/2026 13:45;0,086;0,086;;
03/04/2026 14:00;0,104;0,104;;
03/04/2026 14:15;0,086;0,086;;
03/04/2026 14:30;0,043;0,043;;
03/04/2026 14:45;0,047;0,047;;
03/04/2026 15:00;0,157;0,157;;
03/04/2026 15:15;0,086;0,086;;
03/04/2026 15:30;0,047;0,047;;
03/04/2026 15:45;0,061;0,061;;
03/04/2026 16:00;0,075;0,075;;
03/04/2026 16:15;0,144;0,144;;
03/04/2026 16:30;0,102;0,102;;
03/04/2026 16:45;0,045;0,045;;
03/04/2026 17:00;0,37;0,37;;
03/04/2026 17:15;0,421;0,421;;
03/04/2026 17:30;0,407;0,407;;
03/04/2026 17:45;0,421;0,421;;
03/04/2026 18:00;0,399;0,399;;
03/04/2026 18:15;0,402;0,402;;
03/04/2026 18:30;0,381;0,381;;
03/04/2026 18:45;0,443;0,443;;
03/04/2026 19:00;0,413;0,413;;
03/04/2026 19:15;0,814;0,814;;
03/04/2026 19:30;1.054;1,054;;
03/04/2026 19:45;1.081;1,081;;
03/04/2026 20:00;0,989;0,989;;
03/04/2026 20:15;0,719;0,719;;
03/04/2026 20:30;0,714;0,714;;
03/04/2026 20:45;0,711;0,711;;
03/04/2026 21:00;0,782;0,782;;
03/04/2026 21:15;0,755;0,755;;
03/04/2026 21:30;0,591;0,591;;
03/04/2026 21:45;0,373;0,373;;
03/04/2026 22:00;0,43;0,43;;
03/04/2026 22:15;0,45;0,45;;
03/04/2026 22:30;0,468;0,468;;
03/04/2026 22:45;0,491;0,491;;
03/04/2026 23:00;0,206;0,206;;
03/04/2026 23:15;0,157;0,157;;
03/04/2026 23:30;0,112;0,112;;
03/04/2026 23:45;0,071;0,071;;
04/04/2026 00:00;0,088;0,088;;
04/04/2026 00:15;0,098;0,098;;
04/04/2026 00:30;0,113;0,113;;
04/04/2026 00:45;0,052;0,052;;
04/04/2026 01:00;0,106;0,106;;
04/04/2026 01:15;0,071;0,071;;
04/04/2026 01:30;0,087;0,087;;
04/04/2026 01:45;0,139;0,139;;
04/04/2026 02:00;0,101;0,101;;
04/04/2026 02:15;0,066;0,066;;
04/04/2026 02:30;0,11;0,11;;
04/04/2026 02:45;0,14;0,14;;
04/04/2026 03:00;0,049;0,049;;
04/04/2026 03:15;0,046;0,046;;
04/04/2026 03:30;0,113;0,113;;
04/04/2026 03:45;0,067;0,067;;
04/04/2026 04:00;0,105;0,105;;
04/04/2026 04:15;0,081;0,081;;
04/04/2026 04:30;0,076;0,076;;
04/04/2026 04:45;0,051;0,051;;
04/04/2026 05:00;0,105;0,105;;
04/04/2026 05:15;0,107;0,107;;
04/04/2026 05:30;0,08;0,08;;
04/04/2026 05:45;0,049;0,049;;
04/04/2026 06:00;0,059;0,059;;
04/04/2026 06:15;0,136;0,136;;
04/04/2026 06:30;0,086;0,086;;
04/04/2026 06:45;0,054;0,054;;
04/04/2026 07:00;0,087;0,087;;
04/04/2026 07:15;0,087;0,087;;
04/04/2026 07:30;0,085;0,085;;
04/04/2026 07:45;0,04;0,04;;
04/04/2026 08:00;0,086;0,086;;
04/04/2026 08:15;0,063;0,063;;
04/04/2026 08:30;0,086;0,086;;
04/04/2026 08:45;0,081;0,081;;
04/04/2026 09:00;0,08;0,08;;
04/04/2026 09:15;0,271;0,271;;
04/04/2026 09:30;0,385;0,385;;
04/04/2026 09:45;0,415;0,415;;
04/04/2026 10:00;0,396;0,396;;
04/04/2026 10:15;0,385;0,385;;
04/04/2026 10:30;0,38;0,38;;
04/04/2026 10:45;0,392;0,392;;
04/04/2026 11:00;0,442;0,442;;
04/04/2026 11:15;0,432;0,432;;
04/04/2026 11:30;0,409;0,409;;
04/04/2026 11:45;0,402;0,402;;
04/04/2026 12:00;0,429;0,429;;
04/04/2026 12:15;0,404;0,404;;
04/04/2026 12:30;0,412;0,412;;
04/04/2026 12:45;0,391;0,391;;
04/04/2026 13:00;0,381;0,381;;
04/04/2026 13:15;0,454;0,454;;
04/04/2026 13:30;0,466;0,466;;
04/04/2026 13:45;0,375;0,375;;
04/04/2026 14:00;0,36;0,36;;
04/04/2026 14:15;0,48;0,48;;
04/04/2026 14:30;0,431;0,431;;
04/04/2026 14:45;0,36;0,36;;
04/04/2026 15:00;0,416;0,416;;
04/04/2026 15:15;0,418;0,418;;
04/04/2026 15:30;0,429;0,429;;
04/04/2026 15:45;0,437;0,437;;
04/04/2026 16:00;0,442;0,442;;
04/04/2026 16:15;0,39;0,39;;
04/04/2026 16:30;0,421;0,421;;
04/04/2026 16:45;0,446;0,446;;
04/04/2026 17:00;0,417;0,417;;
04/04/2026 17:15;0,39;0,39;;
04/04/2026 17:30;0,399;0,399;;
04/04/2026 17:45;0,468;0,468;;
04/04/2026 18:00;0,444;0,444;;
04/04/2026 18:15;0,385;0,385;;
04/04/2026 18:30;0,408;0,408;;
04/04/2026 18:45;0,471;0,471;;
04/04/2026 19:00;0,413;0,413;;
04/04/2026 19:15;0,386;0,386;;
04/04/2026 19:30;0,435;0,435;;
04/04/2026 19:45;0,417;0,417;;
04/04/2026 20:00;0,395;0,395;;
04/04/2026 20:15;0,441;0,441;;
04/04/2026 20:30;0,441;0,441;;
04/04/2026 20:45;0,393;0,393;;
04/04/2026 21:00;0,417;0,417;;
04/04/2026 21:15;0,428;0,428;;
04/04/2026 21:30;0,255;0,255;;
04/04/2026 21:45;0,085;0,085;;
04/04/2026 22:00;0,111;0,111;;
04/04/2026 22:15;0,09;0,09;;
04/04/2026 22:30;0,103;0,103;;
04/04/2026 22:45;0,092;0,092;;
04/04/2026 23:00;0,07;0,07;;
04/04/2026 23:15;0,083;0,083;;
04/04/2026 23:30;0,108;0,108;;
04/04/2026 23:45;0,073;0,073;;
05/04/2026 00:00;0,05;0,05;;
05/04/2026 00:15;0,108;0,108;;
05/04/2026 00:30;0,07;0,07;;
05/04/2026 00:45;0,098;0,098;;
05/04/2026 01:00;0,137;0,137;;
05/04/2026 01:15;0,048;0,048;;
05/04/2026 01:30;0,053;0,053;;
05/04/2026 01:45;0,138;0,138;;
05/04/2026 02:00;0,059;0,059;;
05/04/2026 02:15;0,046;0,046;;
05/04/2026 02:30;0,091;0,091;;
05/04/2026 02:45;0,101;0,101;;
05/04/2026 03:00;0,057;0,057;;
05/04/2026 03:15;0,112;0,112;;
05/04/2026 03:30;0,079;0,079;;
05/04/2026 03:45;0,049;0,049;;
05/04/2026 04:00;0,07;0,07;;
05/04/2026 04:15;0,121;0,121;;
05/04/2026 04:30;0,046;0,046;;
05/04/2026 04:45;0,049;0,049;;
05/04/2026 05:00;0,081;0,081;;
05/04/2026 05:15;0,093;0,093;;
05/04/2026 05:30;0,133;0,133;;
05/04/2026 05:45;0,057;0,057;;
05/04/2026 06:00;0,045;0,045;;
05/04/2026 06:15;0,091;0,091;;
05/04/2026 06:30;0,102;0,102;;
05/04/2026 06:45;0,047;0,047;;
05/04/2026 07:00;0,074;0,074;;
05/04/2026 07:15;0,061;0,061;;
05/04/2026 07:30;0,063;0,063;;
05/04/2026 07:45;0,089;0,089;;
05/04/2026 08:00;0,119;0,119;;
05/04/2026 08:15;0,045;0,045;;
05/04/2026 08:30;0,051;0,051;;
05/04/2026 08:45;0,083;0,083;;
05/04/2026 09:00;0,1;0,1;;
05/04/2026 09:15;0,044;0,044;;
05/04/2026 09:30;0,061;0,061;;
05/04/2026 09:45;0,102;0,102;;
05/04/2026 10:00;0,086;0,086;;
05/04/2026 10:15;0,094;0,094;;
05/04/2026 10:30;0,063;0,063;;
05/04/2026 10:45;0,091;0,091;;
05/04/2026 11:00;0,063;0,063;;
05/04/2026 11:15;0,087;0,087;;
05/04/2026 11:30;0,08;0,08;;
05/04/2026 11:45;0,057;0,057;;
05/04/2026 12:00;0,072;0,072;;
05/04/2026 12:15;0,078;0,078;;
05/04/2026 12:30;0,128;0,128;;
05/04/2026 12:45;0,072;0,072;;
05/04/2026 13:00;0,056;0,056;;
05/04/2026 13:15;0,107;0,107;;
05/04/2026 13:30;0,099;0,099;;
05/04/2026 13:45;0,054;0,054;;
05/04/2026 14:00;0,059;0,059;;
05/04/2026 14:15;0,142;0,142;;
05/04/2026 14:30;0,077;0,077;;
05/04/2026 14:45;0,101;0,101;;
05/04/2026 15:00;0,114;0,114;;
05/04/2026 15:15;0,074;0,074;;
05/04/2026 15:30;0,063;0,063;;
05/04/2026 15:45;0,132;0,132;;
05/04/2026 16:00;0,094;0,094;;
05/04/2026 16:15;0,047;0,047;;
05/04/2026 16:30;0,099;0,099;;
05/04/2026 16:45;0,122;0,122;;
05/04/2026 17:00;0,091;0,091;;
05/04/2026 17:15;0,095;0,095;;
05/04/2026 17:30;0,1;0,1;;
05/04/2026 17:45;0,073;0,073;;
05/04/2026 18:00;0,106;0,106;;
05/04/2026 18:15;0,066;0,066;;
05/04/2026 18:30;0,058;0,058;;
05/04/2026 18:45;0,158;0,158;;
05/04/2026 19:00;0,123;0,123;;
05/04/2026 19:15;0,071;0,071;;
05/04/2026 19:30;0,121;0,121;;
05/04/2026 19:45;0,101;0,101;;
05/04/2026 20:00;0,051;0,051;;
05/04/2026 20:15;0,112;0,112;;
05/04/2026 20:30;0,109;0,109;;
05/04/2026 20:45;0,042;0,042;;
05/04/2026 21:00;0,092;0,092;;
05/04/2026 21:15;0,13;0,13;;
05/04/2026 21:30;0,059;0,059;;
05/04/2026 21:45;0,095;0,095;;
05/04/2026 22:00;0,089;0,089;;
05/04/2026 22:15;0,068;0,068;;
05/04/2026 22:30;0,072;0,072;;
05/04/2026 22:45;0,08;0,08;;
05/04/2026 23:00;0,064;0,064;;
05/04/2026 23:15;0,099;0,099;;
05/04/2026 23:30;0,09;0,09;;
05/04/2026 23:45;0,054;0,054;;
06/04/2026 00:00;0,094;0,094;;
06/04/2026 00:15;0,093;0,093;;
06/04/2026 00:30;0,053;0,053;;
06/04/2026 00:45;0,041;0,041;;
06/04/2026 01:00;0,082;0,082;;
06/04/2026 01:15;0,097;0,097;;
06/04/2026 01:30;0,055;0,055;;
06/04/2026 01:45;0,043;0,043;;
06/04/2026 02:00;0,047;0,047;;
06/04/2026 02:15;0,107;0,107;;
06/04/2026 02:30;0,096;0,096;;
06/04/2026 02:45;0,046;0,046;;
06/04/2026 03:00;0,041;0,041;;
06/04/2026 03:15;0,056;0,056;;
06/04/2026 03:30;0,069;0,069;;
06/04/2026 03:45;0,071;0,071;;
06/04/2026 04:00;0,048;0,048;;
06/04/2026 04:15;0,05;0,05;;
06/04/2026 04:30;0,059;0,059;;
06/04/2026 04:45;0,09;0,09;;
06/04/2026 05:00;0,08;0,08;;
06/04/2026 05:15;0,045;0,045;;
06/04/2026 05:30;0,039;0,039;;
06/04/2026 05:45;0,04;0,04;;
06/04/2026 06:00;0,048;0,048;;
06/04/2026 06:15;0,051;0,051;;
06/04/2026 06:30;0,042;0,042;;
06/04/2026 06:45;0,051;0,051;;
06/04/2026 07:00;0,045;0,045;;
06/04/2026 07:15;0,047;0,047;;
06/04/2026 07:30;0,049;0,049;;
06/04/2026 07:45;0,057;0,057;;
06/04/2026 08:00;0,084;0,084;;
06/04/2026 08:15;0,121;0,121;;
06/04/2026 08:30;0,089;0,089;;
06/04/2026 08:45;0,047;0,047;;
06/04/2026 09:00;0,065;0,065;;
06/04/2026 09:15;0,084;0,084;;
06/04/2026 09:30;0,098;0,098;;
06/04/2026 09:45;0,079;0,079;;
06/04/2026 10:00;0,046;0,046;;
06/04/2026 10:15;0,044;0,044;;
06/04/2026 10:30;0,045;0,045;;
06/04/2026 10:45;0,1;0,1;;
06/04/2026 11:00;0,116;0,116;;
06/04/2026 11:15;0,049;0,049;;
06/04/2026 11:30;0,08;0,08;;
06/04/2026 11:45;0,135;0,135;;
06/04/2026 12:00;0,094;0,094;;
06/04/2026 12:15;0,052;0,052;;
06/04/2026 12:30;0,143;0,143;;
06/04/2026 12:45;0,113;0,113;;
06/04/2026 13:00;0,047;0,047;;
06/04/2026 13:15;0,062;0,062;;
06/04/2026 13:30;0,117;0,117;;
06/04/2026 13:45;0,067;0,067;;
06/04/2026 14:00;0,113;0,113;;
06/04/2026 14:15;0,099;0,099;;
06/04/2026 14:30;0,053;0,053;;
06/04/2026 14:45;0,103;0,103;;
06/04/2026 15:00;0,15;0,15;;
06/04/2026 15:15;0,052;0,052;;
06/04/2026 15:30;0,049;0,049;;
06/04/2026 15:45;0,108;0,108;;
06/04/2026 16:00;0,073;0,073;;
06/04/2026 16:15;0,11;0,11;;
06/04/2026 16:30;0,096;0,096;;
06/04/2026 16:45;0,077;0,077;;
06/04/2026 17:00;0,198;0,198;;
06/04/2026 17:15;0,18;0,18;;
06/04/2026 17:30;0,126;0,126;;
06/04/2026 17:45;0,067;0,067;;
06/04/2026 18:00;0,094;0,094;;
06/04/2026 18:15;0,102;0,102;;
06/04/2026 18:30;0,099;0,099;;
06/04/2026 18:45;0,116;0,116;;
06/04/2026 19:00;0,155;0,155;;
06/04/2026 19:15;0,267;0,267;;
06/04/2026 19:30;0,739;0,739;;
06/04/2026 19:45;0,909;0,909;;
06/04/2026 20:00;0,863;0,863;;
06/04/2026 20:15;0,372;0,372;;
06/04/2026 20:30;0,412;0,412;;
06/04/2026 20:45;0,439;0,439;;
06/04/2026 21:00;0,437;0,437;;
06/04/2026 21:15;0,388;0,388;;
06/04/2026 21:30;0,307;0,307;;
06/04/2026 21:45;0,078;0,078;;
06/04/2026 22:00;0,086;0,086;;
06/04/2026 22:15;0,04;0,04;;
06/04/2026 22:30;0,042;0,042;;
06/04/2026 22:45;0,054;0,054;;
06/04/2026 23:00;0,067;0,067;;
06/04/2026 23:15;0,09;0,09;;
06/04/2026 23:30;0,074;0,074;;
06/04/2026 23:45;0,091;0,091;;
07/04/2026 00:00;0,057;0,057;;
07/04/2026 00:15;0,054;0,054;;
07/04/2026 00:30;0,043;0,043;;
07/04/2026 00:45;0,039;0,039;;
07/04/2026 01:00;0,046;0,046;;
07/04/2026 01:15;0,065;0,065;;
07/04/2026 01:30;0,071;0,071;;
07/04/2026 01:45;0,095;0,095;;
07/04/2026 02:00;0,082;0,082;;
07/04/2026 02:15;0,051;0,051;;
07/04/2026 02:30;0,054;0,054;;
07/04/2026 02:45;0,042;0,042;;
07/04/2026 03:00;0,04;0,04;;
07/04/2026 03:15;0,044;0,044;;
07/04/2026 03:30;0,062;0,062;;
07/04/2026 03:45;0,053;0,053;;
07/04/2026 04:00;0,039;0,039;;
07/04/2026 04:15;0,042;0,042;;
07/04/2026 04:30;0,05;0,05;;
07/04/2026 04:45;0,048;0,048;;
07/04/2026 05:00;0,042;0,042;;
07/04/2026 05:15;0,041;0,041;;
07/04/2026 05:30;0,044;0,044;;
07/04/2026 05:45;0,052;0,052;;
07/04/2026 06:00;0,064;0,064;;
07/04/2026 06:15;0,049;0,049;;
07/04/2026 06:30;0,045;0,045;;
07/04/2026 06:45;0,04;0,04;;
07/04/2026 07:00;0,045;0,045;;
07/04/2026 07:15;0,049;0,049;;
07/04/2026 07:30;0,043;0,043;;
07/04/2026 07:45;0,039;0,039;;
07/04/2026 08:00;0,045;0,045;;
07/04/2026 08:15;0,064;0,064;;
07/04/2026 08:30;0,089;0,089;;
07/04/2026 08:45;0,09;0,09;;
07/04/2026 09:00;0,071;0,071;;
07/04/2026 09:15;0,05;0,05;;
07/04/2026 09:30;0,046;0,046;;
07/04/2026 09:45;0,04;0,04;;
07/04/2026 10:00;0,107;0,107;;
07/04/2026 10:15;0,135;0,135;;
07/04/2026 10:30;0,067;0,067;;
07/04/2026 10:45;0,129;0,129;;
07/04/2026 11:00;0,161;0,161;;
07/04/2026 11:15;0,06;0,06;;
07/04/2026 11:30;0,055;0,055;;
07/04/2026 11:45;0,155;0,155;;
07/04/2026 12:00;0,137;0,137;;
07/04/2026 12:15;0,047;0,047;;
07/04/2026 12:30;0,117;0,117;;
07/04/2026 12:45;0,144;0,144;;
07/04/2026 13:00;0,095;0,095;;
07/04/2026 13:15;0,106;0,106;;
07/04/2026 13:30;0,172;0,172;;
07/04/2026 13:45;0,114;0,114;;
07/04/2026 14:00;0,092;0,092;;
07/04/2026 14:15;0,129;0,129;;
07/04/2026 14:30;0,109;0,109;;
07/04/2026 14:45;0,076;0,076;;
07/04/2026 15:00;0,113;0,113;;
07/04/2026 15:15;0,124;0,124;;
07/04/2026 15:30;0,161;0,161;;
07/04/2026 15:45;0,112;0,112;;
07/04/2026 16:00;0,136;0,136;;
07/04/2026 16:15;0,179;0,179;;
07/04/2026 16:30;0,098;0,098;;
07/04/2026 16:45;0,074;0,074;;
07/04/2026 17:00;0,168;0,168;;
07/04/2026 17:15;0,178;0,178;;
07/04/2026 17:30;0,095;0,095;;
07/04/2026 17:45;0,101;0,101;;
07/04/2026 18:00;0,168;0,168;;
07/04/2026 18:15;0,174;0,174;;
07/04/2026 18:30;0,182;0,182;;
07/04/2026 18:45;0,129;0,129;;
07/04/2026 19:00;0,078;0,078;;
07/04/2026 19:15;0,404;0,404;;
07/04/2026 19:30;1.465;1,465;;
07/04/2026 19:45;1.458;1,458;;
07/04/2026 20:00;1.478;1,478;;
07/04/2026 20:15;1.451;1,451;;
07/04/2026 20:30;1,37;1,37;;
07/04/2026 20:45;1.448;1,448;;
07/04/2026 21:00;1.457;1,457;;
07/04/2026 21:15;1.391;1,391;;
07/04/2026 21:30;1.115;1,115;;
07/04/2026 21:45;0,447;0,447;;
07/04/2026 22:00;0,389;0,389;;
07/04/2026 22:15;0,41;0,41;;
07/04/2026 22:30;0,369;0,369;;
07/04/2026 22:45;0,072;0,072;;
07/04/2026 23:00;0,039;0,039;;
07/04/2026 23:15;0,111;0,111;;
07/04/2026 23:30;0,108;0,108;;
07/04/2026 23:45;0,058;0,058;;
08/04/2026 00:00;0,112;0,112;;
08/04/2026 00:15;0,087;0,087;;
08/04/2026 00:30;0,067;0,067;;
08/04/2026 00:45;0,1;0,1;;
08/04/2026 01:00;0,082;0,082;;
08/04/2026 01:15;0,056;0,056;;
08/04/2026 01:30;0,078;0,078;;
08/04/2026 01:45;0,078;0,078;;
08/04/2026 02:00;0,073;0,073;;
08/04/2026 02:15;0,054;0,054;;
08/04/2026 02:30;0,095;0,095;;
08/04/2026 02:45;0,063;0,063;;
08/04/2026 03:00;0,063;0,063;;
08/04/2026 03:15;0,117;0,117;;
08/04/2026 03:30;0,046;0,046;;
08/04/2026 03:45;0,052;0,052;;
08/04/2026 04:00;0,05;0,05;;
08/04/2026 04:15;0,093;0,093;;
08/04/2026 04:30;0,076;0,076;;
08/04/2026 04:45;0,078;0,078;;
08/04/2026 05:00;0,054;0,054;;
08/04/2026 05:15;0,059;0,059;;
08/04/2026 05:30;0,089;0,089;;
08/04/2026 05:45;0,049;0,049;;
08/04/2026 06:00;0,045;0,045;;
08/04/2026 06:15;0,064;0,064;;
08/04/2026 06:30;0,075;0,075;;
08/04/2026 06:45;0,046;0,046;;
08/04/2026 07:00;0,075;0,075;;
08/04/2026 07:15;0,076;0,076;;
08/04/2026 07:30;0,059;0,059;;
08/04/2026 07:45;0,046;0,046;;
08/04/2026 08:00;0,052;0,052;;
08/04/2026 08:15;0,077;0,077;;
08/04/2026 08:30;0,054;0,054;;
08/04/2026 08:45;0,054;0,054;;
08/04/2026 09:00;0,076;0,076;;
08/04/2026 09:15;0,129;0,129;;
08/04/2026 09:30;0,064;0,064;;
08/04/2026 09:45;0,059;0,059;;
08/04/2026 10:00;0,113;0,113;;
08/04/2026 10:15;0,145;0,145;;
08/04/2026 10:30;0,077;0,077;;
08/04/2026 10:45;0,077;0,077;;
08/04/2026 11:00;0,164;0,164;;
08/04/2026 11:15;0,126;0,126;;
08/04/2026 11:30;0,111;0,111;;
08/04/2026 11:45;0,149;0,149;;
08/04/2026 12:00;0,121;0,121;;
08/04/2026 12:15;0,123;0,123;;
08/04/2026 12:30;0,111;0,111;;
08/04/2026 12:45;0,167;0,167;;
08/04/2026 13:00;0,159;0,159;;
08/04/2026 13:15;0,121;0,121;;
08/04/2026 13:30;0,161;0,161;;
08/04/2026 13:45;0,18;0,18;;
08/04/2026 14:00;0,187;0,187;;
08/04/2026 14:15;0,167;0,167;;
08/04/2026 14:30;0,127;0,127;;
08/04/2026 14:45;0,175;0,175;;
08/04/2026 15:00;0,184;0,184;;
08/04/2026 15:15;0,19;0,19;;
08/04/2026 15:30;0,189;0,189;;
08/04/2026 15:45;0,177;0,177;;
08/04/2026 16:00;0,175;0,175;;
08/04/2026 16:15;0,189;0,189;;
08/04/2026 16:30;0,19;0,19;;
08/04/2026 16:45;0,135;0,135;;
08/04/2026 17:00;0,176;0,176;;
08/04/2026 17:15;0,174;0,174;;
08/04/2026 17:30;0,15;0,15;;
08/04/2026 17:45;0,134;0,134;;
08/04/2026 18:00;0,187;0,187;;
08/04/2026 18:15;0,176;0,176;;
08/04/2026 18:30;0,179;0,179;;
08/04/2026 18:45;0,182;0,182;;
08/04/2026 19:00;0,146;0,146;;
08/04/2026 19:15;0,268;0,268;;
08/04/2026 19:30;1.544;1,544;;
08/04/2026 19:45;1.644;1,644;;
08/04/2026 20:00;1.606;1,606;;
08/04/2026 20:15;1.577;1,577;;
08/04/2026 20:30;1.528;1,528;;
08/04/2026 20:45;1.558;1,558;;
08/04/2026 21:00;1.555;1,555;;
08/04/2026 21:15;1.503;1,503;;
08/04/2026 21:30;1.358;1,358;;
08/04/2026 21:45;1.153;1,153;;
08/04/2026 22:00;1.127;1,127;;
08/04/2026 22:15;1.124;1,124;;
08/04/2026 22:30;1.168;1,168;;
08/04/2026 22:45;1.078;1,078;;
08/04/2026 23:00;0,901;0,901;;
08/04/2026 23:15;0,594;0,594;;
08/04/2026 23:30;0,291;0,291;;
08/04/2026 23:45;0,262;0,262;;
09/04/2026 00:00;0,315;0,315;;
09/04/2026 00:15;0,33;0,33;;
09/04/2026 00:30;0,258;0,258;;
09/04/2026 00:45;0,256;0,256;;
09/04/2026 01:00;0,1;0,1;;
09/04/2026 01:15;0,083;0,083;;
09/04/2026 01:30;0,102;0,102;;
09/04/2026 01:45;0,091;0,091;;
09/04/2026 02:00;0,056;0,056;;
09/04/2026 02:15;0,052;0,052;;
09/04/2026 02:30;0,101;0,101;;
09/04/2026 02:45;0,104;0,104;;
09/04/2026 03:00;0,091;0,091;;
09/04/2026 03:15;0,047;0,047;;
09/04/2026 03:30;0,047;0,047;;
09/04/2026 03:45;0,049;0,049;;
09/04/2026 04:00;0,086;0,086;;
09/04/2026 04:15;0,056;0,056;;
09/04/2026 04:30;0,055;0,055;;
09/04/2026 04:45;0,084;0,084;;
09/04/2026 05:00;0,1;0,1;;
09/04/2026 05:15;0,068;0,068;;
09/04/2026 05:30;0,064;0,064;;
09/04/2026 05:45;0,075;0,075;;
09/04/2026 06:00;0,045;0,045;;
09/04/2026 06:15;0,046;0,046;;
09/04/2026 06:30;0,049;0,049;;
09/04/2026 06:45;0,057;0,057;;
09/04/2026 07:00;0,056;0,056;;
09/04/2026 07:15;0,074;0,074;;
09/04/2026 07:30;0,076;0,076;;
09/04/2026 07:45;0,044;0,044;;
09/04/2026 08:00;0,045;0,045;;
09/04/2026 08:15;0,048;0,048;;
09/04/2026 08:30;0,047;0,047;;
09/04/2026 08:45;0,086;0,086;;
09/04/2026 09:00;0,053;0,053;;
09/04/2026 09:15;0,093;0,093;;
09/04/2026 09:30;0,134;0,134;;
09/04/2026 09:45;0,128;0,128;;
09/04/2026 10:00;0,088;0,088;;
09/04/2026 10:15;0,043;0,043;;
09/04/2026 10:30;0,101;0,101;;
09/04/2026 10:45;0,096;0,096;;
09/04/2026 11:00;0,105;0,105;;
09/04/2026 11:15;0,103;0,103;;
09/04/2026 11:30;0,09;0,09;;
09/04/2026 11:45;0,162;0,162;;
09/04/2026 12:00;0,173;0,173;;
09/04/2026 12:15;0,166;0,166;;
09/04/2026 12:30;0,14;0,14;;
09/04/2026 12:45;0,12;0,12;;
09/04/2026 13:00;0,18;0,18;;
09/04/2026 13:15;0,176;0,176;;
09/04/2026 13:30;0,146;0,146;;
09/04/2026 13:45;0,122;0,122;;
09/04/2026 14:00;0,145;0,145;;
09/04/2026 14:15;0,133;0,133;;
09/04/2026 14:30;0,179;0,179;;
09/04/2026 14:45;0,176;0,176;;
09/04/2026 15:00;0,179;0,179;;
09/04/2026 15:15;0,189;0,189;;
09/04/2026 15:30;0,184;0,184;;
09/04/2026 15:45;0,152;0,152;;
09/04/2026 16:00;0,073;0,073;;
09/04/2026 16:15;0,159;0,159;;
09/04/2026 16:30;0,186;0,186;;
09/04/2026 16:45;0,185;0,185;;
09/04/2026 17:00;0,181;0,181;;
09/04/2026 17:15;0,174;0,174;;
09/04/2026 17:30;0,187;0,187;;
09/04/2026 17:45;0,186;0,186;;
09/04/2026 18:00;0,179;0,179;;
09/04/2026 18:15;0,102;0,102;;
09/04/2026 18:30;0,069;0,069;;
09/04/2026 18:45;0,145;0,145;;
09/04/2026 19:00;0,712;0,712;;
09/04/2026 19:15;0,718;0,718;;
09/04/2026 19:30;1.453;1,453;;
09/04/2026 19:45;1.497;1,497;;
09/04/2026 20:00;1.499;1,499;;
09/04/2026 20:15;1.582;1,582;;
09/04/2026 20:30;1.563;1,563;;
09/04/2026 20:45;1.461;1,461;;
09/04/2026 21:00;1.468;1,468;;
09/04/2026 21:15;1,45;1,45;;
09/04/2026 21:30;1.248;1,248;;
09/04/2026 21:45;0,795;0,795;;
09/04/2026 22:00;0,838;0,838;;
09/04/2026 22:15;1.812;1,812;;
09/04/2026 22:30;1.793;1,793;;
09/04/2026 22:45;1.836;1,836;;
09/04/2026 23:00;0,971;0,971;;
09/04/2026 23:15;0,097;0,097;;
09/04/2026 23:30;0,107;0,107;;
09/04/2026 23:45;0,143;0,143;;
10/04/2026 00:00;0,07;0,07;;
10/04/2026 00:15;0,082;0,082;;
10/04/2026 00:30;0,159;0,159;;
10/04/2026 00:45;0,072;0,072;;
10/04/2026 01:00;0,074;0,074;;
10/04/2026 01:15;0,129;0,129;;
10/04/2026 01:30;0,085;0,085;;
10/04/2026 01:45;0,102;0,102;;
10/04/2026 02:00;0,142;0,142;;
10/04/2026 02:15;0,066;0,066;;
10/04/2026 02:30;0,056;0,056;;
10/04/2026 02:45;0,122;0,122;;
10/04/2026 03:00;0,1;0,1;;
10/04/2026 03:15;0,058;0,058;;
10/04/2026 03:30;0,085;0,085;;
10/04/2026 03:45;0,082;0,082;;
10/04/2026 04:00;0,095;0,095;;
10/04/2026 04:15;0,086;0,086;;
10/04/2026 04:30;0,102;0,102;;
10/04/2026 04:45;0,051;0,051;;
10/04/2026 05:00;0,043;0,043;;
10/04/2026 05:15;0,104;0,104;;
10/04/2026 05:30;0,1;0,1;;
10/04/2026 05:45;0,099;0,099;;
10/04/2026 06:00;0,055;0,055;;
10/04/2026 06:15;0,055;0,055;;
10/04/2026 06:30;0,115;0,115;;
10/04/2026 06:45;0,087;0,087;;
10/04/2026 07:00;0,048;0,048;;
10/04/2026 07:15;0,042;0,042;;
10/04/2026 07:30;0,049;0,049;;
10/04/2026 07:45;0,09;0,09;;
10/04/2026 08:00;0,057;0,057;;
10/04/2026 08:15;0,057;0,057;;
10/04/2026 08:30;0,07;0,07;;
10/04/2026 08:45;0,11;0,11;;
10/04/2026 09:00;0,144;0,144;;
10/04/2026 09:15;0,092;0,092;;
10/04/2026 09:30;0,078;0,078;;
10/04/2026 09:45;0,069;0,069;;
10/04/2026 10:00;0,087;0,087;;
10/04/2026 10:15;0,11;0,11;;
10/04/2026 10:30;0,08;0,08;;
10/04/2026 10:45;0,064;0,064;;
10/04/2026 11:00;0,138;0,138;;
10/04/2026 11:15;0,116;0,116;;
10/04/2026 11:30;0,056;0,056;;
10/04/2026 11:45;0,072;0,072;;
10/04/2026 12:00;0,096;0,096;;
10/04/2026 12:15;0,106;0,106;;
10/04/2026 12:30;0,124;0,124;;
10/04/2026 12:45;0,11;0,11;;
10/04/2026 13:00;0,061;0,061;;
10/04/2026 13:15;0,122;0,122;;
10/04/2026 13:30;0,159;0,159;;
10/04/2026 13:45;0,08;0,08;;
10/04/2026 14:00;0,06;0,06;;
10/04/2026 14:15;0,097;0,097;;
10/04/2026 14:30;0,144;0,144;;
10/04/2026 14:45;0,164;0,164;;
10/04/2026 15:00;0,113;0,113;;
10/04/2026 15:15;0,065;0,065;;
10/04/2026 15:30;0,125;0,125;;
10/04/2026 15:45;0,168;0,168;;
10/04/2026 16:00;0,15;0,15;;
10/04/2026 16:15;0,123;0,123;;
10/04/2026 16:30;0,125;0,125;;
10/04/2026 16:45;0,088;0,088;;
10/04/2026 17:00;0,118;0,118;;
10/04/2026 17:15;0,166;0,166;;
10/04/2026 17:30;0,135;0,135;;
10/04/2026 17:45;0,068;0,068;;
10/04/2026 18:00;0,135;0,135;;
10/04/2026 18:15;0,182;0,182;;
10/04/2026 18:30;0,089;0,089;;
10/04/2026 18:45;0,059;0,059;;
10/04/2026 19:00;0,158;0,158;;
10/04/2026 19:15;0,161;0,161;;
10/04/2026 19:30;0,362;0,362;;
10/04/2026 19:45;0,61;0,61;;
10/04/2026 20:00;1.129;1,129;;
10/04/2026 20:15;1.115;1,115;;
10/04/2026 20:30;1.126;1,126;;
10/04/2026 20:45;1.126;1,126;;
10/04/2026 21:00;1.042;1,042;;
10/04/2026 21:15;1.072;1,072;;
10/04/2026 21:30;0,86;0,86;;
10/04/2026 21:45;0,069;0,069;;
10/04/2026 22:00;0,052;0,052;;
10/04/2026 22:15;0,105;0,105;;
10/04/2026 22:30;0,112;0,112;;
10/04/2026 22:45;0,116;0,116;;
10/04/2026 23:00;0,067;0,067;;
10/04/2026 23:15;0,074;0,074;;
10/04/2026 23:30;0,125;0,125;;
10/04/2026 23:45;0,127;0,127;;
11/04/2026 00:00;0,068;0,068;;
11/04/2026 00:15;0,067;0,067;;
11/04/2026 00:30;0,086;0,086;;
11/04/2026 00:45;0,057;0,057;;
11/04/2026 01:00;0,106;0,106;;
11/04/2026 01:15;0,099;0,099;;
11/04/2026 01:30;0,053;0,053;;
11/04/2026 01:45;0,04;0,04;;
11/04/2026 02:00;0,041;0,041;;
11/04/2026 02:15;0,143;0,143;;
11/04/2026 02:30;0,073;0,073;;
11/04/2026 02:45;0,046;0,046;;
11/04/2026 03:00;0,05;0,05;;
11/04/2026 03:15;0,07;0,07;;
11/04/2026 03:30;0,12;0,12;;
11/04/2026 03:45;0,059;0,059;;
11/04/2026 04:00;0,082;0,082;;
11/04/2026 04:15;0,047;0,047;;
11/04/2026 04:30;0,046;0,046;;
11/04/2026 04:45;0,046;0,046;;
11/04/2026 05:00;0,047;0,047;;
11/04/2026 05:15;0,092;0,092;;
11/04/2026 05:30;0,071;0,071;;
11/04/2026 05:45;0,098;0,098;;
11/04/2026 06:00;0,073;0,073;;
11/04/2026 06:15;0,046;0,046;;
11/04/2026 06:30;0,042;0,042;;
11/04/2026 06:45;0,047;0,047;;
11/04/2026 07:00;0,085;0,085;;
11/04/2026 07:15;0,049;0,049;;
11/04/2026 07:30;0,053;0,053;;
11/04/2026 07:45;0,04;0,04;;
11/04/2026 08:00;0,083;0,083;;
11/04/2026 08:15;0,124;0,124;;
11/04/2026 08:30;0,094;0,094;;
11/04/2026 08:45;0,039;0,039;;
11/04/2026 09:00;0,046;0,046;;
11/04/2026 09:15;0,105;0,105;;
11/04/2026 09:30;0,378;0,378;;
11/04/2026 09:45;0,379;0,379;;
11/04/2026 10:00;0,409;0,409;;
11/04/2026 10:15;0,439;0,439;;
11/04/2026 10:30;0,429;0,429;;
11/04/2026 10:45;0,385;0,385;;
11/04/2026 11:00;0,377;0,377;;
11/04/2026 11:15;0,413;0,413;;
11/04/2026 11:30;0,401;0,401;;
11/04/2026 11:45;0,104;0,104;;
11/04/2026 12:00;0,118;0,118;;
11/04/2026 12:15;0,062;0,062;;
11/04/2026 12:30;0,099;0,099;;
11/04/2026 12:45;0,14;0,14;;
11/04/2026 13:00;0,152;0,152;;
11/04/2026 13:15;0,107;0,107;;
11/04/2026 13:30;0,086;0,086;;
11/04/2026 13:45;0,094;0,094;;
11/04/2026 14:00;0,069;0,069;;
11/04/2026 14:15;0,123;0,123;;
11/04/2026 14:30;0,105;0,105;;
11/04/2026 14:45;0,111;0,111;;
11/04/2026 15:00;0,143;0,143;;
11/04/2026 15:15;0,157;0,157;;
11/04/2026 15:30;0,1;0,1;;
11/04/2026 15:45;0,087;0,087;;
11/04/2026 16:00;0,121;0,121;;
11/04/2026 16:15;0,108;0,108;;
11/04/2026 16:30;0,126;0,126;;
11/04/2026 16:45;0,102;0,102;;
11/04/2026 17:00;0,094;0,094;;
11/04/2026 17:15;0,15;0,15;;
11/04/2026 17:30;0,134;0,134;;
11/04/2026 17:45;0,051;0,051;;
11/04/2026 18:00;0,112;0,112;;
11/04/2026 18:15;0,149;0,149;;
11/04/2026 18:30;0,048;0,048;;
11/04/2026 18:45;0,078;0,078;;
11/04/2026 19:00;0,12;0,12;;
11/04/2026 19:15;0,064;0,064;;
11/04/2026 19:30;0,124;0,124;;
11/04/2026 19:45;0,138;0,138;;
11/04/2026 20:00;0,051;0,051;;
11/04/2026 20:15;0,052;0,052;;
11/04/2026 20:30;0,142;0,142;;
11/04/2026 20:45;0,079;0,079;;
11/04/2026 21:00;0,053;0,053;;
11/04/2026 21:15;0,079;0,079;;
11/04/2026 21:30;0,059;0,059;;
11/04/2026 21:45;0,155;0,155;;
11/04/2026 22:00;0,109;0,109;;
11/04/2026 22:15;0,047;0,047;;
11/04/2026 22:30;0,067;0,067;;
11/04/2026 22:45;0,078;0,078;;
11/04/2026 23:00;0,105;0,105;;
11/04/2026 23:15;0,055;0,055;;
11/04/2026 23:30;0,079;0,079;;
11/04/2026 23:45;0,053;0,053;;
12/04/2026 00:00;0,074;0,074;;
12/04/2026 00:15;0,116;0,116;;
12/04/2026 00:30;0,07;0,07;;
12/04/2026 00:45;0,04;0,04;;
12/04/2026 01:00;0,046;0,046;;
12/04/2026 01:15;0,049;0,049;;
12/04/2026 01:30;0,115;0,115;;
12/04/2026 01:45;0,086;0,086;;
12/04/2026 02:00;0,065;0,065;;
12/04/2026 02:15;0,091;0,091;;
12/04/2026 02:30;0,051;0,051;;
12/04/2026 02:45;0,099;0,099;;
12/04/2026 03:00;0,046;0,046;;
12/04/2026 03:15;0,044;0,044;;
12/04/2026 03:30;0,04;0,04;;
12/04/2026 03:45;0,085;0,085;;
12/04/2026 04:00;0,052;0,052;;
12/04/2026 04:15;0,045;0,045;;
12/04/2026 04:30;0,046;0,046;;
12/04/2026 04:45;0,056;0,056;;
12/04/2026 05:00;0,103;0,103;;
12/04/2026 05:15;0,078;0,078;;
12/04/2026 05:30;0,039;0,039;;
12/04/2026 05:45;0,045;0,045;;
12/04/2026 06:00;0,046;0,046;;
12/04/2026 06:15;0,054;0,054;;
12/04/2026 06:30;0,061;0,061;;
12/04/2026 06:45;0,106;0,106;;
12/04/2026 07:00;0,041;0,041;;
12/04/2026 07:15;0,046;0,046;;
12/04/2026 07:30;0,046;0,046;;
12/04/2026 07:45;0,044;0,044;;
12/04/2026 08:00;0,04;0,04;;
12/04/2026 08:15;0,04;0,04;;
12/04/2026 08:30;0,052;0,052;;
12/04/2026 08:45;0,047;0,047;;
12/04/2026 09:00;0,051;0,051;;
12/04/2026 09:15;0,079;0,079;;
12/04/2026 09:30;0,101;0,101;;
12/04/2026 09:45;0,319;0,319;;
12/04/2026 10:00;0,429;0,429;;
12/04/2026 10:15;0,373;0,373;;
12/04/2026 10:30;0,376;0,376;;
12/04/2026 10:45;0,409;0,409;;
12/04/2026 11:00;0,458;0,458;;
12/04/2026 11:15;0,439;0,439;;
12/04/2026 11:30;0,381;0,381;;
12/04/2026 11:45;0,428;0,428;;
12/04/2026 12:00;0,44;0,44;;
12/04/2026 12:15;0,386;0,386;;
12/04/2026 12:30;0,375;0,375;;
12/04/2026 12:45;0,4;0,4;;
12/04/2026 13:00;0,467;0,467;;
12/04/2026 13:15;0,375;0,375;;
12/04/2026 13:30;0,381;0,381;;
12/04/2026 13:45;0,433;0,433;;
12/04/2026 14:00;0,432;0,432;;
12/04/2026 14:15;0,435;0,435;;
12/04/2026 14:30;0,459;0,459;;
12/04/2026 14:45;0,457;0,457;;
12/04/2026 15:00;0,441;0,441;;
12/04/2026 15:15;0,449;0,449;;
12/04/2026 15:30;0,476;0,476;;
12/04/2026 15:45;0,486;0,486;;
12/04/2026 16:00;0,389;0,389;;
12/04/2026 16:15;0,435;0,435;;
12/04/2026 16:30;0,498;0,498;;
12/04/2026 16:45;0,206;0,206;;
12/04/2026 17:00;0,112;0,112;;
12/04/2026 17:15;0,16;0,16;;
12/04/2026 17:30;0,128;0,128;;
12/04/2026 17:45;0,109;0,109;;
12/04/2026 18:00;0,164;0,164;;
12/04/2026 18:15;0,097;0,097;;
12/04/2026 18:30;0,085;0,085;;
12/04/2026 18:45;0,149;0,149;;
12/04/2026 19:00;0,155;0,155;;
12/04/2026 19:15;0,111;0,111;;
12/04/2026 19:30;0,118;0,118;;
12/04/2026 19:45;0,113;0,113;;
12/04/2026 20:00;0,161;0,161;;
12/04/2026 20:15;0,174;0,174;;
12/04/2026 20:30;0,107;0,107;;
12/04/2026 20:45;0,056;0,056;;
12/04/2026 21:00;0,152;0,152;;
12/04/2026 21:15;0,13;0,13;;
12/04/2026 21:30;0,046;0,046;;
12/04/2026 21:45;0,101;0,101;;
12/04/2026 22:00;0,132;0,132;;
12/04/2026 22:15;0,055;0,055;;
12/04/2026 22:30;0,068;0,068;;
12/04/2026 22:45;0,141;0,141;;
12/04/2026 23:00;0,054;0,054;;
12/04/2026 23:15;0,087;0,087;;
12/04/2026 23:30;0,124;0,124;;
12/04/2026 23:45;0,056;0,056;;
13/04/2026 00:00;0,048;0,048;;
13/04/2026 00:15;0,104;0,104;;
13/04/2026 00:30;0,119;0,119;;
13/04/2026 00:45;0,051;0,051;;
13/04/2026 01:00;0,04;0,04;;
13/04/2026 01:15;0,057;0,057;;
13/04/2026 01:30;0,121;0,121;;
13/04/2026 01:45;0,096;0,096;;
13/04/2026 02:00;0,043;0,043;;
13/04/2026 02:15;0,046;0,046;;
13/04/2026 02:30;0,066;0,066;;
13/04/2026 02:45;0,065;0,065;;
13/04/2026 03:00;0,089;0,089;;
13/04/2026 03:15;0,073;0,073;;
13/04/2026 03:30;0,051;0,051;;
13/04/2026 03:45;0,046;0,046;;
13/04/2026 04:00;0,048;0,048;;
13/04/2026 04:15;0,097;0,097;;
13/04/2026 04:30;0,055;0,055;;
13/04/2026 04:45;0,053;0,053;;
13/04/2026 05:00;0,098;0,098;;
13/04/2026 05:15;0,054;0,054;;
13/04/2026 05:30;0,041;0,041;;
13/04/2026 05:45;0,044;0,044;;
13/04/2026 06:00;0,056;0,056;;
13/04/2026 06:15;0,046;0,046;;
13/04/2026 06:30;0,046;0,046;;
13/04/2026 06:45;0,041;0,041;;
13/04/2026 07:00;0,046;0,046;;
13/04/2026 07:15;0,041;0,041;;
13/04/2026 07:30;0,045;0,045;;
13/04/2026 07:45;0,047;0,047;;
13/04/2026 08:00;0,045;0,045;;
13/04/2026 08:15;0,05;0,05;;
13/04/2026 08:30;0,084;0,084;;
13/04/2026 08:45;0,1;0,1;;
13/04/2026 09:00;0,097;0,097;;
13/04/2026 09:15;0,059;0,059;;
13/04/2026 09:30;0,087;0,087;;
13/04/2026 09:45;0,051;0,051;;
13/04/2026 10:00;0,047;0,047;;
13/04/2026 10:15;0,042;0,042;;
13/04/2026 10:30;0,052;0,052;;
13/04/2026 10:45;0,051;0,051;;
13/04/2026 11:00;0,072;0,072;;
13/04/2026 11:15;0,099;0,099;;
13/04/2026 11:30;0,064;0,064;;
13/04/2026 11:45;0,072;0,072;;
13/04/2026 12:00;0,067;0,067;;
13/04/2026 12:15;0,045;0,045;;
13/04/2026 12:30;0,069;0,069;;
13/04/2026 12:45;0,077;0,077;;
13/04/2026 13:00;0,087;0,087;;
13/04/2026 13:15;0,146;0,146;;
13/04/2026 13:30;0,115;0,115;;
13/04/2026 13:45;0,084;0,084;;
13/04/2026 14:00;0,13;0,13;;
13/04/2026 14:15;0,428;0,428;;
13/04/2026 14:30;0,434;0,434;;
13/04/2026 14:45;0,428;0,428;;
13/04/2026 15:00;0,372;0,372;;
13/04/2026 15:15;0,388;0,388;;
13/04/2026 15:30;0,487;0,487;;
13/04/2026 15:45;0,448;0,448;;
13/04/2026 16:00;0,389;0,389;;
13/04/2026 16:15;0,151;0,151;;
13/04/2026 16:30;0,111;0,111;;
13/04/2026 16:45;0,111;0,111;;
13/04/2026 17:00;0,093;0,093;;
13/04/2026 17:15;0,087;0,087;;
13/04/2026 17:30;0,053;0,053;;
13/04/2026 17:45;0,108;0,108;;
13/04/2026 18:00;0,125;0,125;;
13/04/2026 18:15;0,15;0,15;;
13/04/2026 18:30;0,148;0,148;;
13/04/2026 18:45;0,06;0,06;;
13/04/2026 19:00;0,088;0,088;;
13/04/2026 19:15;0,166;0,166;;
13/04/2026 19:30;0,913;0,913;;
13/04/2026 19:45;1.473;1,473;;
13/04/2026 20:00;1.423;1,423;;
13/04/2026 20:15;1.436;1,436;;
13/04/2026 20:30;1.441;1,441;;
13/04/2026 20:45;1.481;1,481;;
13/04/2026 21:00;1.411;1,411;;
13/04/2026 21:15;1.381;1,381;;
13/04/2026 21:30;1.431;1,431;;
13/04/2026 21:45;1.468;1,468;;
13/04/2026 22:00;1.446;1,446;;
13/04/2026 22:15;1.516;1,516;;
13/04/2026 22:30;1,49;1,49;;
13/04/2026 22:45;1.578;1,578;;
13/04/2026 23:00;1.153;1,153;;
13/04/2026 23:15;0,121;0,121;;
13/04/2026 23:30;0,099;0,099;;
13/04/2026 23:45;0,194;0,194;;
14/04/2026 00:00;0,204;0,204;;
14/04/2026 00:15;0,111;0,111;;
14/04/2026 00:30;0,067;0,067;;
14/04/2026 00:45;0,11;0,11;;
14/04/2026 01:00;0,129;0,129;;
14/04/2026 01:15;0,067;0,067;;
14/04/2026 01:30;0,047;0,047;;
14/04/2026 01:45;0,057;0,057;;
14/04/2026 02:00;0,098;0,098;;
14/04/2026 02:15;0,107;0,107;;
14/04/2026 02:30;0,048;0,048;;
14/04/2026 02:45;0,057;0,057;;
14/04/2026 03:00;0,054;0,054;;
14/04/2026 03:15;0,139;0,139;;
14/04/2026 03:30;0,096;0,096;;
14/04/2026 03:45;0,04;0,04;;
14/04/2026 04:00;0,039;0,039;;
14/04/2026 04:15;0,047;0,047;;
14/04/2026 04:30;0,048;0,048;;
14/04/2026 04:45;0,043;0,043;;
14/04/2026 05:00;0,049;0,049;;
14/04/2026 05:15;0,053;0,053;;
14/04/2026 05:30;0,055;0,055;;
14/04/2026 05:45;0,097;0,097;;
14/04/2026 06:00;0,093;0,093;;
14/04/2026 06:15;0,044;0,044;;
14/04/2026 06:30;0,039;0,039;;
14/04/2026 06:45;0,044;0,044;;
14/04/2026 07:00;0,053;0,053;;
14/04/2026 07:15;0,055;0,055;;
14/04/2026 07:30;0,066;0,066;;
14/04/2026 07:45;0,088;0,088;;
14/04/2026 08:00;0,079;0,079;;
14/04/2026 08:15;0,044;0,044;;
14/04/2026 08:30;0,04;0,04;;
14/04/2026 08:45;0,056;0,056;;
14/04/2026 09:00;0,101;0,101;;
14/04/2026 09:15;0,103;0,103;;
14/04/2026 09:30;0,102;0,102;;
14/04/2026 09:45;0,098;0,098;;
14/04/2026 10:00;0,143;0,143;;
14/04/2026 10:15;0,151;0,151;;
14/04/2026 10:30;0,117;0,117;;
14/04/2026 10:45;0,162;0,162;;
14/04/2026 11:00;0,118;0,118;;
14/04/2026 11:15;0,083;0,083;;
14/04/2026 11:30;0,11;0,11;;
14/04/2026 11:45;0,113;0,113;;
14/04/2026 12:00;0,102;0,102;;
14/04/2026 12:15;0,142;0,142;;
14/04/2026 12:30;0,181;0,181;;
14/04/2026 12:45;0,166;0,166;;
14/04/2026 13:00;0,168;0,168;;
14/04/2026 13:15;0,181;0,181;;
14/04/2026 13:30;0,184;0,184;;
14/04/2026 13:45;0,18;0,18;;
14/04/2026 14:00;0,088;0,088;;
14/04/2026 14:15;0,051;0,051;;
14/04/2026 14:30;0,135;0,135;;
14/04/2026 14:45;0,186;0,186;;
14/04/2026 15:00;0,174;0,174;;
14/04/2026 15:15;0,135;0,135;;
14/04/2026 15:30;0,115;0,115;;
14/04/2026 15:45;0,175;0,175;;
14/04/2026 16:00;0,177;0,177;;
14/04/2026 16:15;0,056;0,056;;
14/04/2026 16:30;0,113;0,113;;
14/04/2026 16:45;0,131;0,131;;
14/04/2026 17:00;0,174;0,174;;
14/04/2026 17:15;0,182;0,182;;
14/04/2026 17:30;0,132;0,132;;
14/04/2026 17:45;0,044;0,044;;
14/04/2026 18:00;0,061;0,061;;
14/04/2026 18:15;0,151;0,151;;
14/04/2026 18:30;0,095;0,095;;
14/04/2026 18:45;0,04;0,04;;
14/04/2026 19:00;0,072;0,072;;
14/04/2026 19:15;0,093;0,093;;
14/04/2026 19:30;0,564;0,564;;
14/04/2026 19:45;1.057;1,057;;
14/04/2026 20:00;1.033;1,033;;
14/04/2026 20:15;1.091;1,091;;
14/04/2026 20:30;1.096;1,096;;
14/04/2026 20:45;1,09;1,09;;
14/04/2026 21:00;1.045;1,045;;
14/04/2026 21:15;1.059;1,059;;
14/04/2026 21:30;1.224;1,224;;
14/04/2026 21:45;1.468;1,468;;
14/04/2026 22:00;1.511;1,511;;
14/04/2026 22:15;1.321;1,321;;
14/04/2026 22:30;0,368;0,368;;
14/04/2026 22:45;0,378;0,378;;
14/04/2026 23:00;0,334;0,334;;
14/04/2026 23:15;0,051;0,051;;
14/04/2026 23:30;0,042;0,042;;
14/04/2026 23:45;0,054;0,054;;
15/04/2026 00:00;0,076;0,076;;
15/04/2026 00:15;0,106;0,106;;
15/04/2026 00:30;0,07;0,07;;
15/04/2026 00:45;0,042;0,042;;
15/04/2026 01:00;0,056;0,056;;
15/04/2026 01:15;0,065;0,065;;
15/04/2026 01:30;0,088;0,088;;
15/04/2026 01:45;0,068;0,068;;
15/04/2026 02:00;0,058;0,058;;
15/04/2026 02:15;0,055;0,055;;
15/04/2026 02:30;0,046;0,046;;
15/04/2026 02:45;0,04;0,04;;
15/04/2026 03:00;0,046;0,046;;
15/04/2026 03:15;0,047;0,047;;
15/04/2026 03:30;0,046;0,046;;
15/04/2026 03:45;0,044;0,044;;
15/04/2026 04:00;0,046;0,046;;
15/04/2026 04:15;0,053;0,053;;
15/04/2026 04:30;0,048;0,048;;
15/04/2026 04:45;0,057;0,057;;
15/04/2026 05:00;0,096;0,096;;
15/04/2026 05:15;0,09;0,09;;
15/04/2026 05:30;0,097;0,097;;
15/04/2026 05:45;0,063;0,063;;
15/04/2026 06:00;0,098;0,098;;
15/04/2026 06:15;0,069;0,069;;
15/04/2026 06:30;0,044;0,044;;
15/04/2026 06:45;0,055;0,055;;
15/04/2026 07:00;0,046;0,046;;
15/04/2026 07:15;0,044;0,044;;
15/04/2026 07:30;0,042;0,042;;
15/04/2026 07:45;0,046;0,046;;
15/04/2026 08:00;0,041;0,041;;
15/04/2026 08:15;0,046;0,046;;
15/04/2026 08:30;0,046;0,046;;
15/04/2026 08:45;0,044;0,044;;
15/04/2026 09:00;0,051;0,051;;
15/04/2026 09:15;0,056;0,056;;
15/04/2026 09:30;0,105;0,105;;
15/04/2026 09:45;0,099;0,099;;
15/04/2026 10:00;0,106;0,106;;
15/04/2026 10:15;0,11;0,11;;
15/04/2026 10:30;0,102;0,102;;
15/04/2026 10:45;0,071;0,071;;
15/04/2026 11:00;0,101;0,101;;
15/04/2026 11:15;0,056;0,056;;
15/04/2026 11:30;0,088;0,088;;
15/04/2026 11:45;0,169;0,169;;
15/04/2026 12:00;0,127;0,127;;
15/04/2026 12:15;0,102;0,102;;
15/04/2026 12:30;0,103;0,103;;
15/04/2026 12:45;0,112;0,112;;
15/04/2026 13:00;0,118;0,118;;
15/04/2026 13:15;0,109;0,109;;
15/04/2026 13:30;0,105;0,105;;
15/04/2026 13:45;0,126;0,126;;
15/04/2026 14:00;0,121;0,121;;
15/04/2026 14:15;0,123;0,123;;
15/04/2026 14:30;0,113;0,113;;
15/04/2026 14:45;0,119;0,119;;
15/04/2026 15:00;0,115;0,115;;
15/04/2026 15:15;0,169;0,169;;
15/04/2026 15:30;0,175;0,175;;
15/04/2026 15:45;0,153;0,153;;
15/04/2026 16:00;0,113;0,113;;
15/04/2026 16:15;0,115;0,115;;
15/04/2026 16:30;0,142;0,142;;
15/04/2026 16:45;0,173;0,173;;
15/04/2026 17:00;0,168;0,168;;
15/04/2026 17:15;0,178;0,178;;
15/04/2026 17:30;0,373;0,373;;
15/04/2026 17:45;0,437;0,437;;
15/04/2026 18:00;0,499;0,499;;
15/04/2026 18:15;0,448;0,448;;
15/04/2026 18:30;0,457;0,457;;
15/04/2026 18:45;0,451;0,451;;
15/04/2026 19:00;0,454;0,454;;
15/04/2026 19:15;0,465;0,465;;
15/04/2026 19:30;0,777;0,777;;
15/04/2026 19:45;1.491;1,491;;
15/04/2026 20:00;1.507;1,507;;
15/04/2026 20:15;1,43;1,43;;
15/04/2026 20:30;1.368;1,368;;
15/04/2026 20:45;1,43;1,43;;
15/04/2026 21:00;1.469;1,469;;
15/04/2026 21:15;1.409;1,409;;
15/04/2026 21:30;1.318;1,318;;
15/04/2026 21:45;1.135;1,135;;
15/04/2026 22:00;1.117;1,117;;
15/04/2026 22:15;1.063;1,063;;
15/04/2026 22:30;1.115;1,115;;
15/04/2026 22:45;1.069;1,069;;
15/04/2026 23:00;1.009;1,009;;
15/04/2026 23:15;0,635;0,635;;
15/04/2026 23:30;0,621;0,621;;
15/04/2026 23:45;0,693;0,693;;
16/04/2026 00:00;0,796;0,796;;
16/04/2026 00:15;0,784;0,784;;
16/04/2026 00:30;0,808;0,808;;
16/04/2026 00:45;0,729;0,729;;
16/04/2026 01:00;0,082;0,082;;
16/04/2026 01:15;0,063;0,063;;
16/04/2026 01:30;0,083;0,083;;
16/04/2026 01:45;0,154;0,154;;
16/04/2026 02:00;0,073;0,073;;
16/04/2026 02:15;0,051;0,051;;
16/04/2026 02:30;0,044;0,044;;
16/04/2026 02:45;0,163;0,163;;
16/04/2026 03:00;0,075;0,075;;
16/04/2026 03:15;0,052;0,052;;
16/04/2026 03:30;0,053;0,053;;
16/04/2026 03:45;0,096;0,096;;
16/04/2026 04:00;0,126;0,126;;
16/04/2026 04:15;0,125;0,125;;
16/04/2026 04:30;0,061;0,061;;
16/04/2026 04:45;0,046;0,046;;
16/04/2026 05:00;0,076;0,076;;
16/04/2026 05:15;0,147;0,147;;
16/04/2026 05:30;0,054;0,054;;
16/04/2026 05:45;0,052;0,052;;
16/04/2026 06:00;0,058;0,058;;
16/04/2026 06:15;0,129;0,129;;
16/04/2026 06:30;0,094;0,094;;
16/04/2026 06:45;0,045;0,045;;
16/04/2026 07:00;0,049;0,049;;
16/04/2026 07:15;0,068;0,068;;
16/04/2026 07:30;0,087;0,087;;
16/04/2026 07:45;0,1;0,1;;
16/04/2026 08:00;0,063;0,063;;
16/04/2026 08:15;0,067;0,067;;
16/04/2026 08:30;0,081;0,081;;
16/04/2026 08:45;0,159;0,159;;
16/04/2026 09:00;0,064;0,064;;
16/04/2026 09:15;0,049;0,049;;
16/04/2026 09:30;0,06;0,06;;
16/04/2026 09:45;0,153;0,153;;
16/04/2026 10:00;0,107;0,107;;
16/04/2026 10:15;0,049;0,049;;
16/04/2026 10:30;0,061;0,061;;
16/04/2026 10:45;0,145;0,145;;
16/04/2026 11:00;0,264;0,264;;
16/04/2026 11:15;0,433;0,433;;
16/04/2026 11:30;0,402;0,402;;
16/04/2026 11:45;0,434;0,434;;
16/04/2026 12:00;0,439;0,439;;
16/04/2026 12:15;0,443;0,443;;
16/04/2026 12:30;0,32;0,32;;
16/04/2026 12:45;0,068;0,068;;
16/04/2026 13:00;0,104;0,104;;
16/04/2026 13:15;0,176;0,176;;
16/04/2026 13:30;0,147;0,147;;
16/04/2026 13:45;0,111;0,111;;
16/04/2026 14:00;0,08;0,08;;
16/04/2026 14:15;0,131;0,131;;
16/04/2026 14:30;0,134;0,134;;
16/04/2026 14:45;0,113;0,113;;
16/04/2026 15:00;0,127;0,127;;
16/04/2026 15:15;0,119;0,119;;
16/04/2026 15:30;0,131;0,131;;
16/04/2026 15:45;0,126;0,126;;
16/04/2026 16:00;0,174;0,174;;
16/04/2026 16:15;0,169;0,169;;
16/04/2026 16:30;0,1;0,1;;
16/04/2026 16:45;0,095;0,095;;
16/04/2026 17:00;0,157;0,157;;
16/04/2026 17:15;0,105;0,105;;
16/04/2026 17:30;0,088;0,088;;
16/04/2026 17:45;0,162;0,162;;
16/04/2026 18:00;0,185;0,185;;
16/04/2026 18:15;0,159;0,159;;
16/04/2026 18:30;0,181;0,181;;
16/04/2026 18:45;0,248;0,248;;
16/04/2026 19:00;0,282;0,282;;
16/04/2026 19:15;0,28;0,28;;
16/04/2026 19:30;0,464;0,464;;
16/04/2026 19:45;1.265;1,265;;
16/04/2026 20:00;1.544;1,544;;
16/04/2026 20:15;1.596;1,596;;
16/04/2026 20:30;1.534;1,534;;
16/04/2026 20:45;1.489;1,489;;
16/04/2026 21:00;1,43;1,43;;
16/04/2026 21:15;1.448;1,448;;
16/04/2026 21:30;1.444;1,444;;
16/04/2026 21:45;1.126;1,126;;
16/04/2026 22:00;1.116;1,116;;
16/04/2026 22:15;1.153;1,153;;
16/04/2026 22:30;1.126;1,126;;
16/04/2026 22:45;1.119;1,119;;
16/04/2026 23:00;0,784;0,784;;
16/04/2026 23:15;0,139;0,139;;
16/04/2026 23:30;0,089;0,089;;
16/04/2026 23:45;0,107;0,107;;
17/04/2026 00:00;0,123;0,123;;
17/04/2026 00:15;0,124;0,124;;
17/04/2026 00:30;0,08;0,08;;
17/04/2026 00:45;0,073;0,073;;
17/04/2026 01:00;0,123;0,123;;
17/04/2026 01:15;0,123;0,123;;
17/04/2026 01:30;0,088;0,088;;
17/04/2026 01:45;0,067;0,067;;
17/04/2026 02:00;0,076;0,076;;
17/04/2026 02:15;0,073;0,073;;
17/04/2026 02:30;0,093;0,093;;
17/04/2026 02:45;0,085;0,085;;
17/04/2026 03:00;0,058;0,058;;
17/04/2026 03:15;0,105;0,105;;
17/04/2026 03:30;0,113;0,113;;
17/04/2026 03:45;0,08;0,08;;
17/04/2026 04:00;0,106;0,106;;
17/04/2026 04:15;0,066;0,066;;
17/04/2026 04:30;0,063;0,063;;
17/04/2026 04:45;0,058;0,058;;
17/04/2026 05:00;0,062;0,062;;
17/04/2026 05:15;0,059;0,059;;
17/04/2026 05:30;0,054;0,054;;
17/04/2026 05:45;0,051;0,051;;
17/04/2026 06:00;0,047;0,047;;
17/04/2026 06:15;0,079;0,079;;
17/04/2026 06:30;0,085;0,085;;
17/04/2026 06:45;0,064;0,064;;
17/04/2026 07:00;0,069;0,069;;
17/04/2026 07:15;0,096;0,096;;
17/04/2026 07:30;0,072;0,072;;
17/04/2026 07:45;0,08;0,08;;
17/04/2026 08:00;0,102;0,102;;
17/04/2026 08:15;0,112;0,112;;
17/04/2026 08:30;0,105;0,105;;
17/04/2026 08:45;0,054;0,054;;
17/04/2026 09:00;0,072;0,072;;
17/04/2026 09:15;0,074;0,074;;
17/04/2026 09:30;0,084;0,084;;
17/04/2026 09:45;0,13;0,13;;
17/04/2026 10:00;0,113;0,113;;
17/04/2026 10:15;0,14;0,14;;
17/04/2026 10:30;0,131;0,131;;
17/04/2026 10:45;0,13;0,13;;
17/04/2026 11:00;0,15;0,15;;
17/04/2026 11:15;0,081;0,081;;
17/04/2026 11:30;0,171;0,171;;
17/04/2026 11:45;0,178;0,178;;
17/04/2026 12:00;0,134;0,134;;
17/04/2026 12:15;0,104;0,104;;
17/04/2026 12:30;0,196;0,196;;
17/04/2026 12:45;0,234;0,234;;
17/04/2026 13:00;0,161;0,161;;
17/04/2026 13:15;0,176;0,176;;
17/04/2026 13:30;0,191;0,191;;
17/04/2026 13:45;0,226;0,226;;
17/04/2026 14:00;0,229;0,229;;
17/04/2026 14:15;0,142;0,142;;
17/04/2026 14:30;0,133;0,133;;
17/04/2026 14:45;0,225;0,225;;
17/04/2026 15:00;0,226;0,226;;
17/04/2026 15:15;0,206;0,206;;
17/04/2026 15:30;0,17;0,17;;
17/04/2026 15:45;0,176;0,176;;
17/04/2026 16:00;0,249;0,249;;
17/04/2026 16:15;0,158;0,158;;
17/04/2026 16:30;0,188;0,188;;
17/04/2026 16:45;0,182;0,182;;
17/04/2026 17:00;0,217;0,217;;
17/04/2026 17:15;0,19;0,19;;
17/04/2026 17:30;0,235;0,235;;
17/04/2026 17:45;0,228;0,228;;
17/04/2026 18:00;0,226;0,226;;
17/04/2026 18:15;0,231;0,231;;
17/04/2026 18:30;0,15;0,15;;
17/04/2026 18:45;0,093;0,093;;
17/04/2026 19:00;0,139;0,139;;
17/04/2026 19:15;0,176;0,176;;
17/04/2026 19:30;0,27;0,27;;
17/04/2026 19:45;1.236;1,236;;
17/04/2026 20:00;1.427;1,427;;
17/04/2026 20:15;1.434;1,434;;
17/04/2026 20:30;1.515;1,515;;
17/04/2026 20:45;1.818;1,818;;
17/04/2026 21:00;2.106;2,106;;
17/04/2026 21:15;2.701;2,701;;
17/04/2026 21:30;2.518;2,518;;
17/04/2026 21:45;2.499;2,499;;
17/04/2026 22:00;2.168;2,168;;
17/04/2026 22:15;2.135;2,135;;
17/04/2026 22:30;1.965;1,965;;
17/04/2026 22:45;1.463;1,463;;
17/04/2026 23:00;1.496;1,496;;
17/04/2026 23:15;1.442;1,442;;
17/04/2026 23:30;1.465;1,465;;
17/04/2026 23:45;1.482;1,482;;
18/04/2026 00:00;1.488;1,488;;
18/04/2026 00:15;1.522;1,522;;
18/04/2026 00:30;1.469;1,469;;
18/04/2026 00:45;1.492;1,492;;
18/04/2026 01:00;1,49;1,49;;
18/04/2026 01:15;0,834;0,834;;
18/04/2026 01:30;0,101;0,101;;
18/04/2026 01:45;0,055;0,055;;
18/04/2026 02:00;0,067;0,067;;
18/04/2026 02:15;0,103;0,103;;
18/04/2026 02:30;0,112;0,112;;
18/04/2026 02:45;0,06;0,06;;
18/04/2026 03:00;0,05;0,05;;
18/04/2026 03:15;0,057;0,057;;
18/04/2026 03:30;0,073;0,073;;
18/04/2026 03:45;0,084;0,084;;
18/04/2026 04:00;0,048;0,048;;
18/04/2026 04:15;0,075;0,075;;
18/04/2026 04:30;0,067;0,067;;
18/04/2026 04:45;0,109;0,109;;
18/04/2026 05:00;0,097;0,097;;
18/04/2026 05:15;0,096;0,096;;
18/04/2026 05:30;0,079;0,079;;
18/04/2026 05:45;0,057;0,057;;
18/04/2026 06:00;0,048;0,048;;
18/04/2026 06:15;0,046;0,046;;
18/04/2026 06:30;0,063;0,063;;
18/04/2026 06:45;0,063;0,063;;
18/04/2026 07:00;0,075;0,075;;
18/04/2026 07:15;0,136;0,136;;
18/04/2026 07:30;0,113;0,113;;
18/04/2026 07:45;0,064;0,064;;
18/04/2026 08:00;0,051;0,051;;
18/04/2026 08:15;0,054;0,054;;
18/04/2026 08:30;0,059;0,059;;
18/04/2026 08:45;0,061;0,061;;
18/04/2026 09:00;0,067;0,067;;
18/04/2026 09:15;0,072;0,072;;
18/04/2026 09:30;0,781;0,781;;
18/04/2026 09:45;0,804;0,804;;
18/04/2026 10:00;0,746;0,746;;
18/04/2026 10:15;0,702;0,702;;
18/04/2026 10:30;0,698;0,698;;
18/04/2026 10:45;0,719;0,719;;
18/04/2026 11:00;0,693;0,693;;
18/04/2026 11:15;0,703;0,703;;
18/04/2026 11:30;0,798;0,798;;
18/04/2026 11:45;0,758;0,758;;
18/04/2026 12:00;0,73;0,73;;
18/04/2026 12:15;1.255;1,255;;
18/04/2026 12:30;1.279;1,279;;
18/04/2026 12:45;1.351;1,351;;
18/04/2026 13:00;1.166;1,166;;
18/04/2026 13:15;1.074;1,074;;
18/04/2026 13:30;0,781;0,781;;
18/04/2026 13:45;0,906;0,906;;
18/04/2026 14:00;1.142;1,142;;
18/04/2026 14:15;1.165;1,165;;
18/04/2026 14:30;1.092;1,092;;
18/04/2026 14:45;0,739;0,739;;
18/04/2026 15:00;0,72;0,72;;
18/04/2026 15:15;0,763;0,763;;
18/04/2026 15:30;0,78;0,78;;
18/04/2026 15:45;0,713;0,713;;
18/04/2026 16:00;0,74;0,74;;
18/04/2026 16:15;0,757;0,757;;
18/04/2026 16:30;0,782;0,782;;
18/04/2026 16:45;0,758;0,758;;
18/04/2026 17:00;0,714;0,714;;
18/04/2026 17:15;0,734;0,734;;
18/04/2026 17:30;0,886;0,886;;
18/04/2026 17:45;1.593;1,593;;
18/04/2026 18:00;1.493;1,493;;
18/04/2026 18:15;1.088;1,088;;
18/04/2026 18:30;0,98;0,98;;
18/04/2026 18:45;1.244;1,244;;
18/04/2026 19:00;1.339;1,339;;
18/04/2026 19:15;1.307;1,307;;
18/04/2026 19:30;1.501;1,501;;
18/04/2026 19:45;1.658;1,658;;
18/04/2026 20:00;1.667;1,667;;
18/04/2026 20:15;1.994;1,994;;
18/04/2026 20:30;2.233;2,233;;
18/04/2026 20:45;2.258;2,258;;
18/04/2026 21:00;2.221;2,221;;
18/04/2026 21:15;1.682;1,682;;
18/04/2026 21:30;1.634;1,634;;
18/04/2026 21:45;1,62;1,62;;
18/04/2026 22:00;1,63;1,63;;
18/04/2026 22:15;1.539;1,539;;
18/04/2026 22:30;0,669;0,669;;
18/04/2026 22:45;0,644;0,644;;
18/04/2026 23:00;0,655;0,655;;
18/04/2026 23:15;0,49;0,49;;
18/04/2026 23:30;0,111;0,111;;
18/04/2026 23:45;0,101;0,101;;
19/04/2026 00:00;0,133;0,133;;
19/04/2026 00:15;0,059;0,059;;
19/04/2026 00:30;0,053;0,053;;
19/04/2026 00:45;0,05;0,05;;
19/04/2026 01:00;0,056;0,056;;
19/04/2026 01:15;0,058;0,058;;
19/04/2026 01:30;0,052;0,052;;
19/04/2026 01:45;0,051;0,051;;
19/04/2026 02:00;0,09;0,09;;
19/04/2026 02:15;0,101;0,101;;
19/04/2026 02:30;0,051;0,051;;
19/04/2026 02:45;0,047;0,047;;
19/04/2026 03:00;0,049;0,049;;
19/04/2026 03:15;0,056;0,056;;
19/04/2026 03:30;0,098;0,098;;
19/04/2026 03:45;0,13;0,13;;
19/04/2026 04:00;0,098;0,098;;
19/04/2026 04:15;0,048;0,048;;
19/04/2026 04:30;0,05;0,05;;
19/04/2026 04:45;0,055;0,055;;
19/04/2026 05:00;0,056;0,056;;
19/04/2026 05:15;0,042;0,042;;
19/04/2026 05:30;0,04;0,04;;
19/04/2026 05:45;0,058;0,058;;
19/04/2026 06:00;0,048;0,048;;
19/04/2026 06:15;0,042;0,042;;
19/04/2026 06:30;0,046;0,046;;
19/04/2026 06:45;0,046;0,046;;
19/04/2026 07:00;0,047;0,047;;
19/04/2026 07:15;0,042;0,042;;
19/04/2026 07:30;0,046;0,046;;
19/04/2026 07:45;0,061;0,061;;
19/04/2026 08:00;0,047;0,047;;
19/04/2026 08:15;0,058;0,058;;
19/04/2026 08:30;0,099;0,099;;
19/04/2026 08:45;0,13;0,13;;
19/04/2026 09:00;0,112;0,112;;
19/04/2026 09:15;0,116;0,116;;
19/04/2026 09:30;0,088;0,088;;
19/04/2026 09:45;0,13;0,13;;
19/04/2026 10:00;0,196;0,196;;
19/04/2026 10:15;0,193;0,193;;
19/04/2026 10:30;0,127;0,127;;
19/04/2026 10:45;0,165;0,165;;
19/04/2026 11:00;0,151;0,151;;
19/04/2026 11:15;0,194;0,194;;
19/04/2026 11:30;0,131;0,131;;
19/04/2026 11:45;0,363;0,363;;
19/04/2026 12:00;1.207;1,207;;
19/04/2026 12:15;1.412;1,412;;
19/04/2026 12:30;1.667;1,667;;
19/04/2026 12:45;1.495;1,495;;
19/04/2026 13:00;0,856;0,856;;
19/04/2026 13:15;0,842;0,842;;
19/04/2026 13:30;0,749;0,749;;
19/04/2026 13:45;0,758;0,758;;
19/04/2026 14:00;0,818;0,818;;
19/04/2026 14:15;0,787;0,787;;
19/04/2026 14:30;1.593;1,593;;
19/04/2026 14:45;1.262;1,262;;
19/04/2026 15:00;1.533;1,533;;
19/04/2026 15:15;1,53;1,53;;
19/04/2026 15:30;0,907;0,907;;
19/04/2026 15:45;0,829;0,829;;
19/04/2026 16:00;0,926;0,926;;
19/04/2026 16:15;0,895;0,895;;
19/04/2026 16:30;0,802;0,802;;
19/04/2026 16:45;1.117;1,117;;
19/04/2026 17:00;1.047;1,047;;
19/04/2026 17:15;1.623;1,623;;
19/04/2026 17:30;0,891;0,891;;
19/04/2026 17:45;1.152;1,152;;
19/04/2026 18:00;1.578;1,578;;
19/04/2026 18:15;1.111;1,111;;
19/04/2026 18:30;0,773;0,773;;
19/04/2026 18:45;0,768;0,768;;
19/04/2026 19:00;0,742;0,742;;
19/04/2026 19:15;0,772;0,772;;
19/04/2026 19:30;0,721;0,721;;
19/04/2026 19:45;0,541;0,541;;
19/04/2026 20:00;0,369;0,369;;
19/04/2026 20:15;0,083;0,083;;
19/04/2026 20:30;0,08;0,08;;
19/04/2026 20:45;0,142;0,142;;
19/04/2026 21:00;0,137;0,137;;
19/04/2026 21:15;0,114;0,114;;
19/04/2026 21:30;0,104;0,104;;
19/04/2026 21:45;0,117;0,117;;
19/04/2026 22:00;0,092;0,092;;
19/04/2026 22:15;0,077;0,077;;
19/04/2026 22:30;0,104;0,104;;
19/04/2026 22:45;0,053;0,053;;
19/04/2026 23:00;0,054;0,054;;
19/04/2026 23:15;0,069;0,069;;
19/04/2026 23:30;0,055;0,055;;
19/04/2026 23:45;0,095;0,095;;
20/04/2026 00:00;0,052;0,052;;
20/04/2026 00:15;0,044;0,044;;
20/04/2026 00:30;0,065;0,065;;
20/04/2026 00:45;0,104;0,104;;
20/04/2026 01:00;0,05;0,05;;
20/04/2026 01:15;0,066;0,066;;
20/04/2026 01:30;0,052;0,052;;
20/04/2026 01:45;0,09;0,09;;
20/04/2026 02:00;0,078;0,078;;
20/04/2026 02:15;0,072;0,072;;
20/04/2026 02:30;0,044;0,044;;
20/04/2026 02:45;0,065;0,065;;
20/04/2026 03:00;0,082;0,082;;
20/04/2026 03:15;0,057;0,057;;
20/04/2026 03:30;0,041;0,041;;
20/04/2026 03:45;0,053;0,053;;
20/04/2026 04:00;0,088;0,088;;
20/04/2026 04:15;0,047;0,047;;
20/04/2026 04:30;0,041;0,041;;
20/04/2026 04:45;0,053;0,053;;
20/04/2026 05:00;0,057;0,057;;
20/04/2026 05:15;0,085;0,085;;
20/04/2026 05:30;0,075;0,075;;
20/04/2026 05:45;0,098;0,098;;
20/04/2026 06:00;0,095;0,095;;
20/04/2026 06:15;0,086;0,086;;
20/04/2026 06:30;0,072;0,072;;
20/04/2026 06:45;0,055;0,055;;
20/04/2026 07:00;0,049;0,049;;
20/04/2026 07:15;0,049;0,049;;
20/04/2026 07:30;0,073;0,073;;
20/04/2026 07:45;0,089;0,089;;
20/04/2026 08:00;0,046;0,046;;
20/04/2026 08:15;0,039;0,039;;
20/04/2026 08:30;0,045;0,045;;
20/04/2026 08:45;0,048;0,048;;
20/04/2026 09:00;0,044;0,044;;
20/04/2026 09:15;0,087;0,087;;
20/04/2026 09:30;0,067;0,067;;
20/04/2026 09:45;0,105;0,105;;
20/04/2026 10:00;0,125;0,125;;
20/04/2026 10:15;0,05;0,05;;
20/04/2026 10:30;0,092;0,092;;
20/04/2026 10:45;0,136;0,136;;
20/04/2026 11:00;0,054;0,054;;
20/04/2026 11:15;0,101;0,101;;
20/04/2026 11:30;0,149;0,149;;
20/04/2026 11:45;0,165;0,165;;
20/04/2026 12:00;0,119;0,119;;
20/04/2026 12:15;0,153;0,153;;
20/04/2026 12:30;0,164;0,164;;
20/04/2026 12:45;0,173;0,173;;
20/04/2026 13:00;0,117;0,117;;
20/04/2026 13:15;0,104;0,104;;
20/04/2026 13:30;0,126;0,126;;
20/04/2026 13:45;0,168;0,168;;
20/04/2026 14:00;0,148;0,148;;
20/04/2026 14:15;0,07;0,07;;
20/04/2026 14:30;0,088;0,088;;
20/04/2026 14:45;0,12;0,12;;
20/04/2026 15:00;0,127;0,127;;
20/04/2026 15:15;0,173;0,173;;
20/04/2026 15:30;0,169;0,169;;
20/04/2026 15:45;0,163;0,163;;
20/04/2026 16:00;0,114;0,114;;
20/04/2026 16:15;0,055;0,055;;
20/04/2026 16:30;0,085;0,085;;
20/04/2026 16:45;0,126;0,126;;
20/04/2026 17:00;0,164;0,164;;
20/04/2026 17:15;0,118;0,118;;
20/04/2026 17:30;0,123;0,123;;
20/04/2026 17:45;0,128;0,128;;
20/04/2026 18:00;0,094;0,094;;
20/04/2026 18:15;0,103;0,103;;
20/04/2026 18:30;0,113;0,113;;
20/04/2026 18:45;0,101;0,101;;
20/04/2026 19:00;0,088;0,088;;
20/04/2026 19:15;0,114;0,114;;
20/04/2026 19:30;0,134;0,134;;
20/04/2026 19:45;1.182;1,182;;
20/04/2026 20:00;1.408;1,408;;
20/04/2026 20:15;1.451;1,451;;
20/04/2026 20:30;1.485;1,485;;
20/04/2026 20:45;1.081;1,081;;
20/04/2026 21:00;1.042;1,042;;
20/04/2026 21:15;1.044;1,044;;
20/04/2026 21:30;0,883;0,883;;
20/04/2026 21:45;0,508;0,508;;
20/04/2026 22:00;0,433;0,433;;
20/04/2026 22:15;0,389;0,389;;
20/04/2026 22:30;0,377;0,377;;
20/04/2026 22:45;0,449;0,449;;
20/04/2026 23:00;0,381;0,381;;
20/04/2026 23:15;0,053;0,053;;
20/04/2026 23:30;0,054;0,054;;
20/04/2026 23:45;0,061;0,061;;
21/04/2026 00:00;0,123;0,123;;
21/04/2026 00:15;0,118;0,118;;
21/04/2026 00:30;0,046;0,046;;
21/04/2026 00:45;0,046;0,046;;
21/04/2026 01:00;0,043;0,043;;
21/04/2026 01:15;0,046;0,046;;
21/04/2026 01:30;0,046;0,046;;
21/04/2026 01:45;0,071;0,071;;
21/04/2026 02:00;0,052;0,052;;
21/04/2026 02:15;0,075;0,075;;
21/04/2026 02:30;0,155;0,155;;
21/04/2026 02:45;0,061;0,061;;
21/04/2026 03:00;0,041;0,041;;
21/04/2026 03:15;0,045;0,045;;
21/04/2026 03:30;0,047;0,047;;
21/04/2026 03:45;0,046;0,046;;
21/04/2026 04:00;0,044;0,044;;
21/04/2026 04:15;0,067;0,067;;
21/04/2026 04:30;0,076;0,076;;
21/04/2026 04:45;0,098;0,098;;
21/04/2026 05:00;0,095;0,095;;
21/04/2026 05:15;0,093;0,093;;
21/04/2026 05:30;0,043;0,043;;
21/04/2026 05:45;0,044;0,044;;
21/04/2026 06:00;0,044;0,044;;
21/04/2026 06:15;0,041;0,041;;
21/04/2026 06:30;0,052;0,052;;
21/04/2026 06:45;0,05;0,05;;
21/04/2026 07:00;0,045;0,045;;
21/04/2026 07:15;0,042;0,042;;
21/04/2026 07:30;0,043;0,043;;
21/04/2026 07:45;0,045;0,045;;
21/04/2026 08:00;0,045;0,045;;
21/04/2026 08:15;0,039;0,039;;
21/04/2026 08:30;0,049;0,049;;
21/04/2026 08:45;0,064;0,064;;
21/04/2026 09:00;0,055;0,055;;
21/04/2026 09:15;0,039;0,039;;
21/04/2026 09:30;0,044;0,044;;
21/04/2026 09:45;0,048;0,048;;
21/04/2026 10:00;0,042;0,042;;
21/04/2026 10:15;0,074;0,074;;
21/04/2026 10:30;0,611;0,611;;
21/04/2026 10:45;1.183;1,183;;
21/04/2026 11:00;1.154;1,154;;
21/04/2026 11:15;1.158;1,158;;
21/04/2026 11:30;1,02;1,02;;
21/04/2026 11:45;0,223;0,223;;
21/04/2026 12:00;0,261;0,261;;
21/04/2026 12:15;0,279;0,279;;
21/04/2026 12:30;0,246;0,246;;
21/04/2026 12:45;0,228;0,228;;
21/04/2026 13:00;0,065;0,065;;
21/04/2026 13:15;0,061;0,061;;
21/04/2026 13:30;0,111;0,111;;
21/04/2026 13:45;0,132;0,132;;
21/04/2026 14:00;0,103;0,103;;
21/04/2026 14:15;0,099;0,099;;
21/04/2026 14:30;0,057;0,057;;
21/04/2026 14:45;0,104;0,104;;
21/04/2026 15:00;0,101;0,101;;
21/04/2026 15:15;0,112;0,112;;
21/04/2026 15:30;0,109;0,109;;
21/04/2026 15:45;0,106;0,106;;
21/04/2026 16:00;0,085;0,085;;
21/04/2026 16:15;0,117;0,117;;
21/04/2026 16:30;0,108;0,108;;
21/04/2026 16:45;0,098;0,098;;
21/04/2026 17:00;0,077;0,077;;
21/04/2026 17:15;0,118;0,118;;
21/04/2026 17:30;0,119;0,119;;
21/04/2026 17:45;0,064;0,064;;
21/04/2026 18:00;0,111;0,111;;
21/04/2026 18:15;0,134;0,134;;
21/04/2026 18:30;0,315;0,315;;
21/04/2026 18:45;0,436;0,436;;
21/04/2026 19:00;0,479;0,479;;
21/04/2026 19:15;0,428;0,428;;
21/04/2026 19:30;0,379;0,379;;
21/04/2026 19:45;1.096;1,096;;
21/04/2026 20:00;1.454;1,454;;
21/04/2026 20:15;1.427;1,427;;
21/04/2026 20:30;1.385;1,385;;
21/04/2026 20:45;1,39;1,39;;
21/04/2026 21:00;1.423;1,423;;
21/04/2026 21:15;1.367;1,367;;
21/04/2026 21:30;1.155;1,155;;
21/04/2026 21:45;0,711;0,711;;
21/04/2026 22:00;0,712;0,712;;
21/04/2026 22:15;0,735;0,735;;
21/04/2026 22:30;0,816;0,816;;
21/04/2026 22:45;0,746;0,746;;
21/04/2026 23:00;0,715;0,715;;
21/04/2026 23:15;0,743;0,743;;
21/04/2026 23:30;0,523;0,523;;
21/04/2026 23:45;0,12;0,12;;
22/04/2026 00:00;0,051;0,051;;
22/04/2026 00:15;0,049;0,049;;
22/04/2026 00:30;0,055;0,055;;
22/04/2026 00:45;0,127;0,127;;
22/04/2026 01:00;0,094;0,094;;
22/04/2026 01:15;0,051;0,051;;
22/04/2026 01:30;0,052;0,052;;
22/04/2026 01:45;0,08;0,08;;
22/04/2026 02:00;0,073;0,073;;
22/04/2026 02:15;0,042;0,042;;
22/04/2026 02:30;0,063;0,063;;
22/04/2026 02:45;0,085;0,085;;
22/04/2026 03:00;0,079;0,079;;
22/04/2026 03:15;0,043;0,043;;
22/04/2026 03:30;0,062;0,062;;
22/04/2026 03:45;0,049;0,049;;
22/04/2026 04:00;0,039;0,039;;
22/04/2026 04:15;0,04;0,04;;
22/04/2026 04:30;0,051;0,051;;
22/04/2026 04:45;0,047;0,047;;
22/04/2026 05:00;0,038;0,038;;
22/04/2026 05:15;0,042;0,042;;
22/04/2026 05:30;0,052;0,052;;
22/04/2026 05:45;0,052;0,052;;
22/04/2026 06:00;0,08;0,08;;
22/04/2026 06:15;0,094;0,094;;
22/04/2026 06:30;0,102;0,102;;
22/04/2026 06:45;0,048;0,048;;
22/04/2026 07:00;0,048;0,048;;
22/04/2026 07:15;0,086;0,086;;
22/04/2026 07:30;0,098;0,098;;
22/04/2026 07:45;0,039;0,039;;
22/04/2026 08:00;0,048;0,048;;
22/04/2026 08:15;0,055;0,055;;
22/04/2026 08:30;0,048;0,048;;
22/04/2026 08:45;0,039;0,039;;
22/04/2026 09:00;0,068;0,068;;
22/04/2026 09:15;0,105;0,105;;
22/04/2026 09:30;0,102;0,102;;
22/04/2026 09:45;0,097;0,097;;
22/04/2026 10:00;0,085;0,085;;
22/04/2026 10:15;0,108;0,108;;
22/04/2026 10:30;0,111;0,111;;
22/04/2026 10:45;0,103;0,103;;
22/04/2026 11:00;0,102;0,102;;
22/04/2026 11:15;0,123;0,123;;
22/04/2026 11:30;0,125;0,125;;
22/04/2026 11:45;0,165;0,165;;
22/04/2026 12:00;0,163;0,163;;
22/04/2026 12:15;0,171;0,171;;
22/04/2026 12:30;0,128;0,128;;
22/04/2026 12:45;0,059;0,059;;
22/04/2026 13:00;0,131;0,131;;
22/04/2026 13:15;0,171;0,171;;
22/04/2026 13:30;0,172;0,172;;
22/04/2026 13:45;0,148;0,148;;
22/04/2026 14:00;0,11;0,11;;
22/04/2026 14:15;0,086;0,086;;
22/04/2026 14:30;0,154;0,154;;
22/04/2026 14:45;0,177;0,177;;
22/04/2026 15:00;0,139;0,139;;
22/04/2026 15:15;0,15;0,15;;
22/04/2026 15:30;0,112;0,112;;
22/04/2026 15:45;0,122;0,122;;
22/04/2026 16:00;0,139;0,139;;
22/04/2026 16:15;0,182;0,182;;
22/04/2026 16:30;0,169;0,169;;
22/04/2026 16:45;0,177;0,177;;
22/04/2026 17:00;0,15;0,15;;
22/04/2026 17:15;0,128;0,128;;
22/04/2026 17:30;0,145;0,145;;
22/04/2026 17:45;0,182;0,182;;
22/04/2026 18:00;0,188;0,188;;
22/04/2026 18:15;0,187;0,187;;
22/04/2026 18:30;0,185;0,185;;
22/04/2026 18:45;0,167;0,167;;
22/04/2026 19:00;0,115;0,115;;
22/04/2026 19:15;0,112;0,112;;
22/04/2026 19:30;0,104;0,104;;
22/04/2026 19:45;0,848;0,848;;
22/04/2026 20:00;1.423;1,423;;
22/04/2026 20:15;1.418;1,418;;
22/04/2026 20:30;1.432;1,432;;
22/04/2026 20:45;1.445;1,445;;
22/04/2026 21:00;1.454;1,454;;
22/04/2026 21:15;1.789;1,789;;
22/04/2026 21:30;1.314;1,314;;
22/04/2026 21:45;0,858;0,858;;
22/04/2026 22:00;0,806;0,806;;
22/04/2026 22:15;0,832;0,832;;
22/04/2026 22:30;0,834;0,834;;
22/04/2026 22:45;0,831;0,831;;
22/04/2026 23:00;0,632;0,632;;
22/04/2026 23:15;0,177;0,177;;
22/04/2026 23:30;0,176;0,176;;
22/04/2026 23:45;0,149;0,149;;
23/04/2026 00:00;0,118;0,118;;
23/04/2026 00:15;0,138;0,138;;
23/04/2026 00:30;0,125;0,125;;
23/04/2026 00:45;0,114;0,114;;
23/04/2026 01:00;0,095;0,095;;
23/04/2026 01:15;0,105;0,105;;
23/04/2026 01:30;0,102;0,102;;
23/04/2026 01:45;0,117;0,117;;
23/04/2026 02:00;0,095;0,095;;
23/04/2026 02:15;0,046;0,046;;
23/04/2026 02:30;0,094;0,094;;
23/04/2026 02:45;0,102;0,102;;
23/04/2026 03:00;0,067;0,067;;
23/04/2026 03:15;0,09;0,09;;
23/04/2026 03:30;0,079;0,079;;
23/04/2026 03:45;0,086;0,086;;
23/04/2026 04:00;0,044;0,044;;
23/04/2026 04:15;0,049;0,049;;
23/04/2026 04:30;0,053;0,053;;
23/04/2026 04:45;0,095;0,095;;
23/04/2026 05:00;0,058;0,058;;
23/04/2026 05:15;0,062;0,062;;
23/04/2026 05:30;0,127;0,127;;
23/04/2026 05:45;0,116;0,116;;
23/04/2026 06:00;0,045;0,045;;
23/04/2026 06:15;0,046;0,046;;
23/04/2026 06:30;0,044;0,044;;
23/04/2026 06:45;0,052;0,052;;
23/04/2026 07:00;0,084;0,084;;
23/04/2026 07:15;0,054;0,054;;
23/04/2026 07:30;0,048;0,048;;
23/04/2026 07:45;0,042;0,042;;
23/04/2026 08:00;0,043;0,043;;
23/04/2026 08:15;0,044;0,044;;
23/04/2026 08:30;0,043;0,043;;
23/04/2026 08:45;0,045;0,045;;
23/04/2026 09:00;0,12;0,12;;
23/04/2026 09:15;0,139;0,139;;
23/04/2026 09:30;0,081;0,081;;
23/04/2026 09:45;0,074;0,074;;
23/04/2026 10:00;0,146;0,146;;
23/04/2026 10:15;0,157;0,157;;
23/04/2026 10:30;0,111;0,111;;
23/04/2026 10:45;0,11;0,11;;
23/04/2026 11:00;0,124;0,124;;
23/04/2026 11:15;0,108;0,108;;
23/04/2026 11:30;0,131;0,131;;
23/04/2026 11:45;0,094;0,094;;
23/04/2026 12:00;0,11;0,11;;
23/04/2026 12:15;0,182;0,182;;
23/04/2026 12:30;0,173;0,173;;
23/04/2026 12:45;0,164;0,164;;
23/04/2026 13:00;0,174;0,174;;
23/04/2026 13:15;0,182;0,182;;
23/04/2026 13:30;0,177;0,177;;
23/04/2026 13:45;0,168;0,168;;
23/04/2026 14:00;0,139;0,139;;
23/04/2026 14:15;0,083;0,083;;
23/04/2026 14:30;0,155;0,155;;
23/04/2026 14:45;0,176;0,176;;
23/04/2026 15:00;0,174;0,174;;
23/04/2026 15:15;0,179;0,179;;
23/04/2026 15:30;0,179;0,179;;
23/04/2026 15:45;0,179;0,179;;
23/04/2026 16:00;0,186;0,186;;
23/04/2026 16:15;0,179;0,179;;
23/04/2026 16:30;0,143;0,143;;
23/04/2026 16:45;0,141;0,141;;
23/04/2026 17:00;0,189;0,189;;
23/04/2026 17:15;0,188;0,188;;
23/04/2026 17:30;0,175;0,175;;
23/04/2026 17:45;0,171;0,171;;
23/04/2026 18:00;0,188;0,188;;
23/04/2026 18:15;0,188;0,188;;
23/04/2026 18:30;0,119;0,119;;
23/04/2026 18:45;0,062;0,062;;
23/04/2026 19:00;0,129;0,129;;
23/04/2026 19:15;0,165;0,165;;
23/04/2026 19:30;0,129;0,129;;
23/04/2026 19:45;0,736;0,736;;
23/04/2026 20:00;1.481;1,481;;
23/04/2026 20:15;1.457;1,457;;
23/04/2026 20:30;1.369;1,369;;
23/04/2026 20:45;1.412;1,412;;
23/04/2026 21:00;1.423;1,423;;
23/04/2026 21:15;1.401;1,401;;
23/04/2026 21:30;1.693;1,693;;
23/04/2026 21:45;1.934;1,934;;
23/04/2026 22:00;1,88;1,88;;
23/04/2026 22:15;1.483;1,483;;
23/04/2026 22:30;0,757;0,757;;
23/04/2026 22:45;0,814;0,814;;
23/04/2026 23:00;0,642;0,642;;
23/04/2026 23:15;0,414;0,414;;
23/04/2026 23:30;0,802;0,802;;
23/04/2026 23:45;1.141;1,141;;
24/04/2026 00:00;1.141;1,141;;
24/04/2026 00:15;1.096;1,096;;
24/04/2026 00:30;0,175;0,175;;
24/04/2026 00:45;0,063;0,063;;
24/04/2026 01:00;0,053;0,053;;
24/04/2026 01:15;0,086;0,086;;
24/04/2026 01:30;0,087;0,087;;
24/04/2026 01:45;0,065;0,065;;
24/04/2026 02:00;0,053;0,053;;
24/04/2026 02:15;0,05;0,05;;
24/04/2026 02:30;0,11;0,11;;
24/04/2026 02:45;0,073;0,073;;
24/04/2026 03:00;0,044;0,044;;
24/04/2026 03:15;0,033;0,033;;
24/04/2026 03:30;0,042;0,042;;
24/04/2026 03:45;0,073;0,073;;
24/04/2026 04:00;0,09;0,09;;
24/04/2026 04:15;0,042;0,042;;
24/04/2026 04:30;0,033;0,033;;
24/04/2026 04:45;0,061;0,061;;
24/04/2026 05:00;0,088;0,088;;
24/04/2026 05:15;0,087;0,087;;
24/04/2026 05:30;0,066;0,066;;
24/04/2026 05:45;0,045;0,045;;
24/04/2026 06:00;0,037;0,037;;
24/04/2026 06:15;0,038;0,038;;
24/04/2026 06:30;0,048;0,048;;
24/04/2026 06:45;0,088;0,088;;
24/04/2026 07:00;0,081;0,081;;
24/04/2026 07:15;0,04;0,04;;
24/04/2026 07:30;0,047;0,047;;
24/04/2026 07:45;0,051;0,051;;
24/04/2026 08:00;0,052;0,052;;
24/04/2026 08:15;0,068;0,068;;
24/04/2026 08:30;0,084;0,084;;
24/04/2026 08:45;0,265;0,265;;
24/04/2026 09:00;0,426;0,426;;
24/04/2026 09:15;0,411;0,411;;
24/04/2026 09:30;0,415;0,415;;
24/04/2026 09:45;0,441;0,441;;
24/04/2026 10:00;0,44;0,44;;
24/04/2026 10:15;0,09;0,09;;
24/04/2026 10:30;0,12;0,12;;
24/04/2026 10:45;0,063;0,063;;
24/04/2026 11:00;0,039;0,039;;
24/04/2026 11:15;0,049;0,049;;
24/04/2026 11:30;0,124;0,124;;
24/04/2026 11:45;0,161;0,161;;
24/04/2026 12:00;0,127;0,127;;
24/04/2026 12:15;0,091;0,091;;
24/04/2026 12:30;0,047;0,047;;
24/04/2026 12:45;0,1;0,1;;
24/04/2026 13:00;0,243;0,243;;
24/04/2026 13:15;0,246;0,246;;
24/04/2026 13:30;0,175;0,175;;
24/04/2026 13:45;0,225;0,225;;
24/04/2026 14:00;0,279;0,279;;
24/04/2026 14:15;0,231;0,231;;
24/04/2026 14:30;0,158;0,158;;
24/04/2026 14:45;0,221;0,221;;
24/04/2026 15:00;0,191;0,191;;
24/04/2026 15:15;0,179;0,179;;
24/04/2026 15:30;0,18;0,18;;
24/04/2026 15:45;0,233;0,233;;
24/04/2026 16:00;0,191;0,191;;
24/04/2026 16:15;0,171;0,171;;
24/04/2026 16:30;0,259;0,259;;
24/04/2026 16:45;0,454;0,454;;
24/04/2026 17:00;0,429;0,429;;
24/04/2026 17:15;0,553;0,553;;
24/04/2026 17:30;0,514;0,514;;
24/04/2026 17:45;0,475;0,475;;
24/04/2026 18:00;0,528;0,528;;
24/04/2026 18:15;0,476;0,476;;
24/04/2026 18:30;0,51;0,51;;
24/04/2026 18:45;0,49;0,49;;
24/04/2026 19:00;0,526;0,526;;
24/04/2026 19:15;0,462;0,462;;
24/04/2026 19:30;0,42;0,42;;
24/04/2026 19:45;0,748;0,748;;
24/04/2026 20:00;1,53;1,53;;
24/04/2026 20:15;2.001;2,001;;
24/04/2026 20:30;2.239;2,239;;
24/04/2026 20:45;1.582;1,582;;
24/04/2026 21:00;1.657;1,657;;
24/04/2026 21:15;1.564;1,564;;
24/04/2026 21:30;1.605;1,605;;
24/04/2026 21:45;2.143;2,143;;
24/04/2026 22:00;2.553;2,553;;
24/04/2026 22:15;1.692;1,692;;
24/04/2026 22:30;1,17;1,17;;
24/04/2026 22:45;0,443;0,443;;
24/04/2026 23:00;0,42;0,42;;
24/04/2026 23:15;0,486;0,486;;
24/04/2026 23:30;0,396;0,396;;
24/04/2026 23:45;0,398;0,398;;
25/04/2026 00:00;0,394;0,394;;
25/04/2026 00:15;0,472;0,472;;
25/04/2026 00:30;0,133;0,133;;
25/04/2026 00:45;0,069;0,069;;
25/04/2026 01:00;0,08;0,08;;
25/04/2026 01:15;0,066;0,066;;
25/04/2026 01:30;0,134;0,134;;
25/04/2026 01:45;0,098;0,098;;
25/04/2026 02:00;0,084;0,084;;
25/04/2026 02:15;0,096;0,096;;
25/04/2026 02:30;0,065;0,065;;
25/04/2026 02:45;0,062;0,062;;
25/04/2026 03:00;0,058;0,058;;
25/04/2026 03:15;0,066;0,066;;
25/04/2026 03:30;0,075;0,075;;
25/04/2026 03:45;0,097;0,097;;
25/04/2026 04:00;0,106;0,106;;
25/04/2026 04:15;0,064;0,064;;
25/04/2026 04:30;0,057;0,057;;
25/04/2026 04:45;0,059;0,059;;
25/04/2026 05:00;0,05;0,05;;
25/04/2026 05:15;0,043;0,043;;
25/04/2026 05:30;0,041;0,041;;
25/04/2026 05:45;0,059;0,059;;
25/04/2026 06:00;0,047;0,047;;
25/04/2026 06:15;0,051;0,051;;
25/04/2026 06:30;0,074;0,074;;
25/04/2026 06:45;0,097;0,097;;
25/04/2026 07:00;0,069;0,069;;
25/04/2026 07:15;0,045;0,045;;
25/04/2026 07:30;0,046;0,046;;
25/04/2026 07:45;0,041;0,041;;
25/04/2026 08:00;0,049;0,049;;
25/04/2026 08:15;0,069;0,069;;
25/04/2026 08:30;0,08;0,08;;
25/04/2026 08:45;0,073;0,073;;
25/04/2026 09:00;0,043;0,043;;
25/04/2026 09:15;0,563;0,563;;
25/04/2026 09:30;0,694;0,694;;
25/04/2026 09:45;0,697;0,697;;
25/04/2026 10:00;0,71;0,71;;
25/04/2026 10:15;0,746;0,746;;
25/04/2026 10:30;0,833;0,833;;
25/04/2026 10:45;0,863;0,863;;
25/04/2026 11:00;0,912;0,912;;
25/04/2026 11:15;1.229;1,229;;
25/04/2026 11:30;1.503;1,503;;
25/04/2026 11:45;1;1;;
25/04/2026 12:00;1.063;1,063;;
25/04/2026 12:15;0,919;0,919;;
25/04/2026 12:30;0,862;0,862;;
25/04/2026 12:45;0,924;0,924;;
25/04/2026 13:00;1.716;1,716;;
25/04/2026 13:15;1,27;1,27;;
25/04/2026 13:30;0,889;0,889;;
25/04/2026 13:45;0,867;0,867;;
25/04/2026 14:00;0,828;0,828;;
25/04/2026 14:15;0,812;0,812;;
25/04/2026 14:30;0,8;0,8;;
25/04/2026 14:45;0,794;0,794;;
25/04/2026 15:00;0,762;0,762;;
25/04/2026 15:15;0,785;0,785;;
25/04/2026 15:30;0,856;0,856;;
25/04/2026 15:45;0,791;0,791;;
25/04/2026 16:00;1.088;1,088;;
25/04/2026 16:15;1.086;1,086;;
25/04/2026 16:30;0,827;0,827;;
25/04/2026 16:45;1,02;1,02;;
25/04/2026 17:00;1.484;1,484;;
25/04/2026 17:15;1.653;1,653;;
25/04/2026 17:30;1.264;1,264;;
25/04/2026 17:45;0,805;0,805;;
25/04/2026 18:00;1.688;1,688;;
25/04/2026 18:15;0,995;0,995;;
25/04/2026 18:30;1.027;1,027;;
25/04/2026 18:45;0,951;0,951;;
25/04/2026 19:00;1.035;1,035;;
25/04/2026 19:15;0,996;0,996;;
25/04/2026 19:30;0,984;0,984;;
25/04/2026 19:45;1.448;1,448;;
25/04/2026 20:00;1.458;1,458;;
25/04/2026 20:15;0,827;0,827;;
25/04/2026 20:30;0,738;0,738;;
25/04/2026 20:45;0,744;0,744;;
25/04/2026 21:00;0,781;0,781;;
25/04/2026 21:15;0,745;0,745;;
25/04/2026 21:30;0,697;0,697;;
25/04/2026 21:45;0,702;0,702;;
25/04/2026 22:00;0,153;0,153;;
25/04/2026 22:15;0,083;0,083;;
25/04/2026 22:30;0,113;0,113;;
25/04/2026 22:45;0,073;0,073;;
25/04/2026 23:00;0,034;0,034;;
25/04/2026 23:15;0,094;0,094;;
25/04/2026 23:30;0,202;0,202;;
25/04/2026 23:45;0,245;0,245;;
26/04/2026 00:00;0,224;0,224;;
26/04/2026 00:15;0,126;0,126;;
26/04/2026 00:30;0,056;0,056;;
26/04/2026 00:45;0,1;0,1;;
26/04/2026 01:00;0,108;0,108;;
26/04/2026 01:15;0,037;0,037;;
26/04/2026 01:30;0,045;0,045;;
26/04/2026 01:45;0,097;0,097;;
26/04/2026 02:00;0,078;0,078;;
26/04/2026 02:15;0,041;0,041;;
26/04/2026 02:30;0,092;0,092;;
26/04/2026 02:45;0,127;0,127;;
26/04/2026 03:00;0,07;0,07;;
26/04/2026 03:15;0,095;0,095;;
26/04/2026 03:30;0,048;0,048;;
26/04/2026 03:45;0,068;0,068;;
26/04/2026 04:00;0,052;0,052;;
26/04/2026 04:15;0,032;0,032;;
26/04/2026 04:30;0,041;0,041;;
26/04/2026 04:45;0,041;0,041;;
26/04/2026 05:00;0,033;0,033;;
26/04/2026 05:15;0,079;0,079;;
26/04/2026 05:30;0,078;0,078;;
26/04/2026 05:45;0,087;0,087;;
26/04/2026 06:00;0,043;0,043;;
26/04/2026 06:15;0,037;0,037;;
26/04/2026 06:30;0,034;0,034;;
26/04/2026 06:45;0,046;0,046;;
26/04/2026 07:00;0,051;0,051;;
26/04/2026 07:15;0,075;0,075;;
26/04/2026 07:30;0,052;0,052;;
26/04/2026 07:45;0,046;0,046;;
26/04/2026 08:00;0,034;0,034;;
26/04/2026 08:15;0,036;0,036;;
26/04/2026 08:30;0,033;0,033;;
26/04/2026 08:45;0,086;0,086;;
26/04/2026 09:00;0,125;0,125;;
26/04/2026 09:15;0,044;0,044;;
26/04/2026 09:30;0,102;0,102;;
26/04/2026 09:45;0,131;0,131;;
26/04/2026 10:00;0,174;0,174;;
26/04/2026 10:15;0,193;0,193;;
26/04/2026 10:30;0,219;0,219;;
26/04/2026 10:45;0,261;0,261;;
26/04/2026 11:00;0,213;0,213;;
26/04/2026 11:15;0,258;0,258;;
26/04/2026 11:30;1.121;1,121;;
26/04/2026 11:45;1.145;1,145;;
26/04/2026 12:00;0,403;0,403;;
26/04/2026 12:15;1.001;1,001;;
26/04/2026 12:30;0,487;0,487;;
26/04/2026 12:45;1.066;1,066;;
26/04/2026 13:00;0,173;0,173;;
26/04/2026 13:15;0,152;0,152;;
26/04/2026 13:30;0,105;0,105;;
26/04/2026 13:45;0,199;0,199;;
26/04/2026 14:00;0,744;0,744;;
26/04/2026 14:15;0,802;0,802;;
26/04/2026 14:30;0,8;0,8;;
26/04/2026 14:45;0,842;0,842;;
26/04/2026 15:00;0,836;0,836;;
26/04/2026 15:15;0,804;0,804;;
26/04/2026 15:30;0,869;0,869;;
26/04/2026 15:45;0,836;0,836;;
26/04/2026 16:00;0,807;0,807;;
26/04/2026 16:15;0,81;0,81;;
26/04/2026 16:30;1.643;1,643;;
26/04/2026 16:45;1.011;1,011;;
26/04/2026 17:00;0,926;0,926;;
26/04/2026 17:15;0,973;0,973;;
26/04/2026 17:30;1.381;1,381;;
26/04/2026 17:45;1.515;1,515;;
26/04/2026 18:00;0,82;0,82;;
26/04/2026 18:15;1.597;1,597;;
26/04/2026 18:30;1.548;1,548;;
26/04/2026 18:45;0,857;0,857;;
26/04/2026 19:00;0,85;0,85;;
26/04/2026 19:15;0,827;0,827;;
26/04/2026 19:30;0,836;0,836;;
26/04/2026 19:45;0,788;0,788;;
26/04/2026 20:00;0,814;0,814;;
26/04/2026 20:15;0,348;0,348;;
26/04/2026 20:30;0,13;0,13;;
26/04/2026 20:45;0,169;0,169;;
26/04/2026 21:00;0,106;0,106;;
26/04/2026 21:15;0,071;0,071;;
26/04/2026 21:30;0,109;0,109;;
26/04/2026 21:45;0,123;0,123;;
26/04/2026 22:00;0,121;0,121;;
26/04/2026 22:15;0,115;0,115;;
26/04/2026 22:30;0,083;0,083;;
26/04/2026 22:45;0,033;0,033;;
26/04/2026 23:00;0,12;0,12;;
26/04/2026 23:15;0,117;0,117;;
26/04/2026 23:30;0,041;0,041;;
26/04/2026 23:45;0,041;0,041;;
27/04/2026 00:00;0,103;0,103;;
27/04/2026 00:15;0,122;0,122;;
27/04/2026 00:30;0,05;0,05;;
27/04/2026 00:45;0,041;0,041;;
27/04/2026 01:00;0,07;0,07;;
27/04/2026 01:15;0,1;0,1;;
27/04/2026 01:30;0,074;0,074;;
27/04/2026 01:45;0,07;0,07;;
27/04/2026 02:00;0,068;0,068;;
27/04/2026 02:15;0,085;0,085;;
27/04/2026 02:30;0,042;0,042;;
27/04/2026 02:45;0,081;0,081;;
27/04/2026 03:00;0,075;0,075;;
27/04/2026 03:15;0,068;0,068;;
27/04/2026 03:30;0,041;0,041;;
27/04/2026 03:45;0,035;0,035;;
27/04/2026 04:00;0,043;0,043;;
27/04/2026 04:15;0,083;0,083;;
27/04/2026 04:30;0,052;0,052;;
27/04/2026 04:45;0,031;0,031;;
27/04/2026 05:00;0,036;0,036;;
27/04/2026 05:15;0,053;0,053;;
27/04/2026 05:30;0,08;0,08;;
27/04/2026 05:45;0,054;0,054;;
27/04/2026 06:00;0,031;0,031;;
27/04/2026 06:15;0,043;0,043;;
27/04/2026 06:30;0,04;0,04;;
27/04/2026 06:45;0,043;0,043;;
27/04/2026 07:00;0,095;0,095;;
27/04/2026 07:15;0,122;0,122;;
27/04/2026 07:30;0,091;0,091;;
27/04/2026 07:45;0,034;0,034;;
27/04/2026 08:00;0,039;0,039;;
27/04/2026 08:15;0,063;0,063;;
27/04/2026 08:30;0,065;0,065;;
27/04/2026 08:45;0,054;0,054;;
27/04/2026 09:00;0,087;0,087;;
27/04/2026 09:15;0,045;0,045;;
27/04/2026 09:30;0,088;0,088;;
27/04/2026 09:45;0,098;0,098;;
27/04/2026 10:00;0,106;0,106;;
27/04/2026 10:15;0,051;0,051;;
27/04/2026 10:30;0,039;0,039;;
27/04/2026 10:45;0,076;0,076;;
27/04/2026 11:00;0,145;0,145;;
27/04/2026 11:15;0,096;0,096;;
27/04/2026 11:30;0,059;0,059;;
27/04/2026 11:45;0,116;0,116;;
27/04/2026 12:00;0,155;0,155;;
27/04/2026 12:15;0,124;0,124;;
27/04/2026 12:30;0,096;0,096;;
27/04/2026 12:45;0,079;0,079;;
27/04/2026 13:00;0,122;0,122;;
27/04/2026 13:15;0,131;0,131;;
27/04/2026 13:30;0,108;0,108;;
27/04/2026 13:45;0,111;0,111;;
27/04/2026 14:00;0,109;0,109;;
27/04/2026 14:15;0,12;0,12;;
27/04/2026 14:30;0,171;0,171;;
27/04/2026 14:45;0,167;0,167;;
27/04/2026 15:00;0,133;0,133;;
27/04/2026 15:15;0,098;0,098;;
27/04/2026 15:30;0,168;0,168;;
27/04/2026 15:45;0,174;0,174;;
27/04/2026 16:00;0,114;0,114;;
27/04/2026 16:15;0,14;0,14;;
27/04/2026 16:30;0,176;0,176;;
27/04/2026 16:45;0,178;0,178;;
27/04/2026 17:00;0,17;0,17;;
27/04/2026 17:15;0,162;0,162;;
27/04/2026 17:30;0,173;0,173;;
27/04/2026 17:45;0,178;0,178;;
27/04/2026 18:00;0,173;0,173;;
27/04/2026 18:15;0,138;0,138;;
27/04/2026 18:30;0,076;0,076;;
27/04/2026 18:45;0,133;0,133;;
27/04/2026 19:00;0,175;0,175;;
27/04/2026 19:15;0,169;0,169;;
27/04/2026 19:30;0,17;0,17;;
27/04/2026 19:45;0,22;0,22;;
27/04/2026 20:00;1.509;1,509;;
27/04/2026 20:15;1.435;1,435;;
27/04/2026 20:30;1.442;1,442;;
27/04/2026 20:45;1.442;1,442;;
27/04/2026 21:00;1,49;1,49;;
27/04/2026 21:15;1,49;1,49;;
27/04/2026 21:30;1.388;1,388;;
27/04/2026 21:45;1.114;1,114;;
27/04/2026 22:00;0,958;0,958;;
27/04/2026 22:15;0,779;0,779;;
27/04/2026 22:30;0,812;0,812;;
27/04/2026 22:45;0,747;0,747;;
27/04/2026 23:00;0,47;0,47;;
27/04/2026 23:15;0,104;0,104;;
27/04/2026 23:30;0,142;0,142;;
27/04/2026 23:45;0,055;0,055;;
28/04/2026 00:00;0,05;0,05;;
28/04/2026 00:15;0,118;0,118;;
28/04/2026 00:30;0,082;0,082;;
28/04/2026 00:45;0,05;0,05;;
28/04/2026 01:00;0,102;0,102;;
28/04/2026 01:15;0,043;0,043;;
28/04/2026 01:30;0,068;0,068;;
28/04/2026 01:45;0,147;0,147;;
28/04/2026 02:00;0,082;0,082;;
28/04/2026 02:15;0,031;0,031;;
28/04/2026 02:30;0,054;0,054;;
28/04/2026 02:45;0,149;0,149;;
28/04/2026 03:00;0,06;0,06;;
28/04/2026 03:15;0,034;0,034;;
28/04/2026 03:30;0,051;0,051;;
28/04/2026 03:45;0,092;0,092;;
28/04/2026 04:00;0,151;0,151;;
28/04/2026 04:15;0,061;0,061;;
28/04/2026 04:30;0,036;0,036;;
28/04/2026 04:45;0,073;0,073;;
28/04/2026 05:00;0,097;0,097;;
28/04/2026 05:15;0,08;0,08;;
28/04/2026 05:30;0,034;0,034;;
28/04/2026 05:45;0,085;0,085;;
28/04/2026 06:00;0,074;0,074;;
28/04/2026 06:15;0,06;0,06;;
28/04/2026 06:30;0,073;0,073;;
28/04/2026 06:45;0,082;0,082;;
28/04/2026 07:00;0,061;0,061;;
28/04/2026 07:15;0,031;0,031;;
28/04/2026 07:30;0,033;0,033;;
28/04/2026 07:45;0,106;0,106;;
28/04/2026 08:00;0,064;0,064;;
28/04/2026 08:15;0,081;0,081;;
28/04/2026 08:30;0,09;0,09;;
28/04/2026 08:45;0,103;0,103;;
28/04/2026 09:00;0,086;0,086;;
28/04/2026 09:15;0,075;0,075;;
28/04/2026 09:30;0,07;0,07;;
28/04/2026 09:45;0,09;0,09;;
28/04/2026 10:00;0,101;0,101;;
28/04/2026 10:15;0,148;0,148;;
28/04/2026 10:30;0,245;0,245;;
28/04/2026 10:45;0,137;0,137;;
28/04/2026 11:00;0,171;0,171;;
28/04/2026 11:15;0,164;0,164;;
28/04/2026 11:30;0,428;0,428;;
28/04/2026 11:45;0,058;0,058;;
28/04/2026 12:00;0,07;0,07;;
28/04/2026 12:15;0,113;0,113;;
28/04/2026 12:30;0,12;0,12;;
28/04/2026 12:45;0,182;0,182;;
28/04/2026 13:00;0,129;0,129;;
28/04/2026 13:15;0,15;0,15;;
28/04/2026 13:30;0,156;0,156;;
28/04/2026 13:45;0,08;0,08;;
28/04/2026 14:00;0,049;0,049;;
28/04/2026 14:15;0,121;0,121;;
28/04/2026 14:30;0,163;0,163;;
28/04/2026 14:45;0,134;0,134;;
28/04/2026 15:00;0,045;0,045;;
28/04/2026 15:15;0,112;0,112;;
28/04/2026 15:30;0,136;0,136;;
28/04/2026 15:45;0,106;0,106;;
28/04/2026 16:00;0,135;0,135;;
28/04/2026 16:15;0,114;0,114;;
28/04/2026 16:30;0,105;0,105;;
28/04/2026 16:45;0,19;0,19;;
28/04/2026 17:00;0,448;0,448;;
28/04/2026 17:15;0,485;0,485;;
28/04/2026 17:30;0,442;0,442;;
28/04/2026 17:45;0,457;0,457;;
28/04/2026 18:00;0,501;0,501;;
28/04/2026 18:15;0,489;0,489;;
28/04/2026 18:30;0,483;0,483;;
28/04/2026 18:45;0,483;0,483;;
28/04/2026 19:00;0,438;0,438;;
28/04/2026 19:15;0,424;0,424;;
28/04/2026 19:30;0,478;0,478;;
28/04/2026 19:45;0,475;0,475;;
28/04/2026 20:00;1.169;1,169;;
28/04/2026 20:15;1.475;1,475;;
28/04/2026 20:30;1.436;1,436;;
28/04/2026 20:45;1.435;1,435;;
28/04/2026 21:00;1.384;1,384;;
28/04/2026 21:15;1.413;1,413;;
28/04/2026 21:30;1.339;1,339;;
28/04/2026 21:45;1,47;1,47;;
28/04/2026 22:00;1.429;1,429;;
28/04/2026 22:15;1,22;1,22;;
28/04/2026 22:30;1.195;1,195;;
28/04/2026 22:45;1.189;1,189;;
28/04/2026 23:00;0,208;0,208;;
28/04/2026 23:15;0,082;0,082;;
28/04/2026 23:30;0,073;0,073;;
28/04/2026 23:45;0,089;0,089;;
29/04/2026 00:00;0,084;0,084;;
29/04/2026 00:15;0,105;0,105;;
29/04/2026 00:30;0,057;0,057;;
29/04/2026 00:45;0,048;0,048;;
29/04/2026 01:00;0,123;0,123;;
29/04/2026 01:15;0,128;0,128;;
29/04/2026 01:30;0,035;0,035;;
29/04/2026 01:45;0,042;0,042;;
29/04/2026 02:00;0,094;0,094;;
29/04/2026 02:15;0,161;0,161;;
29/04/2026 02:30;0,041;0,041;;
29/04/2026 02:45;0,036;0,036;;
29/04/2026 03:00;0,078;0,078;;
29/04/2026 03:15;0,129;0,129;;
29/04/2026 03:30;0,074;0,074;;
29/04/2026 03:45;0,033;0,033;;
29/04/2026 04:00;0,062;0,062;;
29/04/2026 04:15;0,095;0,095;;
29/04/2026 04:30;0,032;0,032;;
29/04/2026 04:45;0,071;0,071;;
29/04/2026 05:00;0,082;0,082;;
29/04/2026 05:15;0,1;0,1;;
29/04/2026 05:30;0,052;0,052;;
29/04/2026 05:45;0,053;0,053;;
29/04/2026 06:00;0,084;0,084;;
29/04/2026 06:15;0,053;0,053;;
29/04/2026 06:30;0,069;0,069;;
29/04/2026 06:45;0,074;0,074;;
29/04/2026 07:00;0,042;0,042;;
29/04/2026 07:15;0,042;0,042;;
29/04/2026 07:30;0,046;0,046;;
29/04/2026 07:45;0,084;0,084;;
29/04/2026 08:00;0,109;0,109;;
29/04/2026 08:15;0,08;0,08;;
29/04/2026 08:30;0,039;0,039;;
29/04/2026 08:45;0,063;0,063;;
29/04/2026 09:00;0,092;0,092;;
29/04/2026 09:15;0,082;0,082;;
29/04/2026 09:30;0,104;0,104;;
29/04/2026 09:45;0,089;0,089;;
29/04/2026 10:00;0,134;0,134;;
29/04/2026 10:15;0,166;0,166;;
29/04/2026 10:30;0,116;0,116;;
29/04/2026 10:45;0,12;0,12;;
29/04/2026 11:00;0,162;0,162;;
29/04/2026 11:15;0,117;0,117;;
29/04/2026 11:30;0,11;0,11;;
29/04/2026 11:45;0,099;0,099;;
29/04/2026 12:00;0,127;0,127;;
29/04/2026 12:15;0,129;0,129;;
29/04/2026 12:30;0,173;0,173;;
29/04/2026 12:45;0,171;0,171;;
29/04/2026 13:00;0,17;0,17;;
29/04/2026 13:15;0,174;0,174;;
29/04/2026 13:30;0,173;0,173;;
29/04/2026 13:45;0,125;0,125;;
29/04/2026 14:00;0,094;0,094;;
29/04/2026 14:15;0,125;0,125;;
29/04/2026 14:30;0,125;0,125;;
29/04/2026 14:45;0,165;0,165;;
29/04/2026 15:00;0,153;0,153;;
29/04/2026 15:15;0,166;0,166;;
29/04/2026 15:30;0,206;0,206;;
29/04/2026 15:45;0,191;0,191;;
29/04/2026 16:00;0,194;0,194;;
29/04/2026 16:15;0,192;0,192;;
29/04/2026 16:30;0,182;0,182;;
29/04/2026 16:45;0,135;0,135;;
29/04/2026 17:00;0,136;0,136;;
29/04/2026 17:15;0,184;0,184;;
29/04/2026 17:30;0,179;0,179;;
29/04/2026 17:45;0,177;0,177;;
29/04/2026 18:00;0,177;0,177;;
29/04/2026 18:15;0,179;0,179;;
29/04/2026 18:30;0,182;0,182;;
29/04/2026 18:45;0,179;0,179;;
29/04/2026 19:00;0,165;0,165;;
29/04/2026 19:15;0,119;0,119;;
29/04/2026 19:30;0,116;0,116;;
29/04/2026 19:45;0,086;0,086;;
29/04/2026 20:00;0,697;0,697;;
29/04/2026 20:15;1.465;1,465;;
29/04/2026 20:30;1.401;1,401;;
29/04/2026 20:45;1,42;1,42;;
29/04/2026 21:00;1.408;1,408;;
29/04/2026 21:15;1.426;1,426;;
29/04/2026 21:30;1.313;1,313;;
29/04/2026 21:45;1.108;1,108;;
29/04/2026 22:00;1.125;1,125;;
29/04/2026 22:15;1.068;1,068;;
29/04/2026 22:30;1.104;1,104;;
29/04/2026 22:45;1.073;1,073;;
29/04/2026 23:00;0,777;0,777;;
29/04/2026 23:15;0,12;0,12;;
29/04/2026 23:30;0,116;0,116;;
29/04/2026 23:45;0,06;0,06;;
30/04/2026 00:00;0,064;0,064;;
30/04/2026 00:15;0,103;0,103;;
30/04/2026 00:30;0,129;0,129;;
30/04/2026 00:45;0,05;0,05;;
30/04/2026 01:00;0,054;0,054;;
30/04/2026 01:15;0,072;0,072;;
30/04/2026 01:30;0,076;0,076;;
30/04/2026 01:45;0,094;0,094;;
30/04/2026 02:00;0,082;0,082;;
30/04/2026 02:15;0,095;0,095;;
30/04/2026 02:30;0,062;0,062;;
30/04/2026 02:45;0,099;0,099;;
30/04/2026 03:00;0,062;0,062;;
30/04/2026 03:15;0,088;0,088;;
30/04/2026 03:30;0,057;0,057;;
30/04/2026 03:45;0,048;0,048;;
30/04/2026 04:00;0,055;0,055;;
30/04/2026 04:15;0,079;0,079;;
30/04/2026 04:30;0,061;0,061;;
30/04/2026 04:45;0,104;0,104;;
30/04/2026 05:00;0,149;0,149;;
30/04/2026 05:15;0,049;0,049;;
30/04/2026 05:30;0,039;0,039;;
30/04/2026 05:45;0,057;0,057;;
30/04/2026 06:00;0,095;0,095;;
30/04/2026 06:15;0,046;0,046;;
30/04/2026 06:30;0,039;0,039;;
30/04/2026 06:45;0,054;0,054;;
30/04/2026 07:00;0,102;0,102;;
30/04/2026 07:15;0,115;0,115;;
30/04/2026 07:30;0,073;0,073;;
30/04/2026 07:45;0,043;0,043;;
30/04/2026 08:00;0,054;0,054;;
30/04/2026 08:15;0,097;0,097;;
30/04/2026 08:30;0,039;0,039;;
30/04/2026 08:45;0,059;0,059;;
30/04/2026 09:00;0,091;0,091;;
30/04/2026 09:15;0,116;0,116;;
30/04/2026 09:30;0,149;0,149;;
30/04/2026 09:45;0,422;0,422;;
30/04/2026 10:00;0,446;0,446;;
30/04/2026 10:15;0,416;0,416;;
30/04/2026 10:30;0,425;0,425;;
30/04/2026 10:45;0,413;0,413;;
30/04/2026 11:00;0,444;0,444;;
30/04/2026 11:15;0,448;0,448;;
30/04/2026 11:30;0,434;0,434;;
30/04/2026 11:45;0,433;0,433;;
30/04/2026 12:00;0,424;0,424;;
30/04/2026 12:15;0,437;0,437;;
30/04/2026 12:30;0,444;0,444;;
30/04/2026 12:45;0,436;0,436;;
30/04/2026 13:00;0,419;0,419;;
30/04/2026 13:15;0,418;0,418;;
30/04/2026 13:30;0,439;0,439;;
30/04/2026 13:45;0,439;0,439;;
30/04/2026 14:00;0,49;0,49;;
30/04/2026 14:15;0,493;0,493;;
30/04/2026 14:30;0,508;0,508;;
30/04/2026 14:45;0,47;0,47;;
30/04/2026 15:00;0,47;0,47;;
30/04/2026 15:15;0,53;0,53;;
30/04/2026 15:30;0,523;0,523;;
30/04/2026 15:45;0,428;0,428;;
30/04/2026 16:00;0,444;0,444;;
30/04/2026 16:15;0,492;0,492;;
30/04/2026 16:30;0,494;0,494;;
30/04/2026 16:45;0,425;0,425;;
30/04/2026 17:00;0,448;0,448;;
30/04/2026 17:15;0,446;0,446;;
30/04/2026 17:30;0,445;0,445;;
30/04/2026 17:45;0,46;0,46;;
30/04/2026 18:00;0,394;0,394;;
30/04/2026 18:15;0,443;0,443;;
30/04/2026 18:30;0,464;0,464;;
30/04/2026 18:45;0,496;0,496;;
30/04/2026 19:00;0,504;0,504;;
30/04/2026 19:15;0,503;0,503;;
30/04/2026 19:30;0,459;0,459;;
30/04/2026 19:45;0,395;0,395;;
30/04/2026 20:00;1.039;1,039;;
30/04/2026 20:15;1.489;1,489;;
30/04/2026 20:30;1.391;1,391;;
30/04/2026 20:45;1.429;1,429;;
30/04/2026 21:00;1.456;1,456;;
30/04/2026 21:15;1.427;1,427;;
30/04/2026 21:30;1,27;1,27;;
30/04/2026 21:45;1.087;1,087;;
30/04/2026 22:00;1.108;1,108;;
30/04/2026 22:15;1.081;1,081;;
30/04/2026 22:30;0,892;0,892;;
30/04/2026 22:45;0,838;0,838;;
30/04/2026 23:00;0,648;0,648;;
30/04/2026 23:15;0,483;0,483;;
30/04/2026 23:30;0,537;0,537;;
30/04/2026 23:45;0,462;0,462;;
01/05/2026 00:00;0,425;0,425;;
01/05/2026 00:15;0,469;0,469;;
01/05/2026 00:30;0,502;0,502;;
01/05/2026 00:45;0,454;0,454;;
01/05/2026 01:00;0,497;0,497;;
01/05/2026 01:15;0,463;0,463;;
01/05/2026 01:30;0,496;0,496;;
01/05/2026 01:45;0,532;0,532;;
01/05/2026 02:00;0,462;0,462;;
01/05/2026 02:15;0,427;0,427;;
01/05/2026 02:30;0,51;0,51;;
01/05/2026 02:45;0,314;0,314;;
01/05/2026 03:00;0,085;0,085;;
01/05/2026 03:15;0,106;0,106;;
01/05/2026 03:30;0,06;0,06;;
01/05/2026 03:45;0,057;0,057;;
01/05/2026 04:00;0,145;0,145;;
01/05/2026 04:15;0,092;0,092;;
01/05/2026 04:30;0,048;0,048;;
01/05/2026 04:45;0,071;0,071;;
01/05/2026 05:00;0,117;0,117;;
01/05/2026 05:15;0,074;0,074;;
01/05/2026 05:30;0,049;0,049;;
01/05/2026 05:45;0,08;0,08;;
01/05/2026 06:00;0,07;0,07;;
01/05/2026 06:15;0,071;0,071;;
01/05/2026 06:30;0,091;0,091;;
01/05/2026 06:45;0,074;0,074;;
01/05/2026 07:00;0,06;0,06;;
01/05/2026 07:15;0,059;0,059;;
01/05/2026 07:30;0,068;0,068;;
01/05/2026 07:45;0,103;0,103;;
01/05/2026 08:00;0,083;0,083;;
01/05/2026 08:15;0,053;0,053;;
01/05/2026 08:30;0,08;0,08;;
01/05/2026 08:45;0,116;0,116;;
01/05/2026 09:00;0,099;0,099;;
01/05/2026 09:15;0,064;0,064;;
01/05/2026 09:30;0,107;0,107;;
01/05/2026 09:45;0,105;0,105;;
01/05/2026 10:00;0,134;0,134;;
01/05/2026 10:15;0,171;0,171;;
01/05/2026 10:30;0,14;0,14;;
01/05/2026 10:45;0,114;0,114;;
01/05/2026 11:00;0,123;0,123;;
01/05/2026 11:15;0,167;0,167;;
01/05/2026 11:30;0,102;0,102;;
01/05/2026 11:45;0,077;0,077;;
01/05/2026 12:00;0,156;0,156;;
01/05/2026 12:15;0,155;0,155;;
01/05/2026 12:30;0,098;0,098;;
01/05/2026 12:45;0,084;0,084;;
01/05/2026 13:00;0,121;0,121;;
01/05/2026 13:15;0,149;0,149;;
01/05/2026 13:30;0,125;0,125;;
01/05/2026 13:45;0,125;0,125;;
01/05/2026 14:00;0,097;0,097;;
01/05/2026 14:15;0,124;0,124;;
01/05/2026 14:30;0,156;0,156;;
01/05/2026 14:45;0,106;0,106;;
01/05/2026 15:00;0,151;0,151;;
01/05/2026 15:15;0,098;0,098;;
01/05/2026 15:30;0,126;0,126;;
01/05/2026 15:45;0,179;0,179;;
01/05/2026 16:00;0,165;0,165;;
01/05/2026 16:15;0,275;0,275;;
01/05/2026 16:30;0,346;0,346;;
01/05/2026 16:45;0,363;0,363;;
01/05/2026 17:00;0,36;0,36;;
01/05/2026 17:15;0,312;0,312;;
01/05/2026 17:30;0,297;0,297;;
01/05/2026 17:45;0,263;0,263;;
01/05/2026 18:00;0,324;0,324;;
01/05/2026 18:15;0,245;0,245;;
01/05/2026 18:30;0,325;0,325;;
01/05/2026 18:45;0,291;0,291;;
01/05/2026 19:00;0,324;0,324;;
01/05/2026 19:15;0,301;0,301;;
01/05/2026 19:30;0,321;0,321;;
01/05/2026 19:45;0,272;0,272;;
01/05/2026 20:00;0,899;0,899;;
01/05/2026 20:15;1.578;1,578;;
01/05/2026 20:30;1,51;1,51;;
01/05/2026 20:45;1.524;1,524;;
01/05/2026 21:00;2.025;2,025;;
01/05/2026 21:15;1.545;1,545;;
01/05/2026 21:30;2.465;2,465;;
01/05/2026 21:45;2.346;2,346;;
01/05/2026 22:00;1.397;1,397;;
01/05/2026 22:15;0,719;0,719;;
01/05/2026 22:30;0,596;0,596;;
01/05/2026 22:45;0,641;0,641;;
01/05/2026 23:00;0,537;0,537;;
01/05/2026 23:15;0,548;0,548;;
01/05/2026 23:30;0,278;0,278;;
01/05/2026 23:45;0,14;0,14;;
02/05/2026 00:00;0,064;0,064;;
02/05/2026 00:15;0,059;0,059;;
02/05/2026 00:30;0,086;0,086;;
02/05/2026 00:45;0,098;0,098;;
02/05/2026 01:00;0,121;0,121;;
02/05/2026 01:15;0,066;0,066;;
02/05/2026 01:30;0,1;0,1;;
02/05/2026 01:45;0,064;0,064;;
02/05/2026 02:00;0,062;0,062;;
02/05/2026 02:15;0,12;0,12;;
02/05/2026 02:30;0,084;0,084;;
02/05/2026 02:45;0,049;0,049;;
02/05/2026 03:00;0,062;0,062;;
02/05/2026 03:15;0,13;0,13;;
02/05/2026 03:30;0,085;0,085;;
02/05/2026 03:45;0,045;0,045;;
02/05/2026 04:00;0,055;0,055;;
02/05/2026 04:15;0,094;0,094;;
02/05/2026 04:30;0,059;0,059;;
02/05/2026 04:45;0,088;0,088;;
02/05/2026 05:00;0,07;0,07;;
02/05/2026 05:15;0,119;0,119;;
02/05/2026 05:30;0,063;0,063;;
02/05/2026 05:45;0,115;0,115;;
02/05/2026 06:00;0,092;0,092;;
02/05/2026 06:15;0,051;0,051;;
02/05/2026 06:30;0,054;0,054;;
02/05/2026 06:45;0,08;0,08;;
02/05/2026 07:00;0,066;0,066;;
02/05/2026 07:15;0,105;0,105;;
02/05/2026 07:30;0,063;0,063;;
02/05/2026 07:45;0,095;0,095;;
02/05/2026 08:00;0,096;0,096;;
02/05/2026 08:15;0,063;0,063;;
02/05/2026 08:30;0,069;0,069;;
02/05/2026 08:45;0,085;0,085;;
02/05/2026 09:00;0,093;0,093;;
02/05/2026 09:15;0,141;0,141;;
02/05/2026 09:30;0,114;0,114;;
02/05/2026 09:45;0,074;0,074;;
02/05/2026 10:00;0,089;0,089;;
02/05/2026 10:15;0,147;0,147;;
02/05/2026 10:30;0,397;0,397;;
02/05/2026 10:45;0,498;0,498;;
02/05/2026 11:00;0,451;0,451;;
02/05/2026 11:15;0,408;0,408;;
02/05/2026 11:30;0,429;0,429;;
02/05/2026 11:45;0,522;0,522;;
02/05/2026 12:00;0,625;0,625;;
02/05/2026 12:15;0,583;0,583;;
02/05/2026 12:30;0,606;0,606;;
02/05/2026 12:45;0,607;0,607;;
02/05/2026 13:00;0,637;0,637;;
02/05/2026 13:15;0,659;0,659;;
02/05/2026 13:30;0,998;0,998;;
02/05/2026 13:45;0,928;0,928;;
02/05/2026 14:00;0,374;0,374;;
02/05/2026 14:15;0,399;0,399;;
02/05/2026 14:30;0,251;0,251;;
02/05/2026 14:45;0,279;0,279;;
02/05/2026 15:00;0,34;0,34;;
02/05/2026 15:15;0,275;0,275;;
02/05/2026 15:30;0,268;0,268;;
02/05/2026 15:45;0,607;0,607;;
02/05/2026 16:00;0,868;0,868;;
02/05/2026 16:15;1.222;1,222;;
02/05/2026 16:30;1.172;1,172;;
02/05/2026 16:45;1.459;1,459;;
02/05/2026 17:00;1.034;1,034;;
02/05/2026 17:15;0,88;0,88;;
02/05/2026 17:30;0,834;0,834;;
02/05/2026 17:45;0,822;0,822;;
02/05/2026 18:00;0,855;0,855;;
02/05/2026 18:15;0,846;0,846;;
02/05/2026 18:30;0,79;0,79;;
02/05/2026 18:45;0,842;0,842;;
02/05/2026 19:00;0,77;0,77;;
02/05/2026 19:15;0,826;0,826;;
02/05/2026 19:30;0,823;0,823;;
02/05/2026 19:45;0,813;0,813;;
02/05/2026 20:00;0,75;0,75;;
02/05/2026 20:15;0,813;0,813;;
02/05/2026 20:30;0,776;0,776;;
02/05/2026 20:45;1.411;1,411;;
02/05/2026 21:00;1.447;1,447;;
02/05/2026 21:15;1.116;1,116;;
02/05/2026 21:30;0,801;0,801;;
02/05/2026 21:45;0,813;0,813;;
02/05/2026 22:00;0,759;0,759;;
02/05/2026 22:15;0,741;0,741;;
02/05/2026 22:30;0,8;0,8;;
02/05/2026 22:45;0,346;0,346;;
02/05/2026 23:00;0,104;0,104;;
02/05/2026 23:15;0,085;0,085;;
02/05/2026 23:30;0,063;0,063;;
02/05/2026 23:45;0,099;0,099;;
03/05/2026 00:00;0,135;0,135;;
03/05/2026 00:15;0,075;0,075;;
03/05/2026 00:30;0,048;0,048;;
03/05/2026 00:45;0,115;0,115;;
03/05/2026 01:00;0,094;0,094;;
03/05/2026 01:15;0,042;0,042;;
03/05/2026 01:30;0,086;0,086;;
03/05/2026 01:45;0,121;0,121;;
03/05/2026 02:00;0,062;0,062;;
03/05/2026 02:15;0,06;0,06;;
03/05/2026 02:30;0,118;0,118;;
03/05/2026 02:45;0,089;0,089;;
03/05/2026 03:00;0,046;0,046;;
03/05/2026 03:15;0,091;0,091;;
03/05/2026 03:30;0,095;0,095;;
03/05/2026 03:45;0,058;0,058;;
03/05/2026 04:00;0,104;0,104;;
03/05/2026 04:15;0,105;0,105;;
03/05/2026 04:30;0,086;0,086;;
03/05/2026 04:45;0,092;0,092;;
03/05/2026 05:00;0,095;0,095;;
03/05/2026 05:15;0,145;0,145;;
03/05/2026 05:30;0,104;0,104;;
03/05/2026 05:45;0,058;0,058;;
03/05/2026 06:00;0,081;0,081;;
03/05/2026 06:15;0,127;0,127;;
03/05/2026 06:30;0,051;0,051;;
03/05/2026 06:45;0,056;0,056;;
03/05/2026 07:00;0,128;0,128;;
03/05/2026 07:15;0,078;0,078;;
03/05/2026 07:30;0,049;0,049;;
03/05/2026 07:45;0,082;0,082;;
03/05/2026 08:00;0,121;0,121;;
03/05/2026 08:15;0,083;0,083;;
03/05/2026 08:30;0,102;0,102;;
03/05/2026 08:45;0,134;0,134;;
03/05/2026 09:00;0,72;0,72;;
03/05/2026 09:15;0,724;0,724;;
03/05/2026 09:30;0,734;0,734;;
03/05/2026 09:45;0,724;0,724;;
03/05/2026 10:00;0,759;0,759;;
03/05/2026 10:15;0,724;0,724;;
03/05/2026 10:30;0,685;0,685;;
03/05/2026 10:45;0,756;0,756;;
03/05/2026 11:00;0,898;0,898;;
03/05/2026 11:15;1.248;1,248;;
03/05/2026 11:30;1,28;1,28;;
03/05/2026 11:45;1.744;1,744;;
03/05/2026 12:00;1.012;1,012;;
03/05/2026 12:15;0,833;0,833;;
03/05/2026 12:30;0,883;0,883;;
03/05/2026 12:45;0,76;0,76;;
03/05/2026 13:00;0,827;0,827;;
03/05/2026 13:15;0,858;0,858;;
03/05/2026 13:30;0,845;0,845;;
03/05/2026 13:45;0,824;0,824;;
03/05/2026 14:00;0,852;0,852;;
03/05/2026 14:15;0,845;0,845;;
03/05/2026 14:30;0,817;0,817;;
03/05/2026 14:45;0,85;0,85;;
03/05/2026 15:00;1.273;1,273;;
03/05/2026 15:15;0,842;0,842;;
03/05/2026 15:30;0,829;0,829;;
03/05/2026 15:45;1.122;1,122;;
03/05/2026 16:00;1.076;1,076;;
03/05/2026 16:15;0,801;0,801;;
03/05/2026 16:30;0,853;0,853;;
03/05/2026 16:45;0,825;0,825;;
03/05/2026 17:00;0,745;0,745;;
03/05/2026 17:15;0,76;0,76;;
03/05/2026 17:30;0,855;0,855;;
03/05/2026 17:45;1,6;1,6;;
03/05/2026 18:00;1.502;1,502;;
03/05/2026 18:15;2.019;2,019;;
03/05/2026 18:30;2.022;2,022;;
03/05/2026 18:45;1.893;1,893;;
03/05/2026 19:00;1.522;1,522;;
03/05/2026 19:15;1.508;1,508;;
03/05/2026 19:30;1,6;1,6;;
03/05/2026 19:45;1.539;1,539;;
03/05/2026 20:00;1.445;1,445;;
03/05/2026 20:15;1.167;1,167;;
03/05/2026 20:30;1.218;1,218;;
03/05/2026 20:45;1.155;1,155;;
03/05/2026 21:00;1.195;1,195;;
03/05/2026 21:15;1.538;1,538;;
03/05/2026 21:30;1.105;1,105;;
03/05/2026 21:45;1.381;1,381;;
03/05/2026 22:00;1.236;1,236;;
03/05/2026 22:15;0,759;0,759;;
03/05/2026 22:30;0,702;0,702;;
03/05/2026 22:45;0,774;0,774;;
03/05/2026 23:00;0,607;0,607;;
03/05/2026 23:15;0,049;0,049;;
03/05/2026 23:30;0,048;0,048;;
03/05/2026 23:45;0,112;0,112;;
04/05/2026 00:00;0,104;0,104;;
04/05/2026 00:15;0,045;0,045;;
04/05/2026 00:30;0,082;0,082;;
04/05/2026 00:45;0,073;0,073;;
04/05/2026 01:00;0,062;0,062;;
04/05/2026 01:15;0,074;0,074;;
04/05/2026 01:30;0,06;0,06;;
04/05/2026 01:45;0,085;0,085;;
04/05/2026 02:00;0,075;0,075;;
04/05/2026 02:15;0,116;0,116;;
04/05/2026 02:30;0,044;0,044;;
04/05/2026 02:45;0,039;0,039;;
04/05/2026 03:00;0,102;0,102;;
04/05/2026 03:15;0,061;0,061;;
04/05/2026 03:30;0,032;0,032;;
04/05/2026 03:45;0,076;0,076;;
04/05/2026 04:00;0,083;0,083;;
04/05/2026 04:15;0,045;0,045;;
04/05/2026 04:30;0,089;0,089;;
04/05/2026 04:45;0,083;0,083;;
04/05/2026 05:00;0,032;0,032;;
04/05/2026 05:15;0,075;0,075;;
04/05/2026 05:30;0,117;0,117;;
04/05/2026 05:45;0,049;0,049;;
04/05/2026 06:00;0,04;0,04;;
04/05/2026 06:15;0,049;0,049;;
04/05/2026 06:30;0,09;0,09;;
04/05/2026 06:45;0,083;0,083;;
04/05/2026 07:00;0,086;0,086;;
04/05/2026 07:15;0,039;0,039;;
04/05/2026 07:30;0,085;0,085;;
04/05/2026 07:45;0,049;0,049;;
04/05/2026 08:00;0,07;0,07;;
04/05/2026 08:15;0,124;0,124;;
04/05/2026 08:30;0,076;0,076;;
04/05/2026 08:45;0,072;0,072;;
04/05/2026 09:00;0,078;0,078;;
04/05/2026 09:15;0,12;0,12;;
04/05/2026 09:30;0,048;0,048;;
04/05/2026 09:45;0,054;0,054;;
04/05/2026 10:00;0,098;0,098;;
04/05/2026 10:15;0,061;0,061;;
04/05/2026 10:30;0,044;0,044;;
04/05/2026 10:45;0,061;0,061;;
04/05/2026 11:00;0,106;0,106;;
04/05/2026 11:15;0,097;0,097;;
04/05/2026 11:30;0,086;0,086;;
04/05/2026 11:45;0,062;0,062;;
04/05/2026 12:00;0,091;0,091;;
04/05/2026 12:15;0,101;0,101;;
04/05/2026 12:30;0,043;0,043;;
04/05/2026 12:45;0,084;0,084;;
04/05/2026 13:00;0,135;0,135;;
04/05/2026 13:15;0,031;0,031;;
04/05/2026 13:30;0,084;0,084;;
04/05/2026 13:45;0,105;0,105;;
04/05/2026 14:00;0,101;0,101;;
04/05/2026 14:15;0,146;0,146;;
04/05/2026 14:30;0,112;0,112;;
04/05/2026 14:45;0,078;0,078;;
04/05/2026 15:00;0,111;0,111;;
04/05/2026 15:15;0,08;0,08;;
04/05/2026 15:30;0,103;0,103;;
04/05/2026 15:45;0,151;0,151;;
04/05/2026 16:00;0,114;0,114;;
04/05/2026 16:15;0,154;0,154;;
04/05/2026 16:30;0,148;0,148;;
04/05/2026 16:45;0,105;0,105;;
04/05/2026 17:00;0,115;0,115;;
04/05/2026 17:15;0,134;0,134;;
04/05/2026 17:30;0,099;0,099;;
04/05/2026 17:45;0,149;0,149;;
04/05/2026 18:00;0,159;0,159;;
04/05/2026 18:15;0,088;0,088;;
04/05/2026 18:30;0,108;0,108;;
04/05/2026 18:45;0,155;0,155;;
04/05/2026 19:00;0,099;0,099;;
04/05/2026 19:15;0,137;0,137;;
04/05/2026 19:30;0,101;0,101;;
04/05/2026 19:45;0,064;0,064;;
04/05/2026 20:00;1.267;1,267;;
04/05/2026 20:15;1.438;1,438;;
04/05/2026 20:30;1.414;1,414;;
04/05/2026 20:45;1.405;1,405;;
04/05/2026 21:00;1.465;1,465;;
04/05/2026 21:15;1.385;1,385;;
04/05/2026 21:30;1.439;1,439;;
04/05/2026 21:45;1.432;1,432;;
04/05/2026 22:00;1.379;1,379;;
04/05/2026 22:15;1.424;1,424;;
04/05/2026 22:30;1.425;1,425;;
04/05/2026 22:45;1.397;1,397;;
04/05/2026 23:00;1.255;1,255;;
04/05/2026 23:15;0,41;0,41;;
04/05/2026 23:30;0,057;0,057;;
04/05/2026 23:45;0,128;0,128;;
05/05/2026 00:00;0,053;0,053;;
05/05/2026 00:15;0,083;0,083;;
05/05/2026 00:30;0,12;0,12;;
05/05/2026 00:45;0,053;0,053;;
05/05/2026 01:00;0,1;0,1;;
05/05/2026 01:15;0,085;0,085;;
05/05/2026 01:30;0,085;0,085;;
05/05/2026 01:45;0,089;0,089;;
05/05/2026 02:00;0,077;0,077;;
05/05/2026 02:15;0,061;0,061;;
05/05/2026 02:30;0,092;0,092;;
05/05/2026 02:45;0,083;0,083;;
05/05/2026 03:00;0,05;0,05;;
05/05/2026 03:15;0,115;0,115;;
05/05/2026 03:30;0,047;0,047;;
05/05/2026 03:45;0,096;0,096;;
05/05/2026 04:00;0,1;0,1;;
05/05/2026 04:15;0,027;0,027;;
05/05/2026 04:30;0,082;0,082;;
05/05/2026 04:45;0,071;0,071;;
05/05/2026 05:00;0,123;0,123;;
05/05/2026 05:15;0,044;0,044;;
05/05/2026 05:30;0,034;0,034;;
05/05/2026 05:45;0,132;0,132;;
05/05/2026 06:00;0,059;0,059;;
05/05/2026 06:15;0,062;0,062;;
05/05/2026 06:30;0,085;0,085;;
05/05/2026 06:45;0,073;0,073;;
05/05/2026 07:00;0,041;0,041;;
05/05/2026 07:15;0,082;0,082;;
05/05/2026 07:30;0,079;0,079;;
05/05/2026 07:45;0,032;0,032;;
05/05/2026 08:00;0,085;0,085;;
05/05/2026 08:15;0,052;0,052;;
05/05/2026 08:30;0,087;0,087;;
05/05/2026 08:45;1.082;1,082;;
05/05/2026 09:00;1.471;1,471;;
05/05/2026 09:15;2.412;2,412;;
05/05/2026 09:30;2.424;2,424;;
05/05/2026 09:45;2,39;2,39;;
05/05/2026 10:00;2.389;2,389;;
05/05/2026 10:15;2.456;2,456;;
05/05/2026 10:30;2.409;2,409;;
05/05/2026 10:45;2.435;2,435;;
05/05/2026 11:00;2,43;2,43;;
05/05/2026 11:15;2.435;2,435;;
05/05/2026 11:30;2.372;2,372;;
05/05/2026 11:45;2,41;2,41;;
05/05/2026 12:00;2.417;2,417;;
05/05/2026 12:15;2.415;2,415;;
05/05/2026 12:30;2.389;2,389;;
05/05/2026 12:45;2.395;2,395;;
05/05/2026 13:00;2.433;2,433;;
05/05/2026 13:15;2.405;2,405;;
05/05/2026 13:30;2,37;2,37;;
05/05/2026 13:45;2.328;2,328;;
05/05/2026 14:00;2.263;2,263;;
05/05/2026 14:15;1.621;1,621;;
05/05/2026 14:30;0,782;0,782;;
05/05/2026 14:45;0,072;0,072;;
05/05/2026 15:00;0,07;0,07;;
05/05/2026 15:15;0,05;0,05;;
05/05/2026 15:30;0,119;0,119;;
05/05/2026 15:45;0,034;0,034;;
05/05/2026 16:00;0,036;0,036;;
05/05/2026 16:15;0,104;0,104;;
05/05/2026 16:30;0,05;0,05;;
05/05/2026 16:45;0,055;0,055;;
05/05/2026 17:00;0,085;0,085;;
05/05/2026 17:15;0,052;0,052;;
05/05/2026 17:30;0,052;0,052;;
05/05/2026 17:45;0,091;0,091;;
05/05/2026 18:00;0,049;0,049;;
05/05/2026 18:15;0,087;0,087;;
05/05/2026 18:30;0,36;0,36;;
05/05/2026 18:45;0,661;0,661;;
05/05/2026 19:00;0,691;0,691;;
05/05/2026 19:15;0,72;0,72;;
05/05/2026 19:30;0,983;0,983;;
05/05/2026 19:45;1;1;;
05/05/2026 20:00;1,12;1,12;;
05/05/2026 20:15;1.339;1,339;;
05/05/2026 20:30;1.297;1,297;;
05/05/2026 20:45;1.372;1,372;;
05/05/2026 21:00;1.328;1,328;;
05/05/2026 21:15;1.303;1,303;;
05/05/2026 21:30;1.281;1,281;;
05/05/2026 21:45;0,999;0,999;;
05/05/2026 22:00;1.026;1,026;;
05/05/2026 22:15;1.151;1,151;;
05/05/2026 22:30;1.095;1,095;;
05/05/2026 22:45;1.127;1,127;;
05/05/2026 23:00;1.112;1,112;;
05/05/2026 23:15;0,983;0,983;;
05/05/2026 23:30;1.044;1,044;;
05/05/2026 23:45;1.022;1,022;;
06/05/2026 00:00;1.006;1,006;;
06/05/2026 00:15;0,825;0,825;;
06/05/2026 00:30;0,082;0,082;;
06/05/2026 00:45;0,079;0,079;;
06/05/2026 01:00;0,044;0,044;;
06/05/2026 01:15;0,108;0,108;;
06/05/2026 01:30;0,044;0,044;;
06/05/2026 01:45;0,035;0,035;;
06/05/2026 02:00;0,119;0,119;;
06/05/2026 02:15;0,04;0,04;;
06/05/2026 02:30;0,048;0,048;;
06/05/2026 02:45;0,059;0,059;;
06/05/2026 03:00;0,099;0,099;;
06/05/2026 03:15;0,093;0,093;;
06/05/2026 03:30;0,04;0,04;;
06/05/2026 03:45;0,071;0,071;;
06/05/2026 04:00;0,067;0,067;;
06/05/2026 04:15;0,051;0,051;;
06/05/2026 04:30;0,074;0,074;;
06/05/2026 04:45;0,048;0,048;;
06/05/2026 05:00;0,066;0,066;;
06/05/2026 05:15;0,068;0,068;;
06/05/2026 05:30;0,061;0,061;;
06/05/2026 05:45;0,074;0,074;;
06/05/2026 06:00;0,043;0,043;;
06/05/2026 06:15;0,064;0,064;;
06/05/2026 06:30;0,053;0,053;;
06/05/2026 06:45;0,054;0,054;;
06/05/2026 07:00;0,069;0,069;;
06/05/2026 07:15;0,055;0,055;;
06/05/2026 07:30;0,086;0,086;;
06/05/2026 07:45;0,095;0,095;;
06/05/2026 08:00;0,051;0,051;;
06/05/2026 08:15;0,062;0,062;;
06/05/2026 08:30;0,18;0,18;;
06/05/2026 08:45;0,215;0,215;;
06/05/2026 09:00;0,216;0,216;;
06/05/2026 09:15;0,228;0,228;;
06/05/2026 09:30;0,28;0,28;;
06/05/2026 09:45;0,069;0,069;;
06/05/2026 10:00;0,079;0,079;;
06/05/2026 10:15;0,057;0,057;;
06/05/2026 10:30;0,048;0,048;;
06/05/2026 10:45;0,062;0,062;;
06/05/2026 11:00;0,125;0,125;;
06/05/2026 11:15;0,074;0,074;;
06/05/2026 11:30;0,069;0,069;;
06/05/2026 11:45;0,133;0,133;;
06/05/2026 12:00;0,082;0,082;;
06/05/2026 12:15;0,091;0,091;;
06/05/2026 12:30;0,05;0,05;;
06/05/2026 12:45;0,077;0,077;;
06/05/2026 13:00;0,1;0,1;;
06/05/2026 13:15;0,027;0,027;;
06/05/2026 13:30;0,117;0,117;;
06/05/2026 13:45;0,077;0,077;;
06/05/2026 14:00;0,082;0,082;;
06/05/2026 14:15;0,077;0,077;;
06/05/2026 14:30;0,095;0,095;;
06/05/2026 14:45;0,1;0,1;;
06/05/2026 15:00;0,092;0,092;;
06/05/2026 15:15;0,105;0,105;;
06/05/2026 15:30;0,059;0,059;;
06/05/2026 15:45;0,142;0,142;;
06/05/2026 16:00;0,046;0,046;;
06/05/2026 16:15;0,102;0,102;;
06/05/2026 16:30;0,088;0,088;;
06/05/2026 16:45;0,098;0,098;;
06/05/2026 17:00;0,104;0,104;;
06/05/2026 17:15;0,099;0,099;;
06/05/2026 17:30;0,11;0,11;;
06/05/2026 17:45;0,048;0,048;;
06/05/2026 18:00;0,125;0,125;;
06/05/2026 18:15;0,087;0,087;;
06/05/2026 18:30;0,104;0,104;;
06/05/2026 18:45;0,766;0,766;;
06/05/2026 19:00;0,701;0,701;;
06/05/2026 19:15;0,767;0,767;;
06/05/2026 19:30;0,759;0,759;;
06/05/2026 19:45;0,694;0,694;;
06/05/2026 20:00;0,997;0,997;;
06/05/2026 20:15;1,4;1,4;;
06/05/2026 20:30;1.412;1,412;;
06/05/2026 20:45;1.415;1,415;;
06/05/2026 21:00;1,49;1,49;;
06/05/2026 21:15;1,42;1,42;;
06/05/2026 21:30;1.308;1,308;;
06/05/2026 21:45;1.137;1,137;;
06/05/2026 22:00;1.008;1,008;;
06/05/2026 22:15;0,426;0,426;;
06/05/2026 22:30;0,407;0,407;;
06/05/2026 22:45;0,391;0,391;;
06/05/2026 23:00;0,297;0,297;;
06/05/2026 23:15;0,103;0,103;;
06/05/2026 23:30;0,03;0,03;;
06/05/2026 23:45;0,106;0,106;;
07/05/2026 00:00;0,093;0,093;;
07/05/2026 00:15;0,043;0,043;;
07/05/2026 00:30;0,114;0,114;;
07/05/2026 00:45;0,034;0,034;;
07/05/2026 01:00;0,073;0,073;;
07/05/2026 01:15;0,061;0,061;;
07/05/2026 01:30;0,085;0,085;;
07/05/2026 01:45;0,088;0,088;;
07/05/2026 02:00;0,05;0,05;;
07/05/2026 02:15;0,121;0,121;;
07/05/2026 02:30;0,035;0,035;;
07/05/2026 02:45;0,051;0,051;;
07/05/2026 03:00;0,104;0,104;;
07/05/2026 03:15;0,034;0,034;;
07/05/2026 03:30;0,061;0,061;;
07/05/2026 03:45;0,078;0,078;;
07/05/2026 04:00;0,042;0,042;;
07/05/2026 04:15;0,045;0,045;;
07/05/2026 04:30;0,097;0,097;;
07/05/2026 04:45;0,064;0,064;;
07/05/2026 05:00;0,033;0,033;;
07/05/2026 05:15;0,075;0,075;;
07/05/2026 05:30;0,044;0,044;;
07/05/2026 05:45;0,061;0,061;;
07/05/2026 06:00;0,094;0,094;;
07/05/2026 06:15;0,031;0,031;;
07/05/2026 06:30;0,038;0,038;;
07/05/2026 06:45;0,104;0,104;;
07/05/2026 07:00;0,053;0,053;;
07/05/2026 07:15;0,025;0,025;;
07/05/2026 07:30;0,072;0,072;;
07/05/2026 07:45;0,076;0,076;;
07/05/2026 08:00;0,025;0,025;;
07/05/2026 08:15;0,042;0,042;;
07/05/2026 08:30;0,101;0,101;;
07/05/2026 08:45;0,036;0,036;;
07/05/2026 09:00;0,042;0,042;;
07/05/2026 09:15;0,114;0,114;;
07/05/2026 09:30;0,039;0,039;;
07/05/2026 09:45;0,067;0,067;;
07/05/2026 10:00;0,047;0,047;;
07/05/2026 10:15;0,1;0,1;;
07/05/2026 10:30;0,12;0,12;;
07/05/2026 10:45;0,126;0,126;;
07/05/2026 11:00;0,071;0,071;;
07/05/2026 11:15;0,089;0,089;;
07/05/2026 11:30;0,147;0,147;;
07/05/2026 11:45;0,158;0,158;;
07/05/2026 12:00;0,162;0,162;;
07/05/2026 12:15;0,152;0,152;;
07/05/2026 12:30;0,114;0,114;;
07/05/2026 12:45;0,16;0,16;;
07/05/2026 13:00;0,15;0,15;;
07/05/2026 13:15;0,069;0,069;;
07/05/2026 13:30;0,101;0,101;;
07/05/2026 13:45;0,077;0,077;;
07/05/2026 14:00;0,08;0,08;;
07/05/2026 14:15;0,097;0,097;;
07/05/2026 14:30;0,057;0,057;;
07/05/2026 14:45;0,104;0,104;;
07/05/2026 15:00;0,076;0,076;;
07/05/2026 15:15;0,071;0,071;;
07/05/2026 15:30;0,091;0,091;;
07/05/2026 15:45;0,048;0,048;;
07/05/2026 16:00;0,097;0,097;;
07/05/2026 16:15;0,122;0,122;;
07/05/2026 16:30;0,05;0,05;;
07/05/2026 16:45;0,139;0,139;;
07/05/2026 17:00;0,044;0,044;;
07/05/2026 17:15;0,139;0,139;;
07/05/2026 17:30;0,067;0,067;;
07/05/2026 17:45;0,101;0,101;;
07/05/2026 18:00;0,103;0,103;;
07/05/2026 18:15;0,053;0,053;;
07/05/2026 18:30;0,128;0,128;;
07/05/2026 18:45;0,079;0,079;;
07/05/2026 19:00;0,081;0,081;;
07/05/2026 19:15;0,091;0,091;;
07/05/2026 19:30;0,091;0,091;;
07/05/2026 19:45;0,054;0,054;;
07/05/2026 20:00;0,372;0,372;;
07/05/2026 20:15;1.338;1,338;;
07/05/2026 20:30;1.388;1,388;;
07/05/2026 20:45;1.408;1,408;;
07/05/2026 21:00;1,35;1,35;;
07/05/2026 21:15;1.365;1,365;;
07/05/2026 21:30;1.224;1,224;;
07/05/2026 21:45;0,354;0,354;;
07/05/2026 22:00;0,069;0,069;;
07/05/2026 22:15;0,091;0,091;;
07/05/2026 22:30;0,072;0,072;;
07/05/2026 22:45;0,052;0,052;;
07/05/2026 23:00;0,097;0,097;;
07/05/2026 23:15;0,072;0,072;;
07/05/2026 23:30;0,052;0,052;;
07/05/2026 23:45;0,115;0,115;;
08/05/2026 00:00;0,027;0,027;;
08/05/2026 00:15;0,068;0,068;;
08/05/2026 00:30;0,083;0,083;;
08/05/2026 00:45;0,061;0,061;;
08/05/2026 01:00;0,028;0,028;;
08/05/2026 01:15;0,089;0,089;;
08/05/2026 01:30;0,076;0,076;;
08/05/2026 01:45;0,031;0,031;;
08/05/2026 02:00;0,101;0,101;;
08/05/2026 02:15;0,035;0,035;;
08/05/2026 02:30;0,041;0,041;;
08/05/2026 02:45;0,096;0,096;;
08/05/2026 03:00;0,03;0,03;;
08/05/2026 03:15;0,061;0,061;;
08/05/2026 03:30;0,073;0,073;;
08/05/2026 03:45;0,086;0,086;;
08/05/2026 04:00;0,052;0,052;;
08/05/2026 04:15;0,067;0,067;;
08/05/2026 04:30;0,059;0,059;;
08/05/2026 04:45;0,033;0,033;;
08/05/2026 05:00;0,093;0,093;;
08/05/2026 05:15;0,035;0,035;;
08/05/2026 05:30;0,031;0,031;;
08/05/2026 05:45;0,079;0,079;;
08/05/2026 06:00;0,062;0,062;;
08/05/2026 06:15;0,042;0,042;;
08/05/2026 06:30;0,049;0,049;;
08/05/2026 06:45;0,084;0,084;;
08/05/2026 07:00;0,033;0,033;;
08/05/2026 07:15;0,025;0,025;;
08/05/2026 07:30;0,099;0,099;;
08/05/2026 07:45;0,038;0,038;;
08/05/2026 08:00;0,033;0,033;;
08/05/2026 08:15;0,053;0,053;;
08/05/2026 08:30;0,09;0,09;;
08/05/2026 08:45;0,07;0,07;;
08/05/2026 09:00;0,052;0,052;;
08/05/2026 09:15;0,038;0,038;;
08/05/2026 09:30;0,078;0,078;;
08/05/2026 09:45;0,066;0,066;;
08/05/2026 10:00;0,049;0,049;;
08/05/2026 10:15;0,222;0,222;;
08/05/2026 10:30;0,188;0,188;;
08/05/2026 10:45;0,246;0,246;;
08/05/2026 11:00;0,16;0,16;;
08/05/2026 11:15;0,169;0,169;;
08/05/2026 11:30;0,222;0,222;;
08/05/2026 11:45;0,205;0,205;;
08/05/2026 12:00;0,169;0,169;;
08/05/2026 12:15;0,187;0,187;;
08/05/2026 12:30;0,202;0,202;;
08/05/2026 12:45;0,184;0,184;;
08/05/2026 13:00;0,239;0,239;;
08/05/2026 13:15;0,186;0,186;;
08/05/2026 13:30;0,192;0,192;;
08/05/2026 13:45;0,217;0,217;;
08/05/2026 14:00;0,244;0,244;;
08/05/2026 14:15;0,245;0,245;;
08/05/2026 14:30;0,185;0,185;;
08/05/2026 14:45;0,257;0,257;;
08/05/2026 15:00;0,229;0,229;;
08/05/2026 15:15;0,227;0,227;;
08/05/2026 15:30;0,288;0,288;;
08/05/2026 15:45;0,262;0,262;;
08/05/2026 16:00;0,297;0,297;;
08/05/2026 16:15;0,245;0,245;;
08/05/2026 16:30;0,248;0,248;;
08/05/2026 16:45;0,262;0,262;;
08/05/2026 17:00;0,206;0,206;;
08/05/2026 17:15;0,196;0,196;;
08/05/2026 17:30;0,187;0,187;;
08/05/2026 17:45;0,224;0,224;;
08/05/2026 18:00;0,23;0,23;;
08/05/2026 18:15;0,22;0,22;;
08/05/2026 18:30;0,233;0,233;;
08/05/2026 18:45;0,183;0,183;;
08/05/2026 19:00;0,255;0,255;;
08/05/2026 19:15;0,303;0,303;;
08/05/2026 19:30;0,576;0,576;;
08/05/2026 19:45;0,515;0,515;;
08/05/2026 20:00;0,516;0,516;;
08/05/2026 20:15;1,41;1,41;;
08/05/2026 20:30;1.564;1,564;;
08/05/2026 20:45;1.464;1,464;;
08/05/2026 21:00;1,39;1,39;;
08/05/2026 21:15;1,49;1,49;;
08/05/2026 21:30;1.468;1,468;;
08/05/2026 21:45;1.387;1,387;;
08/05/2026 22:00;1.431;1,431;;
08/05/2026 22:15;1.444;1,444;;
08/05/2026 22:30;1.815;1,815;;
08/05/2026 22:45;1.897;1,897;;
08/05/2026 23:00;1.563;1,563;;
08/05/2026 23:15;0,83;0,83;;
08/05/2026 23:30;0,918;0,918;;
08/05/2026 23:45;0,464;0,464;;
09/05/2026 00:00;0,458;0,458;;
09/05/2026 00:15;0,441;0,441;;
09/05/2026 00:30;0,121;0,121;;
09/05/2026 00:45;0,133;0,133;;
09/05/2026 01:00;0,089;0,089;;
09/05/2026 01:15;0,081;0,081;;
09/05/2026 01:30;0,025;0,025;;
09/05/2026 01:45;0,101;0,101;;
09/05/2026 02:00;0,105;0,105;;
09/05/2026 02:15;0,037;0,037;;
09/05/2026 02:30;0,083;0,083;;
09/05/2026 02:45;0,055;0,055;;
09/05/2026 03:00;0,077;0,077;;
09/05/2026 03:15;0,118;0,118;;
09/05/2026 03:30;0,027;0,027;;
09/05/2026 03:45;0,046;0,046;;
09/05/2026 04:00;0,075;0,075;;
09/05/2026 04:15;0,046;0,046;;
09/05/2026 04:30;0,071;0,071;;
09/05/2026 04:45;0,082;0,082;;
09/05/2026 05:00;0,042;0,042;;
09/05/2026 05:15;0,032;0,032;;
09/05/2026 05:30;0,088;0,088;;
09/05/2026 05:45;0,078;0,078;;
09/05/2026 06:00;0,033;0,033;;
09/05/2026 06:15;0,025;0,025;;
09/05/2026 06:30;0,036;0,036;;
09/05/2026 06:45;0,058;0,058;;
09/05/2026 07:00;0,072;0,072;;
09/05/2026 07:15;0,03;0,03;;
09/05/2026 07:30;0,05;0,05;;
09/05/2026 07:45;0,109;0,109;;
09/05/2026 08:00;0,088;0,088;;
09/05/2026 08:15;0,025;0,025;;
09/05/2026 08:30;0,033;0,033;;
09/05/2026 08:45;0,087;0,087;;
09/05/2026 09:00;0,079;0,079;;
09/05/2026 09:15;0,09;0,09;;
09/05/2026 09:30;0,146;0,146;;
09/05/2026 09:45;0,107;0,107;;
09/05/2026 10:00;0,106;0,106;;
09/05/2026 10:15;0,106;0,106;;
09/05/2026 10:30;0,158;0,158;;
09/05/2026 10:45;0,149;0,149;;
09/05/2026 11:00;0,045;0,045;;
09/05/2026 11:15;0,081;0,081;;
09/05/2026 11:30;0,155;0,155;;
09/05/2026 11:45;0,164;0,164;;
09/05/2026 12:00;0,108;0,108;;
09/05/2026 12:15;0,09;0,09;;
09/05/2026 12:30;0,128;0,128;;
09/05/2026 12:45;0,165;0,165;;
09/05/2026 13:00;0,165;0,165;;
09/05/2026 13:15;0,136;0,136;;
09/05/2026 13:30;0,099;0,099;;
09/05/2026 13:45;0,16;0,16;;
09/05/2026 14:00;0,166;0,166;;
09/05/2026 14:15;0,137;0,137;;
09/05/2026 14:30;0,115;0,115;;
09/05/2026 14:45;0,114;0,114;;
09/05/2026 15:00;0,149;0,149;;
09/05/2026 15:15;0,063;0,063;;
09/05/2026 15:30;0,075;0,075;;
09/05/2026 15:45;0,142;0,142;;
09/05/2026 16:00;0,111;0,111;;
09/05/2026 16:15;0,075;0,075;;
09/05/2026 16:30;0,108;0,108;;
09/05/2026 16:45;0,11;0,11;;
09/05/2026 17:00;0,165;0,165;;
09/05/2026 17:15;0,161;0,161;;
09/05/2026 17:30;0,156;0,156;;
09/05/2026 17:45;0,161;0,161;;
09/05/2026 18:00;0,17;0,17;;
09/05/2026 18:15;0,163;0,163;;
09/05/2026 18:30;0,163;0,163;;
09/05/2026 18:45;0,162;0,162;;
09/05/2026 19:00;0,121;0,121;;
09/05/2026 19:15;0,142;0,142;;
09/05/2026 19:30;0,166;0,166;;
09/05/2026 19:45;0,149;0,149;;
09/05/2026 20:00;0,114;0,114;;
09/05/2026 20:15;0,399;0,399;;
09/05/2026 20:30;0,498;0,498;;
09/05/2026 20:45;0,5;0,5;;
09/05/2026 21:00;0,491;0,491;;
09/05/2026 21:15;0,434;0,434;;
09/05/2026 21:30;0,36;0,36;;
09/05/2026 21:45;0,175;0,175;;
09/05/2026 22:00;0,17;0,17;;
09/05/2026 22:15;0,155;0,155;;
09/05/2026 22:30;0,107;0,107;;
09/05/2026 22:45;0,137;0,137;;
09/05/2026 23:00;0,121;0,121;;
09/05/2026 23:15;0,1;0,1;;
09/05/2026 23:30;0,095;0,095;;
09/05/2026 23:45;0,084;0,084;;
10/05/2026 00:00;0,14;0,14;;
10/05/2026 00:15;0,097;0,097;;
10/05/2026 00:30;0,048;0,048;;
10/05/2026 00:45;0,099;0,099;;
10/05/2026 01:00;0,152;0,152;;
10/05/2026 01:15;0,047;0,047;;
10/05/2026 01:30;0,083;0,083;;
10/05/2026 01:45;0,109;0,109;;
10/05/2026 02:00;0,065;0,065;;
10/05/2026 02:15;0,106;0,106;;
10/05/2026 02:30;0,093;0,093;;
10/05/2026 02:45;0,081;0,081;;
10/05/2026 03:00;0,037;0,037;;
10/05/2026 03:15;0,085;0,085;;
10/05/2026 03:30;0,111;0,111;;
10/05/2026 03:45;0,032;0,032;;
10/05/2026 04:00;0,047;0,047;;
10/05/2026 04:15;0,076;0,076;;
10/05/2026 04:30;0,067;0,067;;
10/05/2026 04:45;0,096;0,096;;
10/05/2026 05:00;0,037;0,037;;
10/05/2026 05:15;0,086;0,086;;
10/05/2026 05:30;0,056;0,056;;
10/05/2026 05:45;0,073;0,073;;
10/05/2026 06:00;0,079;0,079;;
10/05/2026 06:15;0,051;0,051;;
10/05/2026 06:30;0,041;0,041;;
10/05/2026 06:45;0,062;0,062;;
10/05/2026 07:00;0,105;0,105;;
10/05/2026 07:15;0,047;0,047;;
10/05/2026 07:30;0,046;0,046;;
10/05/2026 07:45;0,073;0,073;;
10/05/2026 08:00;0,033;0,033;;
10/05/2026 08:15;0,085;0,085;;
10/05/2026 08:30;0,107;0,107;;
10/05/2026 08:45;0,037;0,037;;
10/05/2026 09:00;0,036;0,036;;
10/05/2026 09:15;0,097;0,097;;
10/05/2026 09:30;0,119;0,119;;
10/05/2026 09:45;0,155;0,155;;
10/05/2026 10:00;0,146;0,146;;
10/05/2026 10:15;0,151;0,151;;
10/05/2026 10:30;0,165;0,165;;
10/05/2026 10:45;0,164;0,164;;
10/05/2026 11:00;0,102;0,102;;
10/05/2026 11:15;0,061;0,061;;
10/05/2026 11:30;0,122;0,122;;
10/05/2026 11:45;0,102;0,102;;
10/05/2026 12:00;0,097;0,097;;
10/05/2026 12:15;0,053;0,053;;
10/05/2026 12:30;0,121;0,121;;
10/05/2026 12:45;0,103;0,103;;
10/05/2026 13:00;0,035;0,035;;
10/05/2026 13:15;0,13;0,13;;
10/05/2026 13:30;0,089;0,089;;
10/05/2026 13:45;0,056;0,056;;
10/05/2026 14:00;0,124;0,124;;
10/05/2026 14:15;0,16;0,16;;
10/05/2026 14:30;0,109;0,109;;
10/05/2026 14:45;0,1;0,1;;
10/05/2026 15:00;0,107;0,107;;
10/05/2026 15:15;0,162;0,162;;
10/05/2026 15:30;0,169;0,169;;
10/05/2026 15:45;0,166;0,166;;
10/05/2026 16:00;0,105;0,105;;
10/05/2026 16:15;0,146;0,146;;
10/05/2026 16:30;0,171;0,171;;
10/05/2026 16:45;0,173;0,173;;
10/05/2026 17:00;0,169;0,169;;
10/05/2026 17:15;0,159;0,159;;
10/05/2026 17:30;0,136;0,136;;
10/05/2026 17:45;0,113;0,113;;
10/05/2026 18:00;0,161;0,161;;
10/05/2026 18:15;0,07;0,07;;
10/05/2026 18:30;0,113;0,113;;
10/05/2026 18:45;0,16;0,16;;
10/05/2026 19:00;0,165;0,165;;
10/05/2026 19:15;0,16;0,16;;
10/05/2026 19:30;0,15;0,15;;
10/05/2026 19:45;0,103;0,103;;
10/05/2026 20:00;0,166;0,166;;
10/05/2026 20:15;0,163;0,163;;
10/05/2026 20:30;0,107;0,107;;
10/05/2026 20:45;0,12;0,12;;
10/05/2026 21:00;0,149;0,149;;
10/05/2026 21:15;0,098;0,098;;
10/05/2026 21:30;0,092;0,092;;
10/05/2026 21:45;0,115;0,115;;
10/05/2026 22:00;0,118;0,118;;
10/05/2026 22:15;0,102;0,102;;
10/05/2026 22:30;0,103;0,103;;
10/05/2026 22:45;0,141;0,141;;
10/05/2026 23:00;0,1;0,1;;
10/05/2026 23:15;0,153;0,153;;
10/05/2026 23:30;0,128;0,128;;
10/05/2026 23:45;0,057;0,057;;
11/05/2026 00:00;0,099;0,099;;
11/05/2026 00:15;0,107;0,107;;
11/05/2026 00:30;0,091;0,091;;
11/05/2026 00:45;0,066;0,066;;
11/05/2026 01:00;0,065;0,065;;
11/05/2026 01:15;0,109;0,109;;
11/05/2026 01:30;0,069;0,069;;
11/05/2026 01:45;0,131;0,131;;
11/05/2026 02:00;0,046;0,046;;
11/05/2026 02:15;0,053;0,053;;
11/05/2026 02:30;0,098;0,098;;
11/05/2026 02:45;0,08;0,08;;
11/05/2026 03:00;0,051;0,051;;
11/05/2026 03:15;0,045;0,045;;
11/05/2026 03:30;0,092;0,092;;
11/05/2026 03:45;0,087;0,087;;
11/05/2026 04:00;0,083;0,083;;
11/05/2026 04:15;0,084;0,084;;
11/05/2026 04:30;0,053;0,053;;
11/05/2026 04:45;0,026;0,026;;
11/05/2026 05:00;0,092;0,092;;
11/05/2026 05:15;0,091;0,091;;
11/05/2026 05:30;0,038;0,038;;
11/05/2026 05:45;0,082;0,082;;
11/05/2026 06:00;0,037;0,037;;
11/05/2026 06:15;0,068;0,068;;
11/05/2026 06:30;0,113;0,113;;
11/05/2026 06:45;0,031;0,031;;
11/05/2026 07:00;0,025;0,025;;
11/05/2026 07:15;0,07;0,07;;
11/05/2026 07:30;0,057;0,057;;
11/05/2026 07:45;0,035;0,035;;
11/05/2026 08:00;0,128;0,128;;
11/05/2026 08:15;0,052;0,052;;
11/05/2026 08:30;0,049;0,049;;
11/05/2026 08:45;0,121;0,121;;
11/05/2026 09:00;0,06;0,06;;
11/05/2026 09:15;0,039;0,039;;
11/05/2026 09:30;0,084;0,084;;
11/05/2026 09:45;0,106;0,106;;
11/05/2026 10:00;0,091;0,091;;
11/05/2026 10:15;0,109;0,109;;
11/05/2026 10:30;0,069;0,069;;
11/05/2026 10:45;0,062;0,062;;
11/05/2026 11:00;0,14;0,14;;
11/05/2026 11:15;0,127;0,127;;
11/05/2026 11:30;0,104;0,104;;
11/05/2026 11:45;0,103;0,103;;
11/05/2026 12:00;0,058;0,058;;
11/05/2026 12:15;0,119;0,119;;
11/05/2026 12:30;0,155;0,155;;
11/05/2026 12:45;0,131;0,131;;
11/05/2026 13:00;0,083;0,083;;
11/05/2026 13:15;0,122;0,122;;
11/05/2026 13:30;0,157;0,157;;
11/05/2026 13:45;0,154;0,154;;
11/05/2026 14:00;0,05;0,05;;
11/05/2026 14:15;0,112;0,112;;
11/05/2026 14:30;0,157;0,157;;
11/05/2026 14:45;0,153;0,153;;
11/05/2026 15:00;0,048;0,048;;
11/05/2026 15:15;0,098;0,098;;
11/05/2026 15:30;0,151;0,151;;
11/05/2026 15:45;0,14;0,14;;
11/05/2026 16:00;0,101;0,101;;
11/05/2026 16:15;0,093;0,093;;
11/05/2026 16:30;0,088;0,088;;
11/05/2026 16:45;0,12;0,12;;
11/05/2026 17:00;0,119;0,119;;
11/05/2026 17:15;0,107;0,107;;
11/05/2026 17:30;0,072;0,072;;
11/05/2026 17:45;0,13;0,13;;
11/05/2026 18:00;0,149;0,149;;
11/05/2026 18:15;0,109;0,109;;
11/05/2026 18:30;0,385;0,385;;
11/05/2026 18:45;0,411;0,411;;
11/05/2026 19:00;0,461;0,461;;
11/05/2026 19:15;0,45;0,45;;
11/05/2026 19:30;0,403;0,403;;
11/05/2026 19:45;0,466;0,466;;
11/05/2026 20:00;0,419;0,419;;
11/05/2026 20:15;0,998;0,998;;
11/05/2026 20:30;1.498;1,498;;
11/05/2026 20:45;1.441;1,441;;
11/05/2026 21:00;1.435;1,435;;
11/05/2026 21:15;1.549;1,549;;
11/05/2026 21:30;1.522;1,522;;
11/05/2026 21:45;1,46;1,46;;
11/05/2026 22:00;1.434;1,434;;
11/05/2026 22:15;1.432;1,432;;
11/05/2026 22:30;1.429;1,429;;
11/05/2026 22:45;1.447;1,447;;
11/05/2026 23:00;0,92;0,92;;
11/05/2026 23:15;0,063;0,063;;
11/05/2026 23:30;0,076;0,076;;
11/05/2026 23:45;0,082;0,082;;
12/05/2026 00:00;0,043;0,043;;
12/05/2026 00:15;0,054;0,054;;
12/05/2026 00:30;0,067;0,067;;
12/05/2026 00:45;0,101;0,101;;
12/05/2026 01:00;0,067;0,067;;
12/05/2026 01:15;0,035;0,035;;
12/05/2026 01:30;0,055;0,055;;
12/05/2026 01:45;0,072;0,072;;
12/05/2026 02:00;0,07;0,07;;
12/05/2026 02:15;0,072;0,072;;
12/05/2026 02:30;0,046;0,046;;
12/05/2026 02:45;0,072;0,072;;
12/05/2026 03:00;0,047;0,047;;
12/05/2026 03:15;0,08;0,08;;
12/05/2026 03:30;0,053;0,053;;
12/05/2026 03:45;0,041;0,041;;
12/05/2026 04:00;0,063;0,063;;
12/05/2026 04:15;0,039;0,039;;
12/05/2026 04:30;0,04;0,04;;
12/05/2026 04:45;0,032;0,032;;
12/05/2026 05:00;0,038;0,038;;
12/05/2026 05:15;0,055;0,055;;
12/05/2026 05:30;0,108;0,108;;
12/05/2026 05:45;0,09;0,09;;
12/05/2026 06:00;0,045;0,045;;
12/05/2026 06:15;0,079;0,079;;
12/05/2026 06:30;0,039;0,039;;
12/05/2026 06:45;0,033;0,033;;
12/05/2026 07:00;0,036;0,036;;
12/05/2026 07:15;0,037;0,037;;
12/05/2026 07:30;0,049;0,049;;
12/05/2026 07:45;0,041;0,041;;
12/05/2026 08:00;0,124;0,124;;
12/05/2026 08:15;0,064;0,064;;
12/05/2026 08:30;0,038;0,038;;
12/05/2026 08:45;0,035;0,035;;
12/05/2026 09:00;0,039;0,039;;
12/05/2026 09:15;0,058;0,058;;
12/05/2026 09:30;0,055;0,055;;
12/05/2026 09:45;0,046;0,046;;
12/05/2026 10:00;0,071;0,071;;
12/05/2026 10:15;0,093;0,093;;
12/05/2026 10:30;0,062;0,062;;
12/05/2026 10:45;0,092;0,092;;
12/05/2026 11:00;0,074;0,074;;
12/05/2026 11:15;0,091;0,091;;
12/05/2026 11:30;0,081;0,081;;
12/05/2026 11:45;0,088;0,088;;
12/05/2026 12:00;0,044;0,044;;
12/05/2026 12:15;0,077;0,077;;
12/05/2026 12:30;0,153;0,153;;
12/05/2026 12:45;0,099;0,099;;
12/05/2026 13:00;0,093;0,093;;
12/05/2026 13:15;0,078;0,078;;
12/05/2026 13:30;0,084;0,084;;
12/05/2026 13:45;0,102;0,102;;
12/05/2026 14:00;0,084;0,084;;
12/05/2026 14:15;0,055;0,055;;
12/05/2026 14:30;0,082;0,082;;
12/05/2026 14:45;0,122;0,122;;
12/05/2026 15:00;0,116;0,116;;
12/05/2026 15:15;0,113;0,113;;
12/05/2026 15:30;0,056;0,056;;
12/05/2026 15:45;0,066;0,066;;
12/05/2026 16:00;0,121;0,121;;
12/05/2026 16:15;0,067;0,067;;
12/05/2026 16:30;0,051;0,051;;
12/05/2026 16:45;0,098;0,098;;
12/05/2026 17:00;0,099;0,099;;
12/05/2026 17:15;0,118;0,118;;
12/05/2026 17:30;0,096;0,096;;
12/05/2026 17:45;0,229;0,229;;
12/05/2026 18:00;0,458;0,458;;
12/05/2026 18:15;0,436;0,436;;
12/05/2026 18:30;0,357;0,357;;
12/05/2026 18:45;0,44;0,44;;
12/05/2026 19:00;0,428;0,428;;
12/05/2026 19:15;0,483;0,483;;
12/05/2026 19:30;0,943;0,943;;
12/05/2026 19:45;1.113;1,113;;
12/05/2026 20:00;0,969;0,969;;
12/05/2026 20:15;1.074;1,074;;
12/05/2026 20:30;1.432;1,432;;
12/05/2026 20:45;1.373;1,373;;
12/05/2026 21:00;1.432;1,432;;
12/05/2026 21:15;1.436;1,436;;
12/05/2026 21:30;1.748;1,748;;
12/05/2026 21:45;1.846;1,846;;
12/05/2026 22:00;1.165;1,165;;
12/05/2026 22:15;1.037;1,037;;
12/05/2026 22:30;1.045;1,045;;
12/05/2026 22:45;1.153;1,153;;
12/05/2026 23:00;0,964;0,964;;
12/05/2026 23:15;0,314;0,314;;
12/05/2026 23:30;0,052;0,052;;
12/05/2026 23:45;0,076;0,076;;
13/05/2026 00:00;0,123;0,123;;
13/05/2026 00:15;0,104;0,104;;
13/05/2026 00:30;0,042;0,042;;
13/05/2026 00:45;0,046;0,046;;
13/05/2026 01:00;0,114;0,114;;
13/05/2026 01:15;0,061;0,061;;
13/05/2026 01:30;0,044;0,044;;
13/05/2026 01:45;0,079;0,079;;
13/05/2026 02:00;0,061;0,061;;
13/05/2026 02:15;0,068;0,068;;
13/05/2026 02:30;0,095;0,095;;
13/05/2026 02:45;0,078;0,078;;
13/05/2026 03:00;0,033;0,033;;
13/05/2026 03:15;0,032;0,032;;
13/05/2026 03:30;0,121;0,121;;
13/05/2026 03:45;0,066;0,066;;
13/05/2026 04:00;0,036;0,036;;
13/05/2026 04:15;0,049;0,049;;
13/05/2026 04:30;0,103;0,103;;
13/05/2026 04:45;0,108;0,108;;
13/05/2026 05:00;0,032;0,032;;
13/05/2026 05:15;0,035;0,035;;
13/05/2026 05:30;0,089;0,089;;
13/05/2026 05:45;0,039;0,039;;
13/05/2026 06:00;0,031;0,031;;
13/05/2026 06:15;0,08;0,08;;
13/05/2026 06:30;0,105;0,105;;
13/05/2026 06:45;0,047;0,047;;
13/05/2026 07:00;0,031;0,031;;
13/05/2026 07:15;0,123;0,123;;
13/05/2026 07:30;0,049;0,049;;
13/05/2026 07:45;0,033;0,033;;
13/05/2026 08:00;0,035;0,035;;
13/05/2026 08:15;0,08;0,08;;
13/05/2026 08:30;0,085;0,085;;
13/05/2026 08:45;0,06;0,06;;
13/05/2026 09:00;0,089;0,089;;
13/05/2026 09:15;0,095;0,095;;
13/05/2026 09:30;0,059;0,059;;
13/05/2026 09:45;0,057;0,057;;
13/05/2026 10:00;0,222;0,222;;
13/05/2026 10:15;0,252;0,252;;
13/05/2026 10:30;0,252;0,252;;
13/05/2026 10:45;0,249;0,249;;
13/05/2026 11:00;0,22;0,22;;
13/05/2026 11:15;0,181;0,181;;
13/05/2026 11:30;0,209;0,209;;
13/05/2026 11:45;0,216;0,216;;
13/05/2026 12:00;1.286;1,286;;
13/05/2026 12:15;1.267;1,267;;
13/05/2026 12:30;1.153;1,153;;
13/05/2026 12:45;0,88;0,88;;
13/05/2026 13:00;0,889;0,889;;
13/05/2026 13:15;1,07;1,07;;
13/05/2026 13:30;1.281;1,281;;
13/05/2026 13:45;1.911;1,911;;
13/05/2026 14:00;1.969;1,969;;
13/05/2026 14:15;1.132;1,132;;
13/05/2026 14:30;0,746;0,746;;
13/05/2026 14:45;0,794;0,794;;
13/05/2026 15:00;0,459;0,459;;
13/05/2026 15:15;0,241;0,241;;
13/05/2026 15:30;0,426;0,426;;
13/05/2026 15:45;0,556;0,556;;
13/05/2026 16:00;0,567;0,567;;
13/05/2026 16:15;0,587;0,587;;
13/05/2026 16:30;0,524;0,524;;
13/05/2026 16:45;0,22;0,22;;
13/05/2026 17:00;0,539;0,539;;
13/05/2026 17:15;0,845;0,845;;
13/05/2026 17:30;0,879;0,879;;
13/05/2026 17:45;0,675;0,675;;
13/05/2026 18:00;0,479;0,479;;
13/05/2026 18:15;0,389;0,389;;
13/05/2026 18:30;0,585;0,585;;
13/05/2026 18:45;0,92;0,92;;
13/05/2026 19:00;0,833;0,833;;
13/05/2026 19:15;0,828;0,828;;
13/05/2026 19:30;0,845;0,845;;
13/05/2026 19:45;0,886;0,886;;
13/05/2026 20:00;1,06;1,06;;
13/05/2026 20:15;1.214;1,214;;
13/05/2026 20:30;1.195;1,195;;
13/05/2026 20:45;1.227;1,227;;
13/05/2026 21:00;1.265;1,265;;
13/05/2026 21:15;1.194;1,194;;
13/05/2026 21:30;1.174;1,174;;
13/05/2026 21:45;1.442;1,442;;
13/05/2026 22:00;1,14;1,14;;
13/05/2026 22:15;1.133;1,133;;
13/05/2026 22:30;1.149;1,149;;
13/05/2026 22:45;0,81;0,81;;
13/05/2026 23:00;0,077;0,077;;
13/05/2026 23:15;0,107;0,107;;
13/05/2026 23:30;0,078;0,078;;
13/05/2026 23:45;0,081;0,081;;
14/05/2026 00:00;0,086;0,086;;
14/05/2026 00:15;0,041;0,041;;
14/05/2026 00:30;0,067;0,067;;
14/05/2026 00:45;0,087;0,087;;
14/05/2026 01:00;0,055;0,055;;
14/05/2026 01:15;0,052;0,052;;
14/05/2026 01:30;0,135;0,135;;
14/05/2026 01:45;0,086;0,086;;
14/05/2026 02:00;0,041;0,041;;
14/05/2026 02:15;0,048;0,048;;
14/05/2026 02:30;0,063;0,063;;
14/05/2026 02:45;0,082;0,082;;
14/05/2026 03:00;0,061;0,061;;
14/05/2026 03:15;0,041;0,041;;
14/05/2026 03:30;0,063;0,063;;
14/05/2026 03:45;0,114;0,114;;
14/05/2026 04:00;0,091;0,091;;
14/05/2026 04:15;0,044;0,044;;
14/05/2026 04:30;0,073;0,073;;
14/05/2026 04:45;0,057;0,057;;
14/05/2026 05:00;0,041;0,041;;
14/05/2026 05:15;0,046;0,046;;
14/05/2026 05:30;0,077;0,077;;
14/05/2026 05:45;0,057;0,057;;
14/05/2026 06:00;0,049;0,049;;
14/05/2026 06:15;0,058;0,058;;
14/05/2026 06:30;0,111;0,111;;
14/05/2026 06:45;0,089;0,089;;
14/05/2026 07:00;0,052;0,052;;
14/05/2026 07:15;0,09;0,09;;
14/05/2026 07:30;0,05;0,05;;
14/05/2026 07:45;0,052;0,052;;
14/05/2026 08:00;0,099;0,099;;
14/05/2026 08:15;0,137;0,137;;
14/05/2026 08:30;0,114;0,114;;
14/05/2026 08:45;0,096;0,096;;
14/05/2026 09:00;0,06;0,06;;
14/05/2026 09:15;0,098;0,098;;
14/05/2026 09:30;0,138;0,138;;
14/05/2026 09:45;0,092;0,092;;
14/05/2026 10:00;0,118;0,118;;
14/05/2026 10:15;0,096;0,096;;
14/05/2026 10:30;0,102;0,102;;
14/05/2026 10:45;0,177;0,177;;
14/05/2026 11:00;0,126;0,126;;
14/05/2026 11:15;0,098;0,098;;
14/05/2026 11:30;0,448;0,448;;
14/05/2026 11:45;0,482;0,482;;
14/05/2026 12:00;0,427;0,427;;
14/05/2026 12:15;0,388;0,388;;
14/05/2026 12:30;0,78;0,78;;
14/05/2026 12:45;1.442;1,442;;
14/05/2026 13:00;1.488;1,488;;
14/05/2026 13:15;0,717;0,717;;
14/05/2026 13:30;0,469;0,469;;
14/05/2026 13:45;0,467;0,467;;
14/05/2026 14:00;0,515;0,515;;
14/05/2026 14:15;0,499;0,499;;
14/05/2026 14:30;0,425;0,425;;
14/05/2026 14:45;0,456;0,456;;
14/05/2026 15:00;0,492;0,492;;
14/05/2026 15:15;0,447;0,447;;
14/05/2026 15:30;0,498;0,498;;
14/05/2026 15:45;0,473;0,473;;
14/05/2026 16:00;0,428;0,428;;
14/05/2026 16:15;0,465;0,465;;
14/05/2026 16:30;0,505;0,505;;
14/05/2026 16:45;0,425;0,425;;
14/05/2026 17:00;0,405;0,405;;
14/05/2026 17:15;0,435;0,435;;
14/05/2026 17:30;0,385;0,385;;
14/05/2026 17:45;0,47;0,47;;
14/05/2026 18:00;0,442;0,442;;
14/05/2026 18:15;0,375;0,375;;
14/05/2026 18:30;0,423;0,423;;
14/05/2026 18:45;0,43;0,43;;
14/05/2026 19:00;0,425;0,425;;
14/05/2026 19:15;0,404;0,404;;
14/05/2026 19:30;0,392;0,392;;
14/05/2026 19:45;0,444;0,444;;
14/05/2026 20:00;0,419;0,419;;
14/05/2026 20:15;0,41;0,41;;
14/05/2026 20:30;0,385;0,385;;
14/05/2026 20:45;0,427;0,427;;
14/05/2026 21:00;0,416;0,416;;
14/05/2026 21:15;0,387;0,387;;
14/05/2026 21:30;0,414;0,414;;
14/05/2026 21:45;0,267;0,267;;
14/05/2026 22:00;0,077;0,077;;
14/05/2026 22:15;0,105;0,105;;
14/05/2026 22:30;0,114;0,114;;
14/05/2026 22:45;0,058;0,058;;
14/05/2026 23:00;0,077;0,077;;
14/05/2026 23:15;0,082;0,082;;
14/05/2026 23:30;0,157;0,157;;
14/05/2026 23:45;0,107;0,107;;
15/05/2026 00:00;0,102;0,102;;
15/05/2026 00:15;0,068;0,068;;
15/05/2026 00:30;0,067;0,067;;
15/05/2026 00:45;0,113;0,113;;
15/05/2026 01:00;0,101;0,101;;
15/05/2026 01:15;0,078;0,078;;
15/05/2026 01:30;0,052;0,052;;
15/05/2026 01:45;0,057;0,057;;
15/05/2026 02:00;0,045;0,045;;
15/05/2026 02:15;0,084;0,084;;
15/05/2026 02:30;0,054;0,054;;
15/05/2026 02:45;0,065;0,065;;
15/05/2026 03:00;0,085;0,085;;
15/05/2026 03:15;0,09;0,09;;
15/05/2026 03:30;0,071;0,071;;
15/05/2026 03:45;0,081;0,081;;
15/05/2026 04:00;0,044;0,044;;
15/05/2026 04:15;0,046;0,046;;
15/05/2026 04:30;0,057;0,057;;
15/05/2026 04:45;0,046;0,046;;
15/05/2026 05:00;0,056;0,056;;
15/05/2026 05:15;0,067;0,067;;
15/05/2026 05:30;0,085;0,085;;
15/05/2026 05:45;0,07;0,07;;
15/05/2026 06:00;0,049;0,049;;
15/05/2026 06:15;0,051;0,051;;
15/05/2026 06:30;0,067;0,067;;
15/05/2026 06:45;0,08;0,08;;
15/05/2026 07:00;0,054;0,054;;
15/05/2026 07:15;0,062;0,062;;
15/05/2026 07:30;0,071;0,071;;
15/05/2026 07:45;0,097;0,097;;
15/05/2026 08:00;0,098;0,098;;
15/05/2026 08:15;0,048;0,048;;
15/05/2026 08:30;0,055;0,055;;
15/05/2026 08:45;0,049;0,049;;
15/05/2026 09:00;0,077;0,077;;
15/05/2026 09:15;0,079;0,079;;
15/05/2026 09:30;0,075;0,075;;
15/05/2026 09:45;0,078;0,078;;
15/05/2026 10:00;0,185;0,185;;
15/05/2026 10:15;0,175;0,175;;
15/05/2026 10:30;0,178;0,178;;
15/05/2026 10:45;0,153;0,153;;
15/05/2026 11:00;0,173;0,173;;
15/05/2026 11:15;0,121;0,121;;
15/05/2026 11:30;0,081;0,081;;
15/05/2026 11:45;0,091;0,091;;
15/05/2026 12:00;0,111;0,111;;
15/05/2026 12:15;0,101;0,101;;
15/05/2026 12:30;0,161;0,161;;
15/05/2026 12:45;0,213;0,213;;
15/05/2026 13:00;0,123;0,123;;
15/05/2026 13:15;0,106;0,106;;
15/05/2026 13:30;0,094;0,094;;
15/05/2026 13:45;0,187;0,187;;
15/05/2026 14:00;0,15;0,15;;
15/05/2026 14:15;0,12;0,12;;
15/05/2026 14:30;0,131;0,131;;
15/05/2026 14:45;0,178;0,178;;
15/05/2026 15:00;0,136;0,136;;
15/05/2026 15:15;0,092;0,092;;
15/05/2026 15:30;0,183;0,183;;
15/05/2026 15:45;0,107;0,107;;
15/05/2026 16:00;0,132;0,132;;
15/05/2026 16:15;0,177;0,177;;
15/05/2026 16:30;0,128;0,128;;
15/05/2026 16:45;0,114;0,114;;
15/05/2026 17:00;0,155;0,155;;
15/05/2026 17:15;0,195;0,195;;
15/05/2026 17:30;0,087;0,087;;
15/05/2026 17:45;0,087;0,087;;
15/05/2026 18:00;0,141;0,141;;
15/05/2026 18:15;0,158;0,158;;
15/05/2026 18:30;0,134;0,134;;
15/05/2026 18:45;0,372;0,372;;
15/05/2026 19:00;0,862;0,862;;
15/05/2026 19:15;0,82;0,82;;
15/05/2026 19:30;1.095;1,095;;
15/05/2026 19:45;1.527;1,527;;
15/05/2026 20:00;1.646;1,646;;
15/05/2026 20:15;1.571;1,571;;
15/05/2026 20:30;1,58;1,58;;
15/05/2026 20:45;1.607;1,607;;
15/05/2026 21:00;1.578;1,578;;
15/05/2026 21:15;1.552;1,552;;
15/05/2026 21:30;2.596;2,596;;
15/05/2026 21:45;2.471;2,471;;
15/05/2026 22:00;2.316;2,316;;
15/05/2026 22:15;1.233;1,233;;
15/05/2026 22:30;1.199;1,199;;
15/05/2026 22:45;0,235;0,235;;
15/05/2026 23:00;0,164;0,164;;
15/05/2026 23:15;0,224;0,224;;
15/05/2026 23:30;0,259;0,259;;
15/05/2026 23:45;0,166;0,166;;
16/05/2026 00:00;0,214;0,214;;
16/05/2026 00:15;0,231;0,231;;
16/05/2026 00:30;0,17;0,17;;
16/05/2026 00:45;0,157;0,157;;
16/05/2026 01:00;0,178;0,178;;
16/05/2026 01:15;0,224;0,224;;
16/05/2026 01:30;0,231;0,231;;
16/05/2026 01:45;0,161;0,161;;
16/05/2026 02:00;0,161;0,161;;
16/05/2026 02:15;0,254;0,254;;
16/05/2026 02:30;0,226;0,226;;
16/05/2026 02:45;0,167;0,167;;
16/05/2026 03:00;0,17;0,17;;
16/05/2026 03:15;0,153;0,153;;
16/05/2026 03:30;0,291;0,291;;
16/05/2026 03:45;0,259;0,259;;
16/05/2026 04:00;0,198;0,198;;
16/05/2026 04:15;0,204;0,204;;
16/05/2026 04:30;0,204;0,204;;
16/05/2026 04:45;0,206;0,206;;
16/05/2026 05:00;0,235;0,235;;
16/05/2026 05:15;0,164;0,164;;
16/05/2026 05:30;0,154;0,154;;
16/05/2026 05:45;0,217;0,217;;
16/05/2026 06:00;0,239;0,239;;
16/05/2026 06:15;0,18;0,18;;
16/05/2026 06:30;0,186;0,186;;
16/05/2026 06:45;0,158;0,158;;
16/05/2026 07:00;0,274;0,274;;
16/05/2026 07:15;0,196;0,196;;
16/05/2026 07:30;0,132;0,132;;
16/05/2026 07:45;0,178;0,178;;
16/05/2026 08:00;0,181;0,181;;
16/05/2026 08:15;0,223;0,223;;
16/05/2026 08:30;0,156;0,156;;
16/05/2026 08:45;0,108;0,108;;
16/05/2026 09:00;0,101;0,101;;
16/05/2026 09:15;0,225;0,225;;
16/05/2026 09:30;0,216;0,216;;
16/05/2026 09:45;0,183;0,183;;
16/05/2026 10:00;0,138;0,138;;
16/05/2026 10:15;0,187;0,187;;
16/05/2026 10:30;0,357;0,357;;
16/05/2026 10:45;0,435;0,435;;
16/05/2026 11:00;0,464;0,464;;
16/05/2026 11:15;0,517;0,517;;
16/05/2026 11:30;0,589;0,589;;
16/05/2026 11:45;0,616;0,616;;
16/05/2026 12:00;0,575;0,575;;
16/05/2026 12:15;0,445;0,445;;
16/05/2026 12:30;1.327;1,327;;
16/05/2026 12:45;1.061;1,061;;
16/05/2026 13:00;0,66;0,66;;
16/05/2026 13:15;0,575;0,575;;
16/05/2026 13:30;0,549;0,549;;
16/05/2026 13:45;0,736;0,736;;
16/05/2026 14:00;1.126;1,126;;
16/05/2026 14:15;1.124;1,124;;
16/05/2026 14:30;0,948;0,948;;
16/05/2026 14:45;0,482;0,482;;
16/05/2026 15:00;0,538;0,538;;
16/05/2026 15:15;0,619;0,619;;
16/05/2026 15:30;0,532;0,532;;
16/05/2026 15:45;0,447;0,447;;
16/05/2026 16:00;0,465;0,465;;
16/05/2026 16:15;0,768;0,768;;
16/05/2026 16:30;0,952;0,952;;
16/05/2026 16:45;0,591;0,591;;
16/05/2026 17:00;0,939;0,939;;
16/05/2026 17:15;0,88;0,88;;
16/05/2026 17:30;1.006;1,006;;
16/05/2026 17:45;0,093;0,093;;
16/05/2026 18:00;0,133;0,133;;
16/05/2026 18:15;0,147;0,147;;
16/05/2026 18:30;0,234;0,234;;
16/05/2026 18:45;0,147;0,147;;
16/05/2026 19:00;0,104;0,104;;
16/05/2026 19:15;0,161;0,161;;
16/05/2026 19:30;0,188;0,188;;
16/05/2026 19:45;0,116;0,116;;
16/05/2026 20:00;0,129;0,129;;
16/05/2026 20:15;0,163;0,163;;
16/05/2026 20:30;0,097;0,097;;
16/05/2026 20:45;0,109;0,109;;
16/05/2026 21:00;0,176;0,176;;
16/05/2026 21:15;0,06;0,06;;
16/05/2026 21:30;0,077;0,077;;
16/05/2026 21:45;0,168;0,168;;
16/05/2026 22:00;0,116;0,116;;
16/05/2026 22:15;0,044;0,044;;
16/05/2026 22:30;0,08;0,08;;
16/05/2026 22:45;0,136;0,136;;
16/05/2026 23:00;0,095;0,095;;
16/05/2026 23:15;0,099;0,099;;
16/05/2026 23:30;0,064;0,064;;
16/05/2026 23:45;0,102;0,102;;
17/05/2026 00:00;0,089;0,089;;
17/05/2026 00:15;0,07;0,07;;
17/05/2026 00:30;0,077;0,077;;
17/05/2026 00:45;0,091;0,091;;
17/05/2026 01:00;0,079;0,079;;
17/05/2026 01:15;0,058;0,058;;
17/05/2026 01:30;0,137;0,137;;
17/05/2026 01:45;0,089;0,089;;
17/05/2026 02:00;0,099;0,099;;
17/05/2026 02:15;0,102;0,102;;
17/05/2026 02:30;0,12;0,12;;
17/05/2026 02:45;0,052;0,052;;
17/05/2026 03:00;0,042;0,042;;
17/05/2026 03:15;0,097;0,097;;
17/05/2026 03:30;0,069;0,069;;
17/05/2026 03:45;0,098;0,098;;
17/05/2026 04:00;0,088;0,088;;
17/05/2026 04:15;0,088;0,088;;
17/05/2026 04:30;0,072;0,072;;
17/05/2026 04:45;0,061;0,061;;
17/05/2026 05:00;0,098;0,098;;
17/05/2026 05:15;0,073;0,073;;
17/05/2026 05:30;0,083;0,083;;
17/05/2026 05:45;0,06;0,06;;
17/05/2026 06:00;0,088;0,088;;
17/05/2026 06:15;0,081;0,081;;
17/05/2026 06:30;0,088;0,088;;
17/05/2026 06:45;0,096;0,096;;
17/05/2026 07:00;0,042;0,042;;
17/05/2026 07:15;0,051;0,051;;
17/05/2026 07:30;0,087;0,087;;
17/05/2026 07:45;0,112;0,112;;
17/05/2026 08:00;0,06;0,06;;
17/05/2026 08:15;0,061;0,061;;
17/05/2026 08:30;0,087;0,087;;
17/05/2026 08:45;0,077;0,077;;
17/05/2026 09:00;0,09;0,09;;
17/05/2026 09:15;0,038;0,038;;
17/05/2026 09:30;0,063;0,063;;
17/05/2026 09:45;0,332;0,332;;
17/05/2026 10:00;0,787;0,787;;
17/05/2026 10:15;0,699;0,699;;
17/05/2026 10:30;0,72;0,72;;
17/05/2026 10:45;0,763;0,763;;
17/05/2026 11:00;0,776;0,776;;
17/05/2026 11:15;0,734;0,734;;
17/05/2026 11:30;0,706;0,706;;
17/05/2026 11:45;0,74;0,74;;
17/05/2026 12:00;0,802;0,802;;
17/05/2026 12:15;0,972;0,972;;
17/05/2026 12:30;1.555;1,555;;
17/05/2026 12:45;1.109;1,109;;
17/05/2026 13:00;1.808;1,808;;
17/05/2026 13:15;1.069;1,069;;
17/05/2026 13:30;0,581;0,581;;
17/05/2026 13:45;0,433;0,433;;
17/05/2026 14:00;0,216;0,216;;
17/05/2026 14:15;0,226;0,226;;
17/05/2026 14:30;0,153;0,153;;
17/05/2026 14:45;0,166;0,166;;
17/05/2026 15:00;0,159;0,159;;
17/05/2026 15:15;0,154;0,154;;
17/05/2026 15:30;0,865;0,865;;
17/05/2026 15:45;0,842;0,842;;
17/05/2026 16:00;0,756;0,756;;
17/05/2026 16:15;0,739;0,739;;
17/05/2026 16:30;0,805;0,805;;
17/05/2026 16:45;0,813;0,813;;
17/05/2026 17:00;0,765;0,765;;
17/05/2026 17:15;0,756;0,756;;
17/05/2026 17:30;0,793;0,793;;
17/05/2026 17:45;0,762;0,762;;
17/05/2026 18:00;0,716;0,716;;
17/05/2026 18:15;0,738;0,738;;
17/05/2026 18:30;0,891;0,891;;
17/05/2026 18:45;0,952;0,952;;
17/05/2026 19:00;1.084;1,084;;
17/05/2026 19:15;0,921;0,921;;
17/05/2026 19:30;0,993;0,993;;
17/05/2026 19:45;1.514;1,514;;
17/05/2026 20:00;1,04;1,04;;
17/05/2026 20:15;1.364;1,364;;
17/05/2026 20:30;1.283;1,283;;
17/05/2026 20:45;2.011;2,011;;
17/05/2026 21:00;1.992;1,992;;
17/05/2026 21:15;0,931;0,931;;
17/05/2026 21:30;0,953;0,953;;
17/05/2026 21:45;1.021;1,021;;
17/05/2026 22:00;0,538;0,538;;
17/05/2026 22:15;0,337;0,337;;
17/05/2026 22:30;0,178;0,178;;
17/05/2026 22:45;0,063;0,063;;
17/05/2026 23:00;0,048;0,048;;
17/05/2026 23:15;0,091;0,091;;
17/05/2026 23:30;0,087;0,087;;
17/05/2026 23:45;0,046;0,046;;
18/05/2026 00:00;0,059;0,059;;
18/05/2026 00:15;0,087;0,087;;
18/05/2026 00:30;0,112;0,112;;
18/05/2026 00:45;0,085;0,085;;
18/05/2026 01:00;0,05;0,05;;
18/05/2026 01:15;0,082;0,082;;
18/05/2026 01:30;0,062;0,062;;
18/05/2026 01:45;0,078;0,078;;
18/05/2026 02:00;0,064;0,064;;
18/05/2026 02:15;0,084;0,084;;
18/05/2026 02:30;0,063;0,063;;
18/05/2026 02:45;0,083;0,083;;
18/05/2026 03:00;0,152;0,152;;
18/05/2026 03:15;0,077;0,077;;
18/05/2026 03:30;0,048;0,048;;
18/05/2026 03:45;0,044;0,044;;
18/05/2026 04:00;0,114;0,114;;
18/05/2026 04:15;0,074;0,074;;
18/05/2026 04:30;0,054;0,054;;
18/05/2026 04:45;0,079;0,079;;
18/05/2026 05:00;0,116;0,116;;
18/05/2026 05:15;0,136;0,136;;
18/05/2026 05:30;0,075;0,075;;
18/05/2026 05:45;0,082;0,082;;
18/05/2026 06:00;0,066;0,066;;
18/05/2026 06:15;0,053;0,053;;
18/05/2026 06:30;0,084;0,084;;
18/05/2026 06:45;0,083;0,083;;
18/05/2026 07:00;0,05;0,05;;
18/05/2026 07:15;0,058;0,058;;
18/05/2026 07:30;0,074;0,074;;
18/05/2026 07:45;0,107;0,107;;
18/05/2026 08:00;0,049;0,049;;
18/05/2026 08:15;0,048;0,048;;
18/05/2026 08:30;0,064;0,064;;
18/05/2026 08:45;0,116;0,116;;
18/05/2026 09:00;0,054;0,054;;
18/05/2026 09:15;0,104;0,104;;
18/05/2026 09:30;0,126;0,126;;
18/05/2026 09:45;0,061;0,061;;
18/05/2026 10:00;0,123;0,123;;
18/05/2026 10:15;0,137;0,137;;
18/05/2026 10:30;0,047;0,047;;
18/05/2026 10:45;0,1;0,1;;
18/05/2026 11:00;0,141;0,141;;
18/05/2026 11:15;0,059;0,059;;
18/05/2026 11:30;0,108;0,108;;
18/05/2026 11:45;0,147;0,147;;
18/05/2026 12:00;0,074;0,074;;
18/05/2026 12:15;0,121;0,121;;
18/05/2026 12:30;0,17;0,17;;
18/05/2026 12:45;0,081;0,081;;
18/05/2026 13:00;0,095;0,095;;
18/05/2026 13:15;0,144;0,144;;
18/05/2026 13:30;0,1;0,1;;
18/05/2026 13:45;0,106;0,106;;
18/05/2026 14:00;0,163;0,163;;
18/05/2026 14:15;0,126;0,126;;
18/05/2026 14:30;0,153;0,153;;
18/05/2026 14:45;0,167;0,167;;
18/05/2026 15:00;0,163;0,163;;
18/05/2026 15:15;0,109;0,109;;
18/05/2026 15:30;0,105;0,105;;
18/05/2026 15:45;0,169;0,169;;
18/05/2026 16:00;0,155;0,155;;
18/05/2026 16:15;0,112;0,112;;
18/05/2026 16:30;0,088;0,088;;
18/05/2026 16:45;0,133;0,133;;
18/05/2026 17:00;0,169;0,169;;
18/05/2026 17:15;0,169;0,169;;
18/05/2026 17:30;0,157;0,157;;
18/05/2026 17:45;0,095;0,095;;
18/05/2026 18:00;0,069;0,069;;
18/05/2026 18:15;0,165;0,165;;
18/05/2026 18:30;0,751;0,751;;
18/05/2026 18:45;0,729;0,729;;
18/05/2026 19:00;0,711;0,711;;
18/05/2026 19:15;0,803;0,803;;
18/05/2026 19:30;0,761;0,761;;
18/05/2026 19:45;0,711;0,711;;
18/05/2026 20:00;0,819;0,819;;
18/05/2026 20:15;0,869;0,869;;
18/05/2026 20:30;1.435;1,435;;
18/05/2026 20:45;1.536;1,536;;
18/05/2026 21:00;1.587;1,587;;
18/05/2026 21:15;1.467;1,467;;
18/05/2026 21:30;1.371;1,371;;
18/05/2026 21:45;1.138;1,138;;
18/05/2026 22:00;1.104;1,104;;
18/05/2026 22:15;1.107;1,107;;
18/05/2026 22:30;1.097;1,097;;
18/05/2026 22:45;1.107;1,107;;
18/05/2026 23:00;0,675;0,675;;
18/05/2026 23:15;0,112;0,112;;
18/05/2026 23:30;0,103;0,103;;
18/05/2026 23:45;0,131;0,131;;
19/05/2026 00:00;0,11;0,11;;
19/05/2026 00:15;0,087;0,087;;
19/05/2026 00:30;0,116;0,116;;
19/05/2026 00:45;0,084;0,084;;
19/05/2026 01:00;0,051;0,051;;
19/05/2026 01:15;0,113;0,113;;
19/05/2026 01:30;0,097;0,097;;
19/05/2026 01:45;0,044;0,044;;
19/05/2026 02:00;0,098;0,098;;
19/05/2026 02:15;0,127;0,127;;
19/05/2026 02:30;0,044;0,044;;
19/05/2026 02:45;0,05;0,05;;
19/05/2026 03:00;0,094;0,094;;
19/05/2026 03:15;0,134;0,134;;
19/05/2026 03:30;0,075;0,075;;
19/05/2026 03:45;0,069;0,069;;
19/05/2026 04:00;0,115;0,115;;
19/05/2026 04:15;0,104;0,104;;
19/05/2026 04:30;0,09;0,09;;
19/05/2026 04:45;0,054;0,054;;
19/05/2026 05:00;0,079;0,079;;
19/05/2026 05:15;0,069;0,069;;
19/05/2026 05:30;0,066;0,066;;
19/05/2026 05:45;0,066;0,066;;
19/05/2026 06:00;0,082;0,082;;
19/05/2026 06:15;0,063;0,063;;
19/05/2026 06:30;0,066;0,066;;
19/05/2026 06:45;0,082;0,082;;
19/05/2026 07:00;0,122;0,122;;
19/05/2026 07:15;0,072;0,072;;
19/05/2026 07:30;0,077;0,077;;
19/05/2026 07:45;0,08;0,08;;
19/05/2026 08:00;0,11;0,11;;
19/05/2026 08:15;0,059;0,059;;
19/05/2026 08:30;0,089;0,089;;
19/05/2026 08:45;0,161;0,161;;
19/05/2026 09:00;0,398;0,398;;
19/05/2026 09:15;0,418;0,418;;
19/05/2026 09:30;0,438;0,438;;
19/05/2026 09:45;0,387;0,387;;
19/05/2026 10:00;0,32;0,32;;
19/05/2026 10:15;0,13;0,13;;
19/05/2026 10:30;0,127;0,127;;
19/05/2026 10:45;0,125;0,125;;
19/05/2026 11:00;0,106;0,106;;
19/05/2026 11:15;0,121;0,121;;
19/05/2026 11:30;0,142;0,142;;
19/05/2026 11:45;0,128;0,128;;
19/05/2026 12:00;0,159;0,159;;
19/05/2026 12:15;0,156;0,156;;
19/05/2026 12:30;0,116;0,116;;
19/05/2026 12:45;0,156;0,156;;
19/05/2026 13:00;0,167;0,167;;
19/05/2026 13:15;0,073;0,073;;
19/05/2026 13:30;0,093;0,093;;
19/05/2026 13:45;0,172;0,172;;
19/05/2026 14:00;0,104;0,104;;
19/05/2026 14:15;0,099;0,099;;
19/05/2026 14:30;0,156;0,156;;
19/05/2026 14:45;0,317;0,317;;
19/05/2026 15:00;0,34;0,34;;
19/05/2026 15:15;0,254;0,254;;
19/05/2026 15:30;0,273;0,273;;
19/05/2026 15:45;0,351;0,351;;
19/05/2026 16:00;0,252;0,252;;
19/05/2026 16:15;0,273;0,273;;
19/05/2026 16:30;0,366;0,366;;
19/05/2026 16:45;0,291;0,291;;
19/05/2026 17:00;0,249;0,249;;
19/05/2026 17:15;0,33;0,33;;
19/05/2026 17:30;0,295;0,295;;
19/05/2026 17:45;0,251;0,251;;
19/05/2026 18:00;0,318;0,318;;
19/05/2026 18:15;0,273;0,273;;
19/05/2026 18:30;0,701;0,701;;
19/05/2026 18:45;0,941;0,941;;
19/05/2026 19:00;0,944;0,944;;
19/05/2026 19:15;0,929;0,929;;
19/05/2026 19:30;0,962;0,962;;
19/05/2026 19:45;0,957;0,957;;
19/05/2026 20:00;0,946;0,946;;
19/05/2026 20:15;0,978;0,978;;
19/05/2026 20:30;1.449;1,449;;
19/05/2026 20:45;1.622;1,622;;
19/05/2026 21:00;1.653;1,653;;
19/05/2026 21:15;1.621;1,621;;
19/05/2026 21:30;1.396;1,396;;
19/05/2026 21:45;0,95;0,95;;
19/05/2026 22:00;0,928;0,928;;
19/05/2026 22:15;0,917;0,917;;
19/05/2026 22:30;0,934;0,934;;
19/05/2026 22:45;0,912;0,912;;
19/05/2026 23:00;0,902;0,902;;
19/05/2026 23:15;0,912;0,912;;
19/05/2026 23:30;0,944;0,944;;
19/05/2026 23:45;0,925;0,925;;
20/05/2026 00:00;0,915;0,915;;
20/05/2026 00:15;0,951;0,951;;
20/05/2026 00:30;0,956;0,956;;
20/05/2026 00:45;0,948;0,948;;
20/05/2026 01:00;0,932;0,932;;
20/05/2026 01:15;0,921;0,921;;
20/05/2026 01:30;0,941;0,941;;
20/05/2026 01:45;0,926;0,926;;
20/05/2026 02:00;0,871;0,871;;
20/05/2026 02:15;0,596;0,596;;
20/05/2026 02:30;0,11;0,11;;
20/05/2026 02:45;0,063;0,063;;
20/05/2026 03:00;0,085;0,085;;
20/05/2026 03:15;0,123;0,123;;
20/05/2026 03:30;0,065;0,065;;
20/05/2026 03:45;0,056;0,056;;
20/05/2026 04:00;0,119;0,119;;
20/05/2026 04:15;0,117;0,117;;
20/05/2026 04:30;0,079;0,079;;
20/05/2026 04:45;0,082;0,082;;
20/05/2026 05:00;0,106;0,106;;
20/05/2026 05:15;0,097;0,097;;
20/05/2026 05:30;0,064;0,064;;
20/05/2026 05:45;0,094;0,094;;
20/05/2026 06:00;0,1;0,1;;
20/05/2026 06:15;0,069;0,069;;
20/05/2026 06:30;0,126;0,126;;
20/05/2026 06:45;0,125;0,125;;
20/05/2026 07:00;0,133;0,133;;
20/05/2026 07:15;0,113;0,113;;
20/05/2026 07:30;0,08;0,08;;
20/05/2026 07:45;0,107;0,107;;
20/05/2026 08:00;0,125;0,125;;
20/05/2026 08:15;0,055;0,055;;
20/05/2026 08:30;0,094;0,094;;
20/05/2026 08:45;0,18;0,18;;
20/05/2026 09:00;0,061;0,061;;
20/05/2026 09:15;0,068;0,068;;
20/05/2026 09:30;0,156;0,156;;
20/05/2026 09:45;0,092;0,092;;
20/05/2026 10:00;0,056;0,056;;
20/05/2026 10:15;0,151;0,151;;
20/05/2026 10:30;0,131;0,131;;
20/05/2026 10:45;0,062;0,062;;
20/05/2026 11:00;0,15;0,15;;
20/05/2026 11:15;0,078;0,078;;
20/05/2026 11:30;0,015;0,015;;
20/05/2026 11:45;0,015;0,015;;
20/05/2026 12:00;0,015;0,015;;
20/05/2026 12:15;0,015;0,015;;
20/05/2026 12:30;0,015;0,015;;
20/05/2026 12:45;0,015;0,015;;
20/05/2026 13:00;0,3;0,3;;
20/05/2026 13:15;0,262;0,262;;
20/05/2026 13:30;0,229;0,229;;
20/05/2026 13:45;0,224;0,224;;
20/05/2026 14:00;0,169;0,169;;
20/05/2026 14:15;0,142;0,142;;
20/05/2026 14:30;0,225;0,225;;
20/05/2026 14:45;0,205;0,205;;
20/05/2026 15:00;0,126;0,126;;
20/05/2026 15:15;0,203;0,203;;
20/05/2026 15:30;0,242;0,242;;
20/05/2026 15:45;0,151;0,151;;
20/05/2026 16:00;0,108;0,108;;
20/05/2026 16:15;0,2;0,2;;
20/05/2026 16:30;0,196;0,196;;
20/05/2026 16:45;0,128;0,128;;
20/05/2026 17:00;0,112;0,112;;
20/05/2026 17:15;0,117;0,117;;
20/05/2026 17:30;0,181;0,181;;
20/05/2026 17:45;0,188;0,188;;
20/05/2026 18:00;0,164;0,164;;
20/05/2026 18:15;0,123;0,123;;
20/05/2026 18:30;0,151;0,151;;
20/05/2026 18:45;0,225;0,225;;
20/05/2026 19:00;0,219;0,219;;
20/05/2026 19:15;0,159;0,159;;
20/05/2026 19:30;0,152;0,152;;
20/05/2026 19:45;0,156;0,156;;
20/05/2026 20:00;0,807;0,807;;
20/05/2026 20:15;0,84;0,84;;
20/05/2026 20:30;1,3;1,3;;
20/05/2026 20:45;1.483;1,483;;
20/05/2026 21:00;1.519;1,519;;
20/05/2026 21:15;1.446;1,446;;
20/05/2026 21:30;1.304;1,304;;
20/05/2026 21:45;1.151;1,151;;
20/05/2026 22:00;0,859;0,859;;
20/05/2026 22:15;0,764;0,764;;
20/05/2026 22:30;0,762;0,762;;
20/05/2026 22:45;0,799;0,799;;
20/05/2026 23:00;0,767;0,767;;
20/05/2026 23:15;0,33;0,33;;
20/05/2026 23:30;0,176;0,176;;
20/05/2026 23:45;0,135;0,135;;
21/05/2026 00:00;0,126;0,126;;
21/05/2026 00:15;0,098;0,098;;
21/05/2026 00:30;0,13;0,13;;
21/05/2026 00:45;0,145;0,145;;
21/05/2026 01:00;0,08;0,08;;
21/05/2026 01:15;0,075;0,075;;
21/05/2026 01:30;0,135;0,135;;
21/05/2026 01:45;0,084;0,084;;
21/05/2026 02:00;0,089;0,089;;
21/05/2026 02:15;0,126;0,126;;
21/05/2026 02:30;0,098;0,098;;
21/05/2026 02:45;0,093;0,093;;
21/05/2026 03:00;0,108;0,108;;
21/05/2026 03:15;0,083;0,083;;
21/05/2026 03:30;0,085;0,085;;
21/05/2026 03:45;0,089;0,089;;
21/05/2026 04:00;0,094;0,094;;
21/05/2026 04:15;0,079;0,079;;
21/05/2026 04:30;0,07;0,07;;
21/05/2026 04:45;0,1;0,1;;
21/05/2026 05:00;0,094;0,094;;
21/05/2026 05:15;0,08;0,08;;
21/05/2026 05:30;0,063;0,063;;
21/05/2026 05:45;0,105;0,105;;
21/05/2026 06:00;0,092;0,092;;
21/05/2026 06:15;0,072;0,072;;
21/05/2026 06:30;0,066;0,066;;
21/05/2026 06:45;0,156;0,156;;
21/05/2026 07:00;0,087;0,087;;
21/05/2026 07:15;0,068;0,068;;
21/05/2026 07:30;0,145;0,145;;
21/05/2026 07:45;0,144;0,144;;
21/05/2026 08:00;0,065;0,065;;
21/05/2026 08:15;0,104;0,104;;
21/05/2026 08:30;0,125;0,125;;
21/05/2026 08:45;0,122;0,122;;
21/05/2026 09:00;0,161;0,161;;
21/05/2026 09:15;0,189;0,189;;
21/05/2026 09:30;0,173;0,173;;
21/05/2026 09:45;0,224;0,224;;
21/05/2026 10:00;0,235;0,235;;
21/05/2026 10:15;0,262;0,262;;
21/05/2026 10:30;0,266;0,266;;
21/05/2026 10:45;0,23;0,23;;
21/05/2026 11:00;0,252;0,252;;
21/05/2026 11:15;0,297;0,297;;
21/05/2026 11:30;0,218;0,218;;
21/05/2026 11:45;0,221;0,221;;
21/05/2026 12:00;0,256;0,256;;
21/05/2026 12:15;0,291;0,291;;
21/05/2026 12:30;0,247;0,247;;
21/05/2026 12:45;0,245;0,245;;
21/05/2026 13:00;0,27;0,27;;
21/05/2026 13:15;0,258;0,258;;
21/05/2026 13:30;0,223;0,223;;
21/05/2026 13:45;0,229;0,229;;
21/05/2026 14:00;0,176;0,176;;
21/05/2026 14:15;0,151;0,151;;
21/05/2026 14:30;0,186;0,186;;
21/05/2026 14:45;0,203;0,203;;
21/05/2026 15:00;0,224;0,224;;
21/05/2026 15:15;0,132;0,132;;
21/05/2026 15:30;0,192;0,192;;
21/05/2026 15:45;0,192;0,192;;
21/05/2026 16:00;0,181;0,181;;
21/05/2026 16:15;0,215;0,215;;
21/05/2026 16:30;0,146;0,146;;
21/05/2026 16:45;0,2;0,2;;
21/05/2026 17:00;0,162;0,162;;
21/05/2026 17:15;0,148;0,148;;
21/05/2026 17:30;0,206;0,206;;
21/05/2026 17:45;0,122;0,122;;
21/05/2026 18:00;0,104;0,104;;
21/05/2026 18:15;0,188;0,188;;
21/05/2026 18:30;0,181;0,181;;
21/05/2026 18:45;0,169;0,169;;
21/05/2026 19:00;0,101;0,101;;
21/05/2026 19:15;0,211;0,211;;
21/05/2026 19:30;0,159;0,159;;
21/05/2026 19:45;0,096;0,096;;
21/05/2026 20:00;0,119;0,119;;
21/05/2026 20:15;0,166;0,166;;
21/05/2026 20:30;0,974;0,974;;
21/05/2026 20:45;1.441;1,441;;
21/05/2026 21:00;1.485;1,485;;
21/05/2026 21:15;1.458;1,458;;
21/05/2026 21:30;1.192;1,192;;
21/05/2026 21:45;0,539;0,539;;
21/05/2026 22:00;0,455;0,455;;
21/05/2026 22:15;0,428;0,428;;
21/05/2026 22:30;0,497;0,497;;
21/05/2026 22:45;0,506;0,506;;
21/05/2026 23:00;0,385;0,385;;
21/05/2026 23:15;0,111;0,111;;
21/05/2026 23:30;0,087;0,087;;
21/05/2026 23:45;0,17;0,17;;
22/05/2026 00:00;0,123;0,123;;
22/05/2026 00:15;0,112;0,112;;
22/05/2026 00:30;0,151;0,151;;
22/05/2026 00:45;0,158;0,158;;
22/05/2026 01:00;0,107;0,107;;
22/05/2026 01:15;0,11;0,11;;
22/05/2026 01:30;0,165;0,165;;
22/05/2026 01:45;0,083;0,083;;
22/05/2026 02:00;0,072;0,072;;
22/05/2026 02:15;0,125;0,125;;
22/05/2026 02:30;0,166;0,166;;
22/05/2026 02:45;0,109;0,109;;
22/05/2026 03:00;0,102;0,102;;
22/05/2026 03:15;0,085;0,085;;
22/05/2026 03:30;0,123;0,123;;
22/05/2026 03:45;0,105;0,105;;
22/05/2026 04:00;0,075;0,075;;
22/05/2026 04:15;0,088;0,088;;
22/05/2026 04:30;0,132;0,132;;
22/05/2026 04:45;0,114;0,114;;
22/05/2026 05:00;0,101;0,101;;
22/05/2026 05:15;0,09;0,09;;
22/05/2026 05:30;0,103;0,103;;
22/05/2026 05:45;0,095;0,095;;
22/05/2026 06:00;0,091;0,091;;
22/05/2026 06:15;0,068;0,068;;
22/05/2026 06:30;0,059;0,059;;
22/05/2026 06:45;0,132;0,132;;
22/05/2026 07:00;0,156;0,156;;
22/05/2026 07:15;0,156;0,156;;
22/05/2026 07:30;0,075;0,075;;
22/05/2026 07:45;0,115;0,115;;
22/05/2026 08:00;0,169;0,169;;
22/05/2026 08:15;0,144;0,144;;
22/05/2026 08:30;0,192;0,192;;
22/05/2026 08:45;0,178;0,178;;
22/05/2026 09:00;0,216;0,216;;
22/05/2026 09:15;0,212;0,212;;
22/05/2026 09:30;0,255;0,255;;
22/05/2026 09:45;0,279;0,279;;
22/05/2026 10:00;0,214;0,214;;
22/05/2026 10:15;0,234;0,234;;
22/05/2026 10:30;0,295;0,295;;
22/05/2026 10:45;0,294;0,294;;
22/05/2026 11:00;0,225;0,225;;
22/05/2026 11:15;0,262;0,262;;
22/05/2026 11:30;0,27;0,27;;
22/05/2026 11:45;0,25;0,25;;
22/05/2026 12:00;0,241;0,241;;
22/05/2026 12:15;0,227;0,227;;
22/05/2026 12:30;0,236;0,236;;
22/05/2026 12:45;0,188;0,188;;
22/05/2026 13:00;0,258;0,258;;
22/05/2026 13:15;0,179;0,179;;
22/05/2026 13:30;0,161;0,161;;
22/05/2026 13:45;0,177;0,177;;
22/05/2026 14:00;0,239;0,239;;
22/05/2026 14:15;0,236;0,236;;
22/05/2026 14:30;0,215;0,215;;
22/05/2026 14:45;0,264;0,264;;
22/05/2026 15:00;0,247;0,247;;
22/05/2026 15:15;0,221;0,221;;
22/05/2026 15:30;0,265;0,265;;
22/05/2026 15:45;0,2;0,2;;
22/05/2026 16:00;0,225;0,225;;
22/05/2026 16:15;0,285;0,285;;
22/05/2026 16:30;0,258;0,258;;
22/05/2026 16:45;0,366;0,366;;
22/05/2026 17:00;0,311;0,311;;
22/05/2026 17:15;0,272;0,272;;
22/05/2026 17:30;0,257;0,257;;
22/05/2026 17:45;0,303;0,303;;
22/05/2026 18:00;0,337;0,337;;
22/05/2026 18:15;0,396;0,396;;
22/05/2026 18:30;0,508;0,508;;
22/05/2026 18:45;0,411;0,411;;
22/05/2026 19:00;0,51;0,51;;
22/05/2026 19:15;0,517;0,517;;
22/05/2026 19:30;0,435;0,435;;
22/05/2026 19:45;0,455;0,455;;
22/05/2026 20:00;0,472;0,472;;
22/05/2026 20:15;0,45;0,45;;
22/05/2026 20:30;0,918;0,918;;
22/05/2026 20:45;1,35;1,35;;
22/05/2026 21:00;1.296;1,296;;
22/05/2026 21:15;1.264;1,264;;
22/05/2026 21:30;0,925;0,925;;
22/05/2026 21:45;0,263;0,263;;
22/05/2026 22:00;0,322;0,322;;
22/05/2026 22:15;0,448;0,448;;
22/05/2026 22:30;0,406;0,406;;
22/05/2026 22:45;0,319;0,319;;
22/05/2026 23:00;0,156;0,156;;
22/05/2026 23:15;0,109;0,109;;
22/05/2026 23:30;0,095;0,095;;
22/05/2026 23:45;0,103;0,103;;
23/05/2026 00:00;0,118;0,118;;
23/05/2026 00:15;0,168;0,168;;
23/05/2026 00:30;0,1;0,1;;
23/05/2026 00:45;0,06;0,06;;
23/05/2026 01:00;0,096;0,096;;
23/05/2026 01:15;0,141;0,141;;
23/05/2026 01:30;0,116;0,116;;
23/05/2026 01:45;0,088;0,088;;
23/05/2026 02:00;0,105;0,105;;
23/05/2026 02:15;0,083;0,083;;
23/05/2026 02:30;0,128;0,128;;
23/05/2026 02:45;0,101;0,101;;
23/05/2026 03:00;0,065;0,065;;
23/05/2026 03:15;0,09;0,09;;
23/05/2026 03:30;0,116;0,116;;
23/05/2026 03:45;0,115;0,115;;
23/05/2026 04:00;0,099;0,099;;
23/05/2026 04:15;0,097;0,097;;
23/05/2026 04:30;0,058;0,058;;
23/05/2026 04:45;0,14;0,14;;
23/05/2026 05:00;0,155;0,155;;
23/05/2026 05:15;0,069;0,069;;
23/05/2026 05:30;0,063;0,063;;
23/05/2026 05:45;0,124;0,124;;
23/05/2026 06:00;0,19;0,19;;
23/05/2026 06:15;0,111;0,111;;
23/05/2026 06:30;0,063;0,063;;
23/05/2026 06:45;0,112;0,112;;
23/05/2026 07:00;0,098;0,098;;
23/05/2026 07:15;0,122;0,122;;
23/05/2026 07:30;0,094;0,094;;
23/05/2026 07:45;0,109;0,109;;
23/05/2026 08:00;0,1;0,1;;
23/05/2026 08:15;0,12;0,12;;
23/05/2026 08:30;0,158;0,158;;
23/05/2026 08:45;0,19;0,19;;
23/05/2026 09:00;0,158;0,158;;
23/05/2026 09:15;0,168;0,168;;
23/05/2026 09:30;0,289;0,289;;
23/05/2026 09:45;0,279;0,279;;
23/05/2026 10:00;0,159;0,159;;
23/05/2026 10:15;0,277;0,277;;
23/05/2026 10:30;0,306;0,306;;
23/05/2026 10:45;0,283;0,283;;
23/05/2026 11:00;0,328;0,328;;
23/05/2026 11:15;0,327;0,327;;
23/05/2026 11:30;0,351;0,351;;
23/05/2026 11:45;0,263;0,263;;
23/05/2026 12:00;0,264;0,264;;
23/05/2026 12:15;0,4;0,4;;
23/05/2026 12:30;0,358;0,358;;
23/05/2026 12:45;0,363;0,363;;
23/05/2026 13:00;0,425;0,425;;
23/05/2026 13:15;0,421;0,421;;
23/05/2026 13:30;0,374;0,374;;
23/05/2026 13:45;0,401;0,401;;
23/05/2026 14:00;0,414;0,414;;
23/05/2026 14:15;0,464;0,464;;
23/05/2026 14:30;0,442;0,442;;
23/05/2026 14:45;0,501;0,501;;
23/05/2026 15:00;0,433;0,433;;
23/05/2026 15:15;0,465;0,465;;
23/05/2026 15:30;0,47;0,47;;
23/05/2026 15:45;0,478;0,478;;
23/05/2026 16:00;0,493;0,493;;
23/05/2026 16:15;0,431;0,431;;
23/05/2026 16:30;0,415;0,415;;
23/05/2026 16:45;0,528;0,528;;
23/05/2026 17:00;0,401;0,401;;
23/05/2026 17:15;0,303;0,303;;
23/05/2026 17:30;0,284;0,284;;
23/05/2026 17:45;0,376;0,376;;
23/05/2026 18:00;0,359;0,359;;
23/05/2026 18:15;0,274;0,274;;
23/05/2026 18:30;0,484;0,484;;
23/05/2026 18:45;0,415;0,415;;
23/05/2026 19:00;0,381;0,381;;
23/05/2026 19:15;0,465;0,465;;
23/05/2026 19:30;0,372;0,372;;
23/05/2026 19:45;0,341;0,341;;
23/05/2026 20:00;0,447;0,447;;
23/05/2026 20:15;0,31;0,31;;
23/05/2026 20:30;0,25;0,25;;
23/05/2026 20:45;0,331;0,331;;
23/05/2026 21:00;0,23;0,23;;
23/05/2026 21:15;0,31;0,31;;
23/05/2026 21:30;0,235;0,235;;
23/05/2026 21:45;0,136;0,136;;
23/05/2026 22:00;0,131;0,131;;
23/05/2026 22:15;0,22;0,22;;
23/05/2026 22:30;0,135;0,135;;
23/05/2026 22:45;0,109;0,109;;
23/05/2026 23:00;0,205;0,205;;
23/05/2026 23:15;0,072;0,072;;
23/05/2026 23:30;0,087;0,087;;
23/05/2026 23:45;0,203;0,203;;
24/05/2026 00:00;0,12;0,12;;
24/05/2026 00:15;0,071;0,071;;
24/05/2026 00:30;0,158;0,158;;
24/05/2026 00:45;0,178;0,178;;
24/05/2026 01:00;0,081;0,081;;
24/05/2026 01:15;0,094;0,094;;
24/05/2026 01:30;0,127;0,127;;
24/05/2026 01:45;0,099;0,099;;
24/05/2026 02:00;0,092;0,092;;
24/05/2026 02:15;0,101;0,101;;
24/05/2026 02:30;0,107;0,107;;
24/05/2026 02:45;0,135;0,135;;
24/05/2026 03:00;0,102;0,102;;
24/05/2026 03:15;0,111;0,111;;
24/05/2026 03:30;0,403;0,403;;
24/05/2026 03:45;0,284;0,284;;
24/05/2026 04:00;0,134;0,134;;
24/05/2026 04:15;0,149;0,149;;
24/05/2026 04:30;0,254;0,254;;
24/05/2026 04:45;0,155;0,155;;
24/05/2026 05:00;0,136;0,136;;
24/05/2026 05:15;0,245;0,245;;
24/05/2026 05:30;0,165;0,165;;
24/05/2026 05:45;0,185;0,185;;
24/05/2026 06:00;0,321;0,321;;
24/05/2026 06:15;0,495;0,495;;
24/05/2026 06:30;0,431;0,431;;
24/05/2026 06:45;0,389;0,389;;
24/05/2026 07:00;0,408;0,408;;
24/05/2026 07:15;0,221;0,221;;
24/05/2026 07:30;0,161;0,161;;
24/05/2026 07:45;0,148;0,148;;
24/05/2026 08:00;0,256;0,256;;
24/05/2026 08:15;0,189;0,189;;
24/05/2026 08:30;0,203;0,203;;
24/05/2026 08:45;0,226;0,226;;
24/05/2026 09:00;0,29;0,29;;
24/05/2026 09:15;0,488;0,488;;
24/05/2026 09:30;0,313;0,313;;
24/05/2026 09:45;0,282;0,282;;
24/05/2026 10:00;0,309;0,309;;
24/05/2026 10:15;0,213;0,213;;
24/05/2026 10:30;0,311;0,311;;
24/05/2026 10:45;0,311;0,311;;
24/05/2026 11:00;0,355;0,355;;
24/05/2026 11:15;0,291;0,291;;
24/05/2026 11:30;0,315;0,315;;
24/05/2026 11:45;0,225;0,225;;
24/05/2026 12:00;0,371;0,371;;
24/05/2026 12:15;0,841;0,841;;
24/05/2026 12:30;0,313;0,313;;
24/05/2026 12:45;0,299;0,299;;
24/05/2026 13:00;0,282;0,282;;
24/05/2026 13:15;0,293;0,293;;
24/05/2026 13:30;0,394;0,394;;
24/05/2026 13:45;0,442;0,442;;
24/05/2026 14:00;0,443;0,443;;
24/05/2026 14:15;0,408;0,408;;
24/05/2026 14:30;0,428;0,428;;
24/05/2026 14:45;0,429;0,429;;
24/05/2026 15:00;0,374;0,374;;
24/05/2026 15:15;0,427;0,427;;
24/05/2026 15:30;0,41;0,41;;
24/05/2026 15:45;0,339;0,339;;
24/05/2026 16:00;0,398;0,398;;
24/05/2026 16:15;0,365;0,365;;
24/05/2026 16:30;0,336;0,336;;
24/05/2026 16:45;0,393;0,393;;
24/05/2026 17:00;0,391;0,391;;
24/05/2026 17:15;0,378;0,378;;
24/05/2026 17:30;0,375;0,375;;
24/05/2026 17:45;0,401;0,401;;
24/05/2026 18:00;0,359;0,359;;
24/05/2026 18:15;0,373;0,373;;
24/05/2026 18:30;0,407;0,407;;
24/05/2026 18:45;0,331;0,331;;
24/05/2026 19:00;0,397;0,397;;
24/05/2026 19:15;0,455;0,455;;
24/05/2026 19:30;0,484;0,484;;
24/05/2026 19:45;0,454;0,454;;
24/05/2026 20:00;0,467;0,467;;
24/05/2026 20:15;0,457;0,457;;
24/05/2026 20:30;0,467;0,467;;
24/05/2026 20:45;0,435;0,435;;
24/05/2026 21:00;0,382;0,382;;
24/05/2026 21:15;0,355;0,355;;
24/05/2026 21:30;0,32;0,32;;
24/05/2026 21:45;0,283;0,283;;
24/05/2026 22:00;0,356;0,356;;
24/05/2026 22:15;0,294;0,294;;
24/05/2026 22:30;0,234;0,234;;
24/05/2026 22:45;0,339;0,339;;
24/05/2026 23:00;0,384;0,384;;
24/05/2026 23:15;0,285;0,285;;
24/05/2026 23:30;0,193;0,193;;
24/05/2026 23:45;0,173;0,173;;
25/05/2026 00:00;0,235;0,235;;
25/05/2026 00:15;0,26;0,26;;
25/05/2026 00:30;0,204;0,204;;
25/05/2026 00:45;0,194;0,194;;
25/05/2026 01:00;0,12;0,12;;
25/05/2026 01:15;0,135;0,135;;
25/05/2026 01:30;0,195;0,195;;
25/05/2026 01:45;0,202;0,202;;
25/05/2026 02:00;0,172;0,172;;
25/05/2026 02:15;0,177;0,177;;
25/05/2026 02:30;0,189;0,189;;
25/05/2026 02:45;0,122;0,122;;
25/05/2026 03:00;0,128;0,128;;
25/05/2026 03:15;0,118;0,118;;
25/05/2026 03:30;0,123;0,123;;
25/05/2026 03:45;0,093;0,093;;
25/05/2026 04:00;0,08;0,08;;
25/05/2026 04:15;0,125;0,125;;
25/05/2026 04:30;0,14;0,14;;
25/05/2026 04:45;0,182;0,182;;
25/05/2026 05:00;0,114;0,114;;
25/05/2026 05:15;0,092;0,092;;
25/05/2026 05:30;0,125;0,125;;
25/05/2026 05:45;0,117;0,117;;
25/05/2026 06:00;0,112;0,112;;
25/05/2026 06:15;0,069;0,069;;
25/05/2026 06:30;0,096;0,096;;
25/05/2026 06:45;0,117;0,117;;
25/05/2026 07:00;0,1;0,1;;
25/05/2026 07:15;0,088;0,088;;
25/05/2026 07:30;0,08;0,08;;
25/05/2026 07:45;0,115;0,115;;
25/05/2026 08:00;0,128;0,128;;
25/05/2026 08:15;0,185;0,185;;
25/05/2026 08:30;0,207;0,207;;
25/05/2026 08:45;0,253;0,253;;
25/05/2026 09:00;0,254;0,254;;
25/05/2026 09:15;0,317;0,317;;
25/05/2026 09:30;0,298;0,298;;
25/05/2026 09:45;0,309;0,309;;
25/05/2026 10:00;0,275;0,275;;
25/05/2026 10:15;0,307;0,307;;
25/05/2026 10:30;0,409;0,409;;
25/05/2026 10:45;0,377;0,377;;
25/05/2026 11:00;0,388;0,388;;
25/05/2026 11:15;0,377;0,377;;
25/05/2026 11:30;0,374;0,374;;
25/05/2026 11:45;0,351;0,351;;
25/05/2026 12:00;0,406;0,406;;
25/05/2026 12:15;0,392;0,392;;
25/05/2026 12:30;0,309;0,309;;
25/05/2026 12:45;0,308;0,308;;
25/05/2026 13:00;0,307;0,307;;
25/05/2026 13:15;0,371;0,371;;
25/05/2026 13:30;0,375;0,375;;
25/05/2026 13:45;0,41;0,41;;
25/05/2026 14:00;0,462;0,462;;
25/05/2026 14:15;0,49;0,49;;
25/05/2026 14:30;0,481;0,481;;
25/05/2026 14:45;0,466;0,466;;
25/05/2026 15:00;0,501;0,501;;
25/05/2026 15:15;0,452;0,452;;
25/05/2026 15:30;0,488;0,488;;
25/05/2026 15:45;0,493;0,493;;
25/05/2026 16:00;0,449;0,449;;
25/05/2026 16:15;0,683;0,683;;
25/05/2026 16:30;1.055;1,055;;
25/05/2026 16:45;1,45;1,45;;
25/05/2026 17:00;1,31;1,31;;
25/05/2026 17:15;0,624;0,624;;
25/05/2026 17:30;0,841;0,841;;
25/05/2026 17:45;0,635;0,635;;
25/05/2026 18:00;0,789;0,789;;
25/05/2026 18:15;0,711;0,711;;
25/05/2026 18:30;0,633;0,633;;
25/05/2026 18:45;0,651;0,651;;
25/05/2026 19:00;0,689;0,689;;
25/05/2026 19:15;1.159;1,159;;
25/05/2026 19:30;0,743;0,743;;
25/05/2026 19:45;0,671;0,671;;
25/05/2026 20:00;0,687;0,687;;
25/05/2026 20:15;0,588;0,588;;
25/05/2026 20:30;0,768;0,768;;
25/05/2026 20:45;2.015;2,015;;
25/05/2026 21:00;1.661;1,661;;
25/05/2026 21:15;1,67;1,67;;
25/05/2026 21:30;1.918;1,918;;
25/05/2026 21:45;0,573;0,573;;
25/05/2026 22:00;0,49;0,49;;
25/05/2026 22:15;0,227;0,227;;
25/05/2026 22:30;0,183;0,183;;
25/05/2026 22:45;0,159;0,159;;
25/05/2026 23:00;0,229;0,229;;
25/05/2026 23:15;0,24;0,24;;
25/05/2026 23:30;0,166;0,166;;
25/05/2026 23:45;0,171;0,171;;
26/05/2026 00:00;0,12;0,12;;
26/05/2026 00:15;0,184;0,184;;
26/05/2026 00:30;0,111;0,111;;
26/05/2026 00:45;0,121;0,121;;
26/05/2026 01:00;0,102;0,102;;
26/05/2026 01:15;0,087;0,087;;
26/05/2026 01:30;0,165;0,165;;
26/05/2026 01:45;0,146;0,146;;
26/05/2026 02:00;0,09;0,09;;
26/05/2026 02:15;0,092;0,092;;
26/05/2026 02:30;0,153;0,153;;
26/05/2026 02:45;0,155;0,155;;
26/05/2026 03:00;0,102;0,102;;
26/05/2026 03:15;0,07;0,07;;
26/05/2026 03:30;0,061;0,061;;
26/05/2026 03:45;0,148;0,148;;
26/05/2026 04:00;0,129;0,129;;
26/05/2026 04:15;0,056;0,056;;
26/05/2026 04:30;0,06;0,06;;
26/05/2026 04:45;0,125;0,125;;
26/05/2026 05:00;0,114;0,114;;
26/05/2026 05:15;0,086;0,086;;
26/05/2026 05:30;0,119;0,119;;
26/05/2026 05:45;0,12;0,12;;
26/05/2026 06:00;0,081;0,081;;
26/05/2026 06:15;0,118;0,118;;
26/05/2026 06:30;0,086;0,086;;
26/05/2026 06:45;0,063;0,063;;
26/05/2026 07:00;0,072;0,072;;
26/05/2026 07:15;0,15;0,15;;
26/05/2026 07:30;0,097;0,097;;
26/05/2026 07:45;0,063;0,063;;
26/05/2026 08:00;0,114;0,114;;
26/05/2026 08:15;0,163;0,163;;
26/05/2026 08:30;0,217;0,217;;
26/05/2026 08:45;0,245;0,245;;
26/05/2026 09:00;0,19;0,19;;
26/05/2026 09:15;0,238;0,238;;
26/05/2026 09:30;0,291;0,291;;
26/05/2026 09:45;0,299;0,299;;
26/05/2026 10:00;0,391;0,391;;
26/05/2026 10:15;0,323;0,323;;
26/05/2026 10:30;0,318;0,318;;
26/05/2026 10:45;0,392;0,392;;
26/05/2026 11:00;0,381;0,381;;
26/05/2026 11:15;0,401;0,401;;
26/05/2026 11:30;0,391;0,391;;
26/05/2026 11:45;0,379;0,379;;
26/05/2026 12:00;0,446;0,446;;
26/05/2026 12:15;0,408;0,408;;
26/05/2026 12:30;0,344;0,344;;
26/05/2026 12:45;0,323;0,323;;
26/05/2026 13:00;0,375;0,375;;
26/05/2026 13:15;0,385;0,385;;
26/05/2026 13:30;0,362;0,362;;
26/05/2026 13:45;0,364;0,364;;
26/05/2026 14:00;0,342;0,342;;
26/05/2026 14:15;0,395;0,395;;
26/05/2026 14:30;0,362;0,362;;
26/05/2026 14:45;0,312;0,312;;
26/05/2026 15:00;0,422;0,422;;
26/05/2026 15:15;0,364;0,364;;
26/05/2026 15:30;0,349;0,349;;
26/05/2026 15:45;0,324;0,324;;
26/05/2026 16:00;0,356;0,356;;
26/05/2026 16:15;0,39;0,39;;
26/05/2026 16:30;0,42;0,42;;
26/05/2026 16:45;0,336;0,336;;
26/05/2026 17:00;0,393;0,393;;
26/05/2026 17:15;0,372;0,372;;
26/05/2026 17:30;0,381;0,381;;
26/05/2026 17:45;1.136;1,136;;
26/05/2026 18:00;0,513;0,513;;
26/05/2026 18:15;0,687;0,687;;
26/05/2026 18:30;0,695;0,695;;
26/05/2026 18:45;0,675;0,675;;
26/05/2026 19:00;0,689;0,689;;
26/05/2026 19:15;0,829;0,829;;
26/05/2026 19:30;0,799;0,799;;
26/05/2026 19:45;0,864;0,864;;
26/05/2026 20:00;0,729;0,729;;
26/05/2026 20:15;0,546;0,546;;
26/05/2026 20:30;0,905;0,905;;
26/05/2026 20:45;1.914;1,914;;
26/05/2026 21:00;1.917;1,917;;
26/05/2026 21:15;2.022;2,022;;
26/05/2026 21:30;1.907;1,907;;
26/05/2026 21:45;1.887;1,887;;
26/05/2026 22:00;1.731;1,731;;
26/05/2026 22:15;1,76;1,76;;
26/05/2026 22:30;1.945;1,945;;
26/05/2026 22:45;1.604;1,604;;
26/05/2026 23:00;1.806;1,806;;
26/05/2026 23:15;1,61;1,61;;
26/05/2026 23:30;1.578;1,578;;
26/05/2026 23:45;1.653;1,653;;
27/05/2026 00:00;1.453;1,453;;
27/05/2026 00:15;1.453;1,453;;
27/05/2026 00:30;1.409;1,409;;
27/05/2026 00:45;1.431;1,431;;
27/05/2026 01:00;0,221;0,221;;
27/05/2026 01:15;0,146;0,146;;
27/05/2026 01:30;0,153;0,153;;
27/05/2026 01:45;0,085;0,085;;
27/05/2026 02:00;0,156;0,156;;
27/05/2026 02:15;0,143;0,143;;
27/05/2026 02:30;0,083;0,083;;
27/05/2026 02:45;0,074;0,074;;
27/05/2026 03:00;0,132;0,132;;
27/05/2026 03:15;0,179;0,179;;
27/05/2026 03:30;0,069;0,069;;
27/05/2026 03:45;0,05;0,05;;
27/05/2026 04:00;0,104;0,104;;
27/05/2026 04:15;0,154;0,154;;
27/05/2026 04:30;0,102;0,102;;
27/05/2026 04:45;0,046;0,046;;
27/05/2026 05:00;0,06;0,06;;
27/05/2026 05:15;0,08;0,08;;
27/05/2026 05:30;0,16;0,16;;
27/05/2026 05:45;0,121;0,121;;
27/05/2026 06:00;0,052;0,052;;
27/05/2026 06:15;0,046;0,046;;
27/05/2026 06:30;0,104;0,104;;
27/05/2026 06:45;0,175;0,175;;
27/05/2026 07:00;0,093;0,093;;
27/05/2026 07:15;0,06;0,06;;
27/05/2026 07:30;0,097;0,097;;
27/05/2026 07:45;0,009;0,009;;
27/05/2026 08:00;0,061;0,061;;
27/05/2026 08:15;0,061;0,061;;
27/05/2026 08:30;0,061;0,061;;
27/05/2026 08:45;0,266;0,266;;
27/05/2026 09:00;0,216;0,216;;
27/05/2026 09:15;0,254;0,254;;
27/05/2026 09:30;0,219;0,219;;
27/05/2026 09:45;0,237;0,237;;
27/05/2026 10:00;0,255;0,255;;
27/05/2026 10:15;0,265;0,265;;
27/05/2026 10:30;0,194;0,194;;
27/05/2026 10:45;0,251;0,251;;
27/05/2026 11:00;0,235;0,235;;
27/05/2026 11:15;0,3;0,3;;
27/05/2026 11:30;0,192;0,192;;
27/05/2026 11:45;0,234;0,234;;
27/05/2026 12:00;0,262;0,262;;
27/05/2026 12:15;0,248;0,248;;
27/05/2026 12:30;0,177;0,177;;
27/05/2026 12:45;0,164;0,164;;
27/05/2026 13:00;0,176;0,176;;
27/05/2026 13:15;0,282;0,282;;
27/05/2026 13:30;0,215;0,215;;
27/05/2026 13:45;0,275;0,275;;
27/05/2026 14:00;0,258;0,258;;
27/05/2026 14:15;0,235;0,235;;
27/05/2026 14:30;0,291;0,291;;
27/05/2026 14:45;0,272;0,272;;
27/05/2026 15:00;0,221;0,221;;
27/05/2026 15:15;0,21;0,21;;
27/05/2026 15:30;0,293;0,293;;
27/05/2026 15:45;0,296;0,296;;
27/05/2026 16:00;0,279;0,279;;
27/05/2026 16:15;0,273;0,273;;
27/05/2026 16:30;0,286;0,286;;
27/05/2026 16:45;0,249;0,249;;
27/05/2026 17:00;0,243;0,243;;
27/05/2026 17:15;0,247;0,247;;
27/05/2026 17:30;0,19;0,19;;
27/05/2026 17:45;0,244;0,244;;
27/05/2026 18:00;0,246;0,246;;
27/05/2026 18:15;0,284;0,284;;
27/05/2026 18:30;0,347;0,347;;
27/05/2026 18:45;0,305;0,305;;
27/05/2026 19:00;0,303;0,303;;
27/05/2026 19:15;0,288;0,288;;
27/05/2026 19:30;0,298;0,298;;
27/05/2026 19:45;0,313;0,313;;
27/05/2026 20:00;0,262;0,262;;
27/05/2026 20:15;0,281;0,281;;
27/05/2026 20:30;0,378;0,378;;
27/05/2026 20:45;1,59;1,59;;
27/05/2026 21:00;1.579;1,579;;
27/05/2026 21:15;1.539;1,539;;
27/05/2026 21:30;1.153;1,153;;
27/05/2026 21:45;0,511;0,511;;
27/05/2026 22:00;0,522;0,522;;
27/05/2026 22:15;0,482;0,482;;
27/05/2026 22:30;0,537;0,537;;
27/05/2026 22:45;0,518;0,518;;
27/05/2026 23:00;0,398;0,398;;
27/05/2026 23:15;0,184;0,184;;
27/05/2026 23:30;0,175;0,175;;
27/05/2026 23:45;0,164;0,164;;
28/05/2026 00:00;0,175;0,175;;
28/05/2026 00:15;0,121;0,121;;
28/05/2026 00:30;0,126;0,126;;
28/05/2026 00:45;0,136;0,136;;
28/05/2026 01:00;0,18;0,18;;
28/05/2026 01:15;0,116;0,116;;
28/05/2026 01:30;0,14;0,14;;
28/05/2026 01:45;0,1;0,1;;
28/05/2026 02:00;0,067;0,067;;
28/05/2026 02:15;0,166;0,166;;
28/05/2026 02:30;0,149;0,149;;
28/05/2026 02:45;0,089;0,089;;
28/05/2026 03:00;0,055;0,055;;
28/05/2026 03:15;0,167;0,167;;
28/05/2026 03:30;0,138;0,138;;
28/05/2026 03:45;0,078;0,078;;
28/05/2026 04:00;0,094;0,094;;
28/05/2026 04:15;0,108;0,108;;
28/05/2026 04:30;0,15;0,15;;
28/05/2026 04:45;0,165;0,165;;
28/05/2026 05:00;0,133;0,133;;
28/05/2026 05:15;0,066;0,066;;
28/05/2026 05:30;0,131;0,131;;
28/05/2026 05:45;0,18;0,18;;
28/05/2026 06:00;0,07;0,07;;
28/05/2026 06:15;0,056;0,056;;
28/05/2026 06:30;0,065;0,065;;
28/05/2026 06:45;0,164;0,164;;
28/05/2026 07:00;0,144;0,144;;
28/05/2026 07:15;0,091;0,091;;
28/05/2026 07:30;0,056;0,056;;
28/05/2026 07:45;0,115;0,115;;
28/05/2026 08:00;0,203;0,203;;
28/05/2026 08:15;0,103;0,103;;
28/05/2026 08:30;0,122;0,122;;
28/05/2026 08:45;0,138;0,138;;
28/05/2026 09:00;0,163;0,163;;
28/05/2026 09:15;0,233;0,233;;
28/05/2026 09:30;0,174;0,174;;
28/05/2026 09:45;0,182;0,182;;
28/05/2026 10:00;0,168;0,168;;
28/05/2026 10:15;0,227;0,227;;
28/05/2026 10:30;0,222;0,222;;
28/05/2026 10:45;0,173;0,173;;
28/05/2026 11:00;0,206;0,206;;
28/05/2026 11:15;0,24;0,24;;
28/05/2026 11:30;0,214;0,214;;
28/05/2026 11:45;0,252;0,252;;
28/05/2026 12:00;0,255;0,255;;
28/05/2026 12:15;0,172;0,172;;
28/05/2026 12:30;0,287;0,287;;
28/05/2026 12:45;0,291;0,291;;
28/05/2026 13:00;0,267;0,267;;
28/05/2026 13:15;0,28;0,28;;
28/05/2026 13:30;0,266;0,266;;
28/05/2026 13:45;0,302;0,302;;
28/05/2026 14:00;0,288;0,288;;
28/05/2026 14:15;0,306;0,306;;
28/05/2026 14:30;0,235;0,235;;
28/05/2026 14:45;0,305;0,305;;
28/05/2026 15:00;0,323;0,323;;
28/05/2026 15:15;0,305;0,305;;
28/05/2026 15:30;0,267;0,267;;
28/05/2026 15:45;0,31;0,31;;
28/05/2026 16:00;0,351;0,351;;
28/05/2026 16:15;0,301;0,301;;
28/05/2026 16:30;0,273;0,273;;
28/05/2026 16:45;0,249;0,249;;
28/05/2026 17:00;0,266;0,266;;
28/05/2026 17:15;0,312;0,312;;
28/05/2026 17:30;0,234;0,234;;
28/05/2026 17:45;0,249;0,249;;
28/05/2026 18:00;0,251;0,251;;
28/05/2026 18:15;0,306;0,306;;
28/05/2026 18:30;0,251;0,251;;
28/05/2026 18:45;0,23;0,23;;
28/05/2026 19:00;0,261;0,261;;
28/05/2026 19:15;0,206;0,206;;
28/05/2026 19:30;0,286;0,286;;
28/05/2026 19:45;0,241;0,241;;
28/05/2026 20:00;0,162;0,162;;
28/05/2026 20:15;0,251;0,251;;
28/05/2026 20:30;0,218;0,218;;
28/05/2026 20:45;1,54;1,54;;
28/05/2026 21:00;1.534;1,534;;
28/05/2026 21:15;1.521;1,521;;
28/05/2026 21:30;1.058;1,058;;
28/05/2026 21:45;0,179;0,179;;
28/05/2026 22:00;0,241;0,241;;
28/05/2026 22:15;0,228;0,228;;
28/05/2026 22:30;0,186;0,186;;
28/05/2026 22:45;0,226;0,226;;
28/05/2026 23:00;0,185;0,185;;
28/05/2026 23:15;0,18;0,18;;
28/05/2026 23:30;0,226;0,226;;
28/05/2026 23:45;0,149;0,149;;
29/05/2026 00:00;0,113;0,113;;
29/05/2026 00:15;0,198;0,198;;
29/05/2026 00:30;0,187;0,187;;
29/05/2026 00:45;0,152;0,152;;
29/05/2026 01:00;0,174;0,174;;
29/05/2026 01:15;0,191;0,191;;
29/05/2026 01:30;0,172;0,172;;
29/05/2026 01:45;0,151;0,151;;
29/05/2026 02:00;0,201;0,201;;
29/05/2026 02:15;0,129;0,129;;
29/05/2026 02:30;0,102;0,102;;
29/05/2026 02:45;0,181;0,181;;
29/05/2026 03:00;0,124;0,124;;
29/05/2026 03:15;0,11;0,11;;
29/05/2026 03:30;0,122;0,122;;
29/05/2026 03:45;0,146;0,146;;
29/05/2026 04:00;0,069;0,069;;
29/05/2026 04:15;0,09;0,09;;
29/05/2026 04:30;0,158;0,158;;
29/05/2026 04:45;0,117;0,117;;
29/05/2026 05:00;0,137;0,137;;
29/05/2026 05:15;0,165;0,165;;
29/05/2026 05:30;0,067;0,067;;
29/05/2026 05:45;0,065;0,065;;
29/05/2026 06:00;0,167;0,167;;
29/05/2026 06:15;0,116;0,116;;
29/05/2026 06:30;0,054;0,054;;
29/05/2026 06:45;0,11;0,11;;
29/05/2026 07:00;0,095;0,095;;
29/05/2026 07:15;0,135;0,135;;
29/05/2026 07:30;0,166;0,166;;
29/05/2026 07:45;0,123;0,123;;
29/05/2026 08:00;0,096;0,096;;
29/05/2026 08:15;0,166;0,166;;
29/05/2026 08:30;0,215;0,215;;
29/05/2026 08:45;0,159;0,159;;
29/05/2026 09:00;0,186;0,186;;
29/05/2026 09:15;0,123;0,123;;
29/05/2026 09:30;0,19;0,19;;
29/05/2026 09:45;0,25;0,25;;
29/05/2026 10:00;0,199;0,199;;
29/05/2026 10:15;0,284;0,284;;
29/05/2026 10:30;0,358;0,358;;
29/05/2026 10:45;0,315;0,315;;
29/05/2026 11:00;0,33;0,33;;
29/05/2026 11:15;0,313;0,313;;
29/05/2026 11:30;0,3;0,3;;
29/05/2026 11:45;0,327;0,327;;
29/05/2026 12:00;0,335;0,335;;
29/05/2026 12:15;0,35;0,35;;
29/05/2026 12:30;0,326;0,326;;
29/05/2026 12:45;0,333;0,333;;
29/05/2026 13:00;0,325;0,325;;
29/05/2026 13:15;0,314;0,314;;
29/05/2026 13:30;0,276;0,276;;
29/05/2026 13:45;0,205;0,205;;
29/05/2026 14:00;0,222;0,222;;
29/05/2026 14:15;0,235;0,235;;
29/05/2026 14:30;0,278;0,278;;
29/05/2026 14:45;0,291;0,291;;
29/05/2026 15:00;0,208;0,208;;
29/05/2026 15:15;0,277;0,277;;
29/05/2026 15:30;0,294;0,294;;
29/05/2026 15:45;0,229;0,229;;
29/05/2026 16:00;0,247;0,247;;
29/05/2026 16:15;0,179;0,179;;
29/05/2026 16:30;0,27;0,27;;
29/05/2026 16:45;0,435;0,435;;
29/05/2026 17:00;0,431;0,431;;
29/05/2026 17:15;0,433;0,433;;
29/05/2026 17:30;0,458;0,458;;
29/05/2026 17:45;0,603;0,603;;
29/05/2026 18:00;1.615;1,615;;
29/05/2026 18:15;1.389;1,389;;
29/05/2026 18:30;1.102;1,102;;
29/05/2026 18:45;1.148;1,148;;
29/05/2026 19:00;1,2;1,2;;
29/05/2026 19:15;1.032;1,032;;
29/05/2026 19:30;1.156;1,156;;
29/05/2026 19:45;1.335;1,335;;
29/05/2026 20:00;1.738;1,738;;
29/05/2026 20:15;1.405;1,405;;
29/05/2026 20:30;1,02;1,02;;
29/05/2026 20:45;1.984;1,984;;
29/05/2026 21:00;2.164;2,164;;
29/05/2026 21:15;2.063;2,063;;
29/05/2026 21:30;2.138;2,138;;
29/05/2026 21:45;1.687;1,687;;
29/05/2026 22:00;1.601;1,601;;
29/05/2026 22:15;2.013;2,013;;
29/05/2026 22:30;1.887;1,887;;
29/05/2026 22:45;1.481;1,481;;
29/05/2026 23:00;1.542;1,542;;
29/05/2026 23:15;1.526;1,526;;
29/05/2026 23:30;1.588;1,588;;
29/05/2026 23:45;1.549;1,549;;
30/05/2026 00:00;1.583;1,583;;
30/05/2026 00:15;1.326;1,326;;
30/05/2026 00:30;0,907;0,907;;
30/05/2026 00:45;0,955;0,955;;
30/05/2026 01:00;0,828;0,828;;
30/05/2026 01:15;0,883;0,883;;
30/05/2026 01:30;0,702;0,702;;
30/05/2026 01:45;1.104;1,104;;
30/05/2026 02:00;0,515;0,515;;
30/05/2026 02:15;0,512;0,512;;
30/05/2026 02:30;0,494;0,494;;
30/05/2026 02:45;0,063;0,063;;
30/05/2026 03:00;0,112;0,112;;
30/05/2026 03:15;0,118;0,118;;
30/05/2026 03:30;0,148;0,148;;
30/05/2026 03:45;0,108;0,108;;
30/05/2026 04:00;0,073;0,073;;
30/05/2026 04:15;0,137;0,137;;
30/05/2026 04:30;0,17;0,17;;
30/05/2026 04:45;0,064;0,064;;
30/05/2026 05:00;0,068;0,068;;
30/05/2026 05:15;0,127;0,127;;
30/05/2026 05:30;0,107;0,107;;
30/05/2026 05:45;0,1;0,1;;
30/05/2026 06:00;0,08;0,08;;
30/05/2026 06:15;0,054;0,054;;
30/05/2026 06:30;0,138;0,138;;
30/05/2026 06:45;0,134;0,134;;
30/05/2026 07:00;0,087;0,087;;
30/05/2026 07:15;0,122;0,122;;
30/05/2026 07:30;0,078;0,078;;
30/05/2026 07:45;0,128;0,128;;
30/05/2026 08:00;0,16;0,16;;
30/05/2026 08:15;0,075;0,075;;
30/05/2026 08:30;0,054;0,054;;
30/05/2026 08:45;0,129;0,129;;
30/05/2026 09:00;0,118;0,118;;
30/05/2026 09:15;0,14;0,14;;
30/05/2026 09:30;0,13;0,13;;
30/05/2026 09:45;0,057;0,057;;
30/05/2026 10:00;0,164;0,164;;
30/05/2026 10:15;0,245;0,245;;
30/05/2026 10:30;0,17;0,17;;
30/05/2026 10:45;0,169;0,169;;
30/05/2026 11:00;0,135;0,135;;
30/05/2026 11:15;0,214;0,214;;
30/05/2026 11:30;0,268;0,268;;
30/05/2026 11:45;0,247;0,247;;
30/05/2026 12:00;0,16;0,16;;
30/05/2026 12:15;0,174;0,174;;
30/05/2026 12:30;0,26;0,26;;
30/05/2026 12:45;0,286;0,286;;
30/05/2026 13:00;0,219;0,219;;
30/05/2026 13:15;0,384;0,384;;
30/05/2026 13:30;1.105;1,105;;
30/05/2026 13:45;0,474;0,474;;
30/05/2026 14:00;0,498;0,498;;
30/05/2026 14:15;0,438;0,438;;
30/05/2026 14:30;0,475;0,475;;
30/05/2026 14:45;0,568;0,568;;
30/05/2026 15:00;0,634;0,634;;
30/05/2026 15:15;0,525;0,525;;
30/05/2026 15:30;0,453;0,453;;
30/05/2026 15:45;0,543;0,543;;
30/05/2026 16:00;0,531;0,531;;
30/05/2026 16:15;0,521;0,521;;
30/05/2026 16:30;0,489;0,489;;
30/05/2026 16:45;0,855;0,855;;
30/05/2026 17:00;0,538;0,538;;
30/05/2026 17:15;0,503;0,503;;
30/05/2026 17:30;0,475;0,475;;
30/05/2026 17:45;0,48;0,48;;
30/05/2026 18:00;0,485;0,485;;
30/05/2026 18:15;0,471;0,471;;
30/05/2026 18:30;0,532;0,532;;
30/05/2026 18:45;0,368;0,368;;
30/05/2026 19:00;0,37;0,37;;
30/05/2026 19:15;0,371;0,371;;
30/05/2026 19:30;0,323;0,323;;
30/05/2026 19:45;0,334;0,334;;
30/05/2026 20:00;0,268;0,268;;
30/05/2026 20:15;0,306;0,306;;
30/05/2026 20:30;0,342;0,342;;
30/05/2026 20:45;1.168;1,168;;
30/05/2026 21:00;1.335;1,335;;
30/05/2026 21:15;1.239;1,239;;
30/05/2026 21:30;1.047;1,047;;
30/05/2026 21:45;0,186;0,186;;
30/05/2026 22:00;0,178;0,178;;
30/05/2026 22:15;0,239;0,239;;
30/05/2026 22:30;0,165;0,165;;
30/05/2026 22:45;0,157;0,157;;
30/05/2026 23:00;0,217;0,217;;
30/05/2026 23:15;0,16;0,16;;
30/05/2026 23:30;0,111;0,111;;
30/05/2026 23:45;0,173;0,173;;
31/05/2026 00:00;0,132;0,132;;
31/05/2026 00:15;0,193;0,193;;
31/05/2026 00:30;0,162;0,162;;
31/05/2026 00:45;0,087;0,087;;
31/05/2026 01:00;0,121;0,121;;
31/05/2026 01:15;0,153;0,153;;
31/05/2026 01:30;0,145;0,145;;
31/05/2026 01:45;0,147;0,147;;
31/05/2026 02:00;0,118;0,118;;
31/05/2026 02:15;0,119;0,119;;
31/05/2026 02:30;0,166;0,166;;
31/05/2026 02:45;0,099;0,099;;
31/05/2026 03:00;0,06;0,06;;
31/05/2026 03:15;0,126;0,126;;
31/05/2026 03:30;0,138;0,138;;
31/05/2026 03:45;0,144;0,144;;
31/05/2026 04:00;0,116;0,116;;
31/05/2026 04:15;0,056;0,056;;
31/05/2026 04:30;0,152;0,152;;
31/05/2026 04:45;0,162;0,162;;
31/05/2026 05:00;0,117;0,117;;
31/05/2026 05:15;0,106;0,106;;
31/05/2026 05:30;0,066;0,066;;
31/05/2026 05:45;0,109;0,109;;
31/05/2026 06:00;0,118;0,118;;
31/05/2026 06:15;0,142;0,142;;
31/05/2026 06:30;0,104;0,104;;
31/05/2026 06:45;0,086;0,086;;
31/05/2026 07:00;0,134;0,134;;
31/05/2026 07:15;0,195;0,195;;
31/05/2026 07:30;0,088;0,088;;
31/05/2026 07:45;0,139;0,139;;
31/05/2026 08:00;0,192;0,192;;
31/05/2026 08:15;0,187;0,187;;
31/05/2026 08:30;0,165;0,165;;
31/05/2026 08:45;0,186;0,186;;
31/05/2026 09:00;0,131;0,131;;
31/05/2026 09:15;0,103;0,103;;
31/05/2026 09:30;0,207;0,207;;
31/05/2026 09:45;0,188;0,188;;
31/05/2026 10:00;0,18;0,18;;
31/05/2026 10:15;0,163;0,163;;
31/05/2026 10:30;0,181;0,181;;
31/05/2026 10:45;0,243;0,243;;
31/05/2026 11:00;0,28;0,28;;
31/05/2026 11:15;0,657;0,657;;
31/05/2026 11:30;1.689;1,689;;
31/05/2026 11:45;0,648;0,648;;
31/05/2026 12:00;0,698;0,698;;
31/05/2026 12:15;1.213;1,213;;
31/05/2026 12:30;1.143;1,143;;
31/05/2026 12:45;0,961;0,961;;
31/05/2026 13:00;1.063;1,063;;
31/05/2026 13:15;1.169;1,169;;
31/05/2026 13:30;1.043;1,043;;
31/05/2026 13:45;1.191;1,191;;
31/05/2026 14:00;1.503;1,503;;
31/05/2026 14:15;1.068;1,068;;
31/05/2026 14:30;1.437;1,437;;
31/05/2026 14:45;1.005;1,005;;
31/05/2026 15:00;1.254;1,254;;
31/05/2026 15:15;1.231;1,231;;
31/05/2026 15:30;1.147;1,147;;
31/05/2026 15:45;1,52;1,52;;
31/05/2026 16:00;1,22;1,22;;
31/05/2026 16:15;1.441;1,441;;
31/05/2026 16:30;1.471;1,471;;
31/05/2026 16:45;1.603;1,603;;
31/05/2026 17:00;1.309;1,309;;
31/05/2026 17:15;1.461;1,461;;
31/05/2026 17:30;1,57;1,57;;
31/05/2026 17:45;1.469;1,469;;
31/05/2026 18:00;1.339;1,339;;
31/05/2026 18:15;1.458;1,458;;
31/05/2026 18:30;1,81;1,81;;
31/05/2026 18:45;1.513;1,513;;
31/05/2026 19:00;1.324;1,324;;
31/05/2026 19:15;1.306;1,306;;
31/05/2026 19:30;1.234;1,234;;
31/05/2026 19:45;1.298;1,298;;
31/05/2026 20:00;1.433;1,433;;
31/05/2026 20:15;1.051;1,051;;
31/05/2026 20:30;1.093;1,093;;
31/05/2026 20:45;1.329;1,329;;
31/05/2026 21:00;1.289;1,289;;
31/05/2026 21:15;0,88;0,88;;
31/05/2026 21:30;0,625;0,625;;
31/05/2026 21:45;0,156;0,156;;
31/05/2026 22:00;0,177;0,177;;
31/05/2026 22:15;0,2;0,2;;
31/05/2026 22:30;0,214;0,214;;
31/05/2026 22:45;0,162;0,162;;
31/05/2026 23:00;0,055;0,055;;
31/05/2026 23:15;0,145;0,145;;
31/05/2026 23:30;0,169;0,169;;
31/05/2026 23:45;0,106;0,106;;
01/06/2026 00:00;0,097;0,097;;
01/06/2026 00:15;0,136;0,136;;
01/06/2026 00:30;0,142;0,142;;
01/06/2026 00:45;0,154;0,154;;
01/06/2026 01:00;0,18;0,18;;
01/06/2026 01:15;0,128;0,128;;
01/06/2026 01:30;0,1;0,1;;
01/06/2026 01:45;0,177;0,177;;
01/06/2026 02:00;0,132;0,132;;
01/06/2026 02:15;0,067;0,067;;
01/06/2026 02:30;0,083;0,083;;
01/06/2026 02:45;0,153;0,153;;
01/06/2026 03:00;0,115;0,115;;
01/06/2026 03:15;0,079;0,079;;
01/06/2026 03:30;0,103;0,103;;
01/06/2026 03:45;0,049;0,049;;
01/06/2026 04:00;0,114;0,114;;
01/06/2026 04:15;0,1;0,1;;
01/06/2026 04:30;0,096;0,096;;
01/06/2026 04:45;0,107;0,107;;
01/06/2026 05:00;0,078;0,078;;
01/06/2026 05:15;0,114;0,114;;
01/06/2026 05:30;0,113;0,113;;
01/06/2026 05:45;0,069;0,069;;
01/06/2026 06:00;0,046;0,046;;
01/06/2026 06:15;0,093;0,093;;
01/06/2026 06:30;0,193;0,193;;
01/06/2026 06:45;0,088;0,088;;
01/06/2026 07:00;0,09;0,09;;
01/06/2026 07:15;0,107;0,107;;
01/06/2026 07:30;0,186;0,186;;
01/06/2026 07:45;0,102;0,102;;
01/06/2026 08:00;0,053;0,053;;
01/06/2026 08:15;0,171;0,171;;
01/06/2026 08:30;0,237;0,237;;
01/06/2026 08:45;0,226;0,226;;
01/06/2026 09:00;0,237;0,237;;
01/06/2026 09:15;0,287;0,287;;
01/06/2026 09:30;0,182;0,182;;
01/06/2026 09:45;0,246;0,246;;
01/06/2026 10:00;0,272;0,272;;
01/06/2026 10:15;0,237;0,237;;
01/06/2026 10:30;0,23;0,23;;
01/06/2026 10:45;0,239;0,239;;
01/06/2026 11:00;0,303;0,303;;
01/06/2026 11:15;0,359;0,359;;
01/06/2026 11:30;0,256;0,256;;
01/06/2026 11:45;0,263;0,263;;
01/06/2026 12:00;0,297;0,297;;
01/06/2026 12:15;0,302;0,302;;
01/06/2026 12:30;0,296;0,296;;
01/06/2026 12:45;0,253;0,253;;
01/06/2026 13:00;0,268;0,268;;
01/06/2026 13:15;0,31;0,31;;
01/06/2026 13:30;0,236;0,236;;
01/06/2026 13:45;0,297;0,297;;
01/06/2026 14:00;0,253;0,253;;
01/06/2026 14:15;0,321;0,321;;
01/06/2026 14:30;0,316;0,316;;
01/06/2026 14:45;0,283;0,283;;
01/06/2026 15:00;0,298;0,298;;
01/06/2026 15:15;0,28;0,28;;
01/06/2026 15:30;0,271;0,271;;
01/06/2026 15:45;0,317;0,317;;
01/06/2026 16:00;0,259;0,259;;
01/06/2026 16:15;0,269;0,269;;
01/06/2026 16:30;0,218;0,218;;
01/06/2026 16:45;0,278;0,278;;
01/06/2026 17:00;0,349;0,349;;
01/06/2026 17:15;0,29;0,29;;
01/06/2026 17:30;0,243;0,243;;
01/06/2026 17:45;0,312;0,312;;
01/06/2026 18:00;0,313;0,313;;
01/06/2026 18:15;0,295;0,295;;
01/06/2026 18:30;0,26;0,26;;
01/06/2026 18:45;0,232;0,232;;
01/06/2026 19:00;0,372;0,372;;
01/06/2026 19:15;0,269;0,269;;
01/06/2026 19:30;0,224;0,224;;
01/06/2026 19:45;0,25;0,25;;
01/06/2026 20:00;0,25;0,25;;
01/06/2026 20:15;0,283;0,283;;
01/06/2026 20:30;0,289;0,289;;
01/06/2026 20:45;1.143;1,143;;
01/06/2026 21:00;1.472;1,472;;
01/06/2026 21:15;1.531;1,531;;
01/06/2026 21:30;1.295;1,295;;
01/06/2026 21:45;0,418;0,418;;
01/06/2026 22:00;0,397;0,397;;
01/06/2026 22:15;0,46;0,46;;
01/06/2026 22:30;0,554;0,554;;
01/06/2026 22:45;0,424;0,424;;
01/06/2026 23:00;0,287;0,287;;
01/06/2026 23:15;0,124;0,124;;
01/06/2026 23:30;0,121;0,121;;
01/06/2026 23:45;0,111;0,111;;
02/06/2026 00:00;0,162;0,162;;
02/06/2026 00:15;0,128;0,128;;
02/06/2026 00:30;0,077;0,077;;
02/06/2026 00:45;0,117;0,117;;
02/06/2026 01:00;0,163;0,163;;
02/06/2026 01:15;0,069;0,069;;
02/06/2026 01:30;0,067;0,067;;
02/06/2026 01:45;0,12;0,12;;
02/06/2026 02:00;0,179;0,179;;
02/06/2026 02:15;0,119;0,119;;
02/06/2026 02:30;0,096;0,096;;
02/06/2026 02:45;0,134;0,134;;
02/06/2026 03:00;0,18;0,18;;
02/06/2026 03:15;0,211;0,211;;
02/06/2026 03:30;0,096;0,096;;
02/06/2026 03:45;0,157;0,157;;
02/06/2026 04:00;0,179;0,179;;
02/06/2026 04:15;0,13;0,13;;
02/06/2026 04:30;0,18;0,18;;
02/06/2026 04:45;0,13;0,13;;
02/06/2026 05:00;0,103;0,103;;
02/06/2026 05:15;0,089;0,089;;
02/06/2026 05:30;0,186;0,186;;
02/06/2026 05:45;0,149;0,149;;
02/06/2026 06:00;0,068;0,068;;
02/06/2026 06:15;0,105;0,105;;
02/06/2026 06:30;0,139;0,139;;
02/06/2026 06:45;0,127;0,127;;
02/06/2026 07:00;0,095;0,095;;
02/06/2026 07:15;0,105;0,105;;
02/06/2026 07:30;0,159;0,159;;
02/06/2026 07:45;0,145;0,145;;
02/06/2026 08:00;0,123;0,123;;
02/06/2026 08:15;0,122;0,122;;
02/06/2026 08:30;0,089;0,089;;
02/06/2026 08:45;0,077;0,077;;
02/06/2026 09:00;0,206;0,206;;
02/06/2026 09:15;0,151;0,151;;
02/06/2026 09:30;0,088;0,088;;
02/06/2026 09:45;0,098;0,098;;
02/06/2026 10:00;0,221;0,221;;
02/06/2026 10:15;0,158;0,158;;
02/06/2026 10:30;0,097;0,097;;
02/06/2026 10:45;0,127;0,127;;
02/06/2026 11:00;0,149;0,149;;
02/06/2026 11:15;0,133;0,133;;
02/06/2026 11:30;0,158;0,158;;
02/06/2026 11:45;0,302;0,302;;
02/06/2026 12:00;0,189;0,189;;
02/06/2026 12:15;0,192;0,192;;
02/06/2026 12:30;0,132;0,132;;
02/06/2026 12:45;0,199;0,199;;
02/06/2026 13:00;0,298;0,298;;
02/06/2026 13:15;0,184;0,184;;
02/06/2026 13:30;0,167;0,167;;
02/06/2026 13:45;0,229;0,229;;
02/06/2026 14:00;0,173;0,173;;
02/06/2026 14:15;0,107;0,107;;
02/06/2026 14:30;0,243;0,243;;
02/06/2026 14:45;0,249;0,249;;
02/06/2026 15:00;0,244;0,244;;
02/06/2026 15:15;0,169;0,169;;
02/06/2026 15:30;0,236;0,236;;
02/06/2026 15:45;0,224;0,224;;
02/06/2026 16:00;0,185;0,185;;
02/06/2026 16:15;0,278;0,278;;
02/06/2026 16:30;0,164;0,164;;
02/06/2026 16:45;0,124;0,124;;
02/06/2026 17:00;0,156;0,156;;
02/06/2026 17:15;0,261;0,261;;
02/06/2026 17:30;0,104;0,104;;
02/06/2026 17:45;0,106;0,106;;
02/06/2026 18:00;0,176;0,176;;
02/06/2026 18:15;0,153;0,153;;
02/06/2026 18:30;0,406;0,406;;
02/06/2026 18:45;0,46;0,46;;
02/06/2026 19:00;0,445;0,445;;
02/06/2026 19:15;0,456;0,456;;
02/06/2026 19:30;0,905;0,905;;
02/06/2026 19:45;0,806;0,806;;
02/06/2026 20:00;0,771;0,771;;
02/06/2026 20:15;0,769;0,769;;
02/06/2026 20:30;0,776;0,776;;
02/06/2026 20:45;1.261;1,261;;
02/06/2026 21:00;1,45;1,45;;
02/06/2026 21:15;1.378;1,378;;
02/06/2026 21:30;1.212;1,212;;
02/06/2026 21:45;0,849;0,849;;
02/06/2026 22:00;0,76;0,76;;
02/06/2026 22:15;0,707;0,707;;
02/06/2026 22:30;0,758;0,758;;
02/06/2026 22:45;0,774;0,774;;
02/06/2026 23:00;0,805;0,805;;
02/06/2026 23:15;0,814;0,814;;
02/06/2026 23:30;0,813;0,813;;
02/06/2026 23:45;0,721;0,721;;
03/06/2026 00:00;0,617;0,617;;
03/06/2026 00:15;0,179;0,179;;
03/06/2026 00:30;0,117;0,117;;
03/06/2026 00:45;0,078;0,078;;
03/06/2026 01:00;0,092;0,092;;
03/06/2026 01:15;0,154;0,154;;
03/06/2026 01:30;0,088;0,088;;
03/06/2026 01:45;0,084;0,084;;
03/06/2026 02:00;0,079;0,079;;
03/06/2026 02:15;0,132;0,132;;
03/06/2026 02:30;0,063;0,063;;
03/06/2026 02:45;0,053;0,053;;
03/06/2026 03:00;0,102;0,102;;
03/06/2026 03:15;0,095;0,095;;
03/06/2026 03:30;0,101;0,101;;
03/06/2026 03:45;0,12;0,12;;
03/06/2026 04:00;0,132;0,132;;
03/06/2026 04:15;0,044;0,044;;
03/06/2026 04:30;0,094;0,094;;
03/06/2026 04:45;0,11;0,11;;
03/06/2026 05:00;0,098;0,098;;
03/06/2026 05:15;0,052;0,052;;
03/06/2026 05:30;0,078;0,078;;
03/06/2026 05:45;0,134;0,134;;
03/06/2026 06:00;0,138;0,138;;
03/06/2026 06:15;0,046;0,046;;
03/06/2026 06:30;0,111;0,111;;
03/06/2026 06:45;0,093;0,093;;
03/06/2026 07:00;0,11;0,11;;
03/06/2026 07:15;0,073;0,073;;
03/06/2026 07:30;0,1;0,1;;
03/06/2026 07:45;0,088;0,088;;
03/06/2026 08:00;0,105;0,105;;
03/06/2026 08:15;0,153;0,153;;
03/06/2026 08:30;0,103;0,103;;
03/06/2026 08:45;0,091;0,091;;
03/06/2026 09:00;0,085;0,085;;
03/06/2026 09:15;0,153;0,153;;
03/06/2026 09:30;0,145;0,145;;
03/06/2026 09:45;0,09;0,09;;
03/06/2026 10:00;0,112;0,112;;
03/06/2026 10:15;0,162;0,162;;
03/06/2026 10:30;0,151;0,151;;
03/06/2026 10:45;0,157;0,157;;
03/06/2026 11:00;0,125;0,125;;
03/06/2026 11:15;0,101;0,101;;
03/06/2026 11:30;0,11;0,11;;
03/06/2026 11:45;0,136;0,136;;
03/06/2026 12:00;0,163;0,163;;
03/06/2026 12:15;0,122;0,122;;
03/06/2026 12:30;0,063;0,063;;
03/06/2026 12:45;0,162;0,162;;
03/06/2026 13:00;0,161;0,161;;
03/06/2026 13:15;0,114;0,114;;
03/06/2026 13:30;0,057;0,057;;
03/06/2026 13:45;0,159;0,159;;
03/06/2026 14:00;0,162;0,162;;
03/06/2026 14:15;0,076;0,076;;
03/06/2026 14:30;0,164;0,164;;
03/06/2026 14:45;0,128;0,128;;
03/06/2026 15:00;0,189;0,189;;
03/06/2026 15:15;0,175;0,175;;
03/06/2026 15:30;0,227;0,227;;
03/06/2026 15:45;0,188;0,188;;
03/06/2026 16:00;0,141;0,141;;
03/06/2026 16:15;0,179;0,179;;
03/06/2026 16:30;0,128;0,128;;
03/06/2026 16:45;0,17;0,17;;
03/06/2026 17:00;0,099;0,099;;
03/06/2026 17:15;0,103;0,103;;
03/06/2026 17:30;0,166;0,166;;
03/06/2026 17:45;0,071;0,071;;
03/06/2026 18:00;0,053;0,053;;
03/06/2026 18:15;0,078;0,078;;
03/06/2026 18:30;0,125;0,125;;
03/06/2026 18:45;0,082;0,082;;
03/06/2026 19:00;0,149;0,149;;
03/06/2026 19:15;0,118;0,118;;
03/06/2026 19:30;0,099;0,099;;
03/06/2026 19:45;0,172;0,172;;
03/06/2026 20:00;0,585;0,585;;
03/06/2026 20:15;0,777;0,777;;
03/06/2026 20:30;0,73;0,73;;
03/06/2026 20:45;1.138;1,138;;
03/06/2026 21:00;1.679;1,679;;
03/06/2026 21:15;1,59;1,59;;
03/06/2026 21:30;1.372;1,372;;
03/06/2026 21:45;0,937;0,937;;
03/06/2026 22:00;0,971;0,971;;
03/06/2026 22:15;0,943;0,943;;
03/06/2026 22:30;0,882;0,882;;
03/06/2026 22:45;0,896;0,896;;
03/06/2026 23:00;0,736;0,736;;
03/06/2026 23:15;0,334;0,334;;
03/06/2026 23:30;0,328;0,328;;
03/06/2026 23:45;0,25;0,25;;
04/06/2026 00:00;0,258;0,258;;
04/06/2026 00:15;0,244;0,244;;
04/06/2026 00:30;0,342;0,342;;
04/06/2026 00:45;0,246;0,246;;
04/06/2026 01:00;0,224;0,224;;
04/06/2026 01:15;0,234;0,234;;
04/06/2026 01:30;0,302;0,302;;
04/06/2026 01:45;0,272;0,272;;
04/06/2026 02:00;0,222;0,222;;
04/06/2026 02:15;0,251;0,251;;
04/06/2026 02:30;0,29;0,29;;
04/06/2026 02:45;0,269;0,269;;
04/06/2026 03:00;0,241;0,241;;
04/06/2026 03:15;0,251;0,251;;
04/06/2026 03:30;0,241;0,241;;
04/06/2026 03:45;0,245;0,245;;
04/06/2026 04:00;0,343;0,343;;
04/06/2026 04:15;0,277;0,277;;
04/06/2026 04:30;0,257;0,257;;
04/06/2026 04:45;0,251;0,251;;
04/06/2026 05:00;0,308;0,308;;
04/06/2026 05:15;0,255;0,255;;
04/06/2026 05:30;0,219;0,219;;
04/06/2026 05:45;0,254;0,254;;
04/06/2026 06:00;0,257;0,257;;
04/06/2026 06:15;0,264;0,264;;
04/06/2026 06:30;0,272;0,272;;
04/06/2026 06:45;0,292;0,292;;
04/06/2026 07:00;0,255;0,255;;
04/06/2026 07:15;0,253;0,253;;
04/06/2026 07:30;0,291;0,291;;
04/06/2026 07:45;0,309;0,309;;
04/06/2026 08:00;0,229;0,229;;
04/06/2026 08:15;0,267;0,267;;
04/06/2026 08:30;0,365;0,365;;
04/06/2026 08:45;0,282;0,282;;
04/06/2026 09:00;0,222;0,222;;
04/06/2026 09:15;0,267;0,267;;
04/06/2026 09:30;0,276;0,276;;
04/06/2026 09:45;0,308;0,308;;
04/06/2026 10:00;0,25;0,25;;
04/06/2026 10:15;0,271;0,271;;
04/06/2026 10:30;0,105;0,105;;
04/06/2026 10:45;0,122;0,122;;
04/06/2026 11:00;0,109;0,109;;
04/06/2026 11:15;0,108;0,108;;
04/06/2026 11:30;0,096;0,096;;
04/06/2026 11:45;0,086;0,086;;
04/06/2026 12:00;0,153;0,153;;
04/06/2026 12:15;0,177;0,177;;
04/06/2026 12:30;0,112;0,112;;
04/06/2026 12:45;0,094;0,094;;
04/06/2026 13:00;0,15;0,15;;
04/06/2026 13:15;0,16;0,16;;
04/06/2026 13:30;0,122;0,122;;
04/06/2026 13:45;0,132;0,132;;
04/06/2026 14:00;0,123;0,123;;
04/06/2026 14:15;0,128;0,128;;
04/06/2026 14:30;0,137;0,137;;
04/06/2026 14:45;0,175;0,175;;
04/06/2026 15:00;0,173;0,173;;
04/06/2026 15:15;0,097;0,097;;
04/06/2026 15:30;0,181;0,181;;
04/06/2026 15:45;0,162;0,162;;
04/06/2026 16:00;0,136;0,136;;
04/06/2026 16:15;0,134;0,134;;
04/06/2026 16:30;0,136;0,136;;
04/06/2026 16:45;0,185;0,185;;
04/06/2026 17:00;0,158;0,158;;
04/06/2026 17:15;0,222;0,222;;
04/06/2026 17:30;0,269;0,269;;
04/06/2026 17:45;0,173;0,173;;
04/06/2026 18:00;0,169;0,169;;
04/06/2026 18:15;0,309;0,309;;
04/06/2026 18:30;0,279;0,279;;
04/06/2026 18:45;0,188;0,188;;
04/06/2026 19:00;0,327;0,327;;
04/06/2026 19:15;0,251;0,251;;
04/06/2026 19:30;0,158;0,158;;
04/06/2026 19:45;0,146;0,146;;
04/06/2026 20:00;0,245;0,245;;
04/06/2026 20:15;0,636;0,636;;
04/06/2026 20:30;1.755;1,755;;
04/06/2026 20:45;1.757;1,757;;
04/06/2026 21:00;1.806;1,806;;
04/06/2026 21:15;1.824;1,824;;
04/06/2026 21:30;1.427;1,427;;
04/06/2026 21:45;1.172;1,172;;
04/06/2026 22:00;1.068;1,068;;
04/06/2026 22:15;1.059;1,059;;
04/06/2026 22:30;1.122;1,122;;
04/06/2026 22:45;1.154;1,154;;
04/06/2026 23:00;1.081;1,081;;
04/06/2026 23:15;1.109;1,109;;
04/06/2026 23:30;1.122;1,122;;
04/06/2026 23:45;1,13;1,13;;
05/06/2026 00:00;0,821;0,821;;
05/06/2026 00:15;0,085;0,085;;
05/06/2026 00:30;0,148;0,148;;
05/06/2026 00:45;0,117;0,117;;
05/06/2026 01:00;0,125;0,125;;
05/06/2026 01:15;0,122;0,122;;
05/06/2026 01:30;0,093;0,093;;
05/06/2026 01:45;0,1;0,1;;
05/06/2026 02:00;0,11;0,11;;
05/06/2026 02:15;0,139;0,139;;
05/06/2026 02:30;0,107;0,107;;
05/06/2026 02:45;0,081;0,081;;
05/06/2026 03:00;0,17;0,17;;
05/06/2026 03:15;0,12;0,12;;
05/06/2026 03:30;0,081;0,081;;
05/06/2026 03:45;0,074;0,074;;
05/06/2026 04:00;0,143;0,143;;
05/06/2026 04:15;0,112;0,112;;
05/06/2026 04:30;0,1;0,1;;
05/06/2026 04:45;0,098;0,098;;
05/06/2026 05:00;0,109;0,109;;
05/06/2026 05:15;0,104;0,104;;
05/06/2026 05:30;0,11;0,11;;
05/06/2026 05:45;0,099;0,099;;
05/06/2026 06:00;0,054;0,054;;
05/06/2026 06:15;0,064;0,064;;
05/06/2026 06:30;0,112;0,112;;
05/06/2026 06:45;0,141;0,141;;
05/06/2026 07:00;0,062;0,062;;
05/06/2026 07:15;0,041;0,041;;
05/06/2026 07:30;0,096;0,096;;
05/06/2026 07:45;0,15;0,15;;
05/06/2026 08:00;0,052;0,052;;
05/06/2026 08:15;0,05;0,05;;
05/06/2026 08:30;0,126;0,126;;
05/06/2026 08:45;0,121;0,121;;
05/06/2026 09:00;0,122;0,122;;
05/06/2026 09:15;0,145;0,145;;
05/06/2026 09:30;0,076;0,076;;
05/06/2026 09:45;0,038;0,038;;
05/06/2026 10:00;0,148;0,148;;
05/06/2026 10:15;0,172;0,172;;
05/06/2026 10:30;0,087;0,087;;
05/06/2026 10:45;0,105;0,105;;
05/06/2026 11:00;0,116;0,116;;
05/06/2026 11:15;0,188;0,188;;
05/06/2026 11:30;0,185;0,185;;
05/06/2026 11:45;0,07;0,07;;
05/06/2026 12:00;0,103;0,103;;
05/06/2026 12:15;0,195;0,195;;
05/06/2026 12:30;0,236;0,236;;
05/06/2026 12:45;0,188;0,188;;
05/06/2026 13:00;0,152;0,152;;
05/06/2026 13:15;0,218;0,218;;
05/06/2026 13:30;0,197;0,197;;
05/06/2026 13:45;0,248;0,248;;
05/06/2026 14:00;0,241;0,241;;
05/06/2026 14:15;0,23;0,23;;
05/06/2026 14:30;0,223;0,223;;
05/06/2026 14:45;0,219;0,219;;
05/06/2026 15:00;0,187;0,187;;
05/06/2026 15:15;0,085;0,085;;
05/06/2026 15:30;0,14;0,14;;
05/06/2026 15:45;0,16;0,16;;
05/06/2026 16:00;0,237;0,237;;
05/06/2026 16:15;0,172;0,172;;
05/06/2026 16:30;0,172;0,172;;
05/06/2026 16:45;0,209;0,209;;
05/06/2026 17:00;0,181;0,181;;
05/06/2026 17:15;0,241;0,241;;
05/06/2026 17:30;0,17;0,17;;
05/06/2026 17:45;0,147;0,147;;
05/06/2026 18:00;0,146;0,146;;
05/06/2026 18:15;0,181;0,181;;
05/06/2026 18:30;1.165;1,165;;
05/06/2026 18:45;1.305;1,305;;
05/06/2026 19:00;1.192;1,192;;
05/06/2026 19:15;1.228;1,228;;
05/06/2026 19:30;1.205;1,205;;
05/06/2026 19:45;1.306;1,306;;
05/06/2026 20:00;1.542;1,542;;
05/06/2026 20:15;1.535;1,535;;
05/06/2026 20:30;1.509;1,509;;
05/06/2026 20:45;1.533;1,533;;
05/06/2026 21:00;1,48;1,48;;
05/06/2026 21:15;1.412;1,412;;
05/06/2026 21:30;1.495;1,495;;
05/06/2026 21:45;1.411;1,411;;
05/06/2026 22:00;0,912;0,912;;
05/06/2026 22:15;0,759;0,759;;
05/06/2026 22:30;0,758;0,758;;
05/06/2026 22:45;0,757;0,757;;
05/06/2026 23:00;0,763;0,763;;
05/06/2026 23:15;0,767;0,767;;
05/06/2026 23:30;0,709;0,709;;
05/06/2026 23:45;0,482;0,482;;
06/06/2026 00:00;0,113;0,113;;
06/06/2026 00:15;0,068;0,068;;
06/06/2026 00:30;0,095;0,095;;
06/06/2026 00:45;0,093;0,093;;
06/06/2026 01:00;0,088;0,088;;
06/06/2026 01:15;0,099;0,099;;
06/06/2026 01:30;0,11;0,11;;
06/06/2026 01:45;0,049;0,049;;
06/06/2026 02:00;0,068;0,068;;
06/06/2026 02:15;0,116;0,116;;
06/06/2026 02:30;0,086;0,086;;
06/06/2026 02:45;0,045;0,045;;
06/06/2026 03:00;0,054;0,054;;
06/06/2026 03:15;0,105;0,105;;
06/06/2026 03:30;0,121;0,121;;
06/06/2026 03:45;0,061;0,061;;
06/06/2026 04:00;0,05;0,05;;
06/06/2026 04:15;0,092;0,092;;
06/06/2026 04:30;0,122;0,122;;
06/06/2026 04:45;0,105;0,105;;
06/06/2026 05:00;0,102;0,102;;
06/06/2026 05:15;0,077;0,077;;
06/06/2026 05:30;0,061;0,061;;
06/06/2026 05:45;0,121;0,121;;
06/06/2026 06:00;0,1;0,1;;
06/06/2026 06:15;0,076;0,076;;
06/06/2026 06:30;0,079;0,079;;
06/06/2026 06:45;0,1;0,1;;
06/06/2026 07:00;0,146;0,146;;
06/06/2026 07:15;0,079;0,079;;
06/06/2026 07:30;0,058;0,058;;
06/06/2026 07:45;0,084;0,084;;
06/06/2026 08:00;0,118;0,118;;
06/06/2026 08:15;0,098;0,098;;
06/06/2026 08:30;0,058;0,058;;
06/06/2026 08:45;0,086;0,086;;
06/06/2026 09:00;0,128;0,128;;
06/06/2026 09:15;0,163;0,163;;
06/06/2026 09:30;0,216;0,216;;
06/06/2026 09:45;0,149;0,149;;
06/06/2026 10:00;0,215;0,215;;
06/06/2026 10:15;0,206;0,206;;
06/06/2026 10:30;0,224;0,224;;
06/06/2026 10:45;0,139;0,139;;
06/06/2026 11:00;0,229;0,229;;
06/06/2026 11:15;0,307;0,307;;
06/06/2026 11:30;0,29;0,29;;
06/06/2026 11:45;0,279;0,279;;
06/06/2026 12:00;0,262;0,262;;
06/06/2026 12:15;0,315;0,315;;
06/06/2026 12:30;0,253;0,253;;
06/06/2026 12:45;0,349;0,349;;
06/06/2026 13:00;0,349;0,349;;
06/06/2026 13:15;0,289;0,289;;
06/06/2026 13:30;0,235;0,235;;
06/06/2026 13:45;0,276;0,276;;
06/06/2026 14:00;0,337;0,337;;
06/06/2026 14:15;0,335;0,335;;
06/06/2026 14:30;0,262;0,262;;
06/06/2026 14:45;0,219;0,219;;
06/06/2026 15:00;0,205;0,205;;
06/06/2026 15:15;0,276;0,276;;
06/06/2026 15:30;0,235;0,235;;
06/06/2026 15:45;0,143;0,143;;
06/06/2026 16:00;0,114;0,114;;
06/06/2026 16:15;0,148;0,148;;
06/06/2026 16:30;0,291;0,291;;
06/06/2026 16:45;0,183;0,183;;
06/06/2026 17:00;0,103;0,103;;
06/06/2026 17:15;0,21;0,21;;
06/06/2026 17:30;0,267;0,267;;
06/06/2026 17:45;0,125;0,125;;
06/06/2026 18:00;0,116;0,116;;
06/06/2026 18:15;0,124;0,124;;
06/06/2026 18:30;0,153;0,153;;
06/06/2026 18:45;0,117;0,117;;
06/06/2026 19:00;0,142;0,142;;
06/06/2026 19:15;0,115;0,115;;
06/06/2026 19:30;0,124;0,124;;
06/06/2026 19:45;0,094;0,094;;
06/06/2026 20:00;0,153;0,153;;
06/06/2026 20:15;0,132;0,132;;
06/06/2026 20:30;0,161;0,161;;
06/06/2026 20:45;0,079;0,079;;
06/06/2026 21:00;0,078;0,078;;
06/06/2026 21:15;0,139;0,139;;
06/06/2026 21:30;0,148;0,148;;
06/06/2026 21:45;0,098;0,098;;
06/06/2026 22:00;0,079;0,079;;
06/06/2026 22:15;0,133;0,133;;
06/06/2026 22:30;0,567;0,567;;
06/06/2026 22:45;0,862;0,862;;
06/06/2026 23:00;1.132;1,132;;
06/06/2026 23:15;1.161;1,161;;
06/06/2026 23:30;1.143;1,143;;
06/06/2026 23:45;1.204;1,204;;
07/06/2026 00:00;1.186;1,186;;
07/06/2026 00:15;1.136;1,136;;
07/06/2026 00:30;1.189;1,189;;
07/06/2026 00:45;1.219;1,219;;
07/06/2026 01:00;1,15;1,15;;
07/06/2026 01:15;1.141;1,141;;
07/06/2026 01:30;1.147;1,147;;
07/06/2026 01:45;1.196;1,196;;
07/06/2026 02:00;1.203;1,203;;
07/06/2026 02:15;1.207;1,207;;
07/06/2026 02:30;0,841;0,841;;
07/06/2026 02:45;0,54;0,54;;
07/06/2026 03:00;0,432;0,432;;
07/06/2026 03:15;0,153;0,153;;
07/06/2026 03:30;0,089;0,089;;
07/06/2026 03:45;0,059;0,059;;
07/06/2026 04:00;0,067;0,067;;
07/06/2026 04:15;0,122;0,122;;
07/06/2026 04:30;0,119;0,119;;
07/06/2026 04:45;0,064;0,064;;
07/06/2026 05:00;0,085;0,085;;
07/06/2026 05:15;0,164;0,164;;
07/06/2026 05:30;0,077;0,077;;
07/06/2026 05:45;0,049;0,049;;
07/06/2026 06:00;0,069;0,069;;
07/06/2026 06:15;0,119;0,119;;
07/06/2026 06:30;0,07;0,07;;
07/06/2026 06:45;0,132;0,132;;
07/06/2026 07:00;0,115;0,115;;
07/06/2026 07:15;0,207;0,207;;
07/06/2026 07:30;0,179;0,179;;
07/06/2026 07:45;0,226;0,226;;
07/06/2026 08:00;0,13;0,13;;
07/06/2026 08:15;0,065;0,065;;
07/06/2026 08:30;0,095;0,095;;
07/06/2026 08:45;0,13;0,13;;
07/06/2026 09:00;0,115;0,115;;
07/06/2026 09:15;0,113;0,113;;
07/06/2026 09:30;0,14;0,14;;
07/06/2026 09:45;0,212;0,212;;
07/06/2026 10:00;0,231;0,231;;
07/06/2026 10:15;0,123;0,123;;
07/06/2026 10:30;0,145;0,145;;
07/06/2026 10:45;0,196;0,196;;
07/06/2026 11:00;0,153;0,153;;
07/06/2026 11:15;0,56;0,56;;
07/06/2026 11:30;0,697;0,697;;
07/06/2026 11:45;0,274;0,274;;
07/06/2026 12:00;0,591;0,591;;
07/06/2026 12:15;0,385;0,385;;
07/06/2026 12:30;0,384;0,384;;
07/06/2026 12:45;0,862;0,862;;
07/06/2026 13:00;0,388;0,388;;
07/06/2026 13:15;0,3;0,3;;
07/06/2026 13:30;0,193;0,193;;
07/06/2026 13:45;0,172;0,172;;
07/06/2026 14:00;0,237;0,237;;
07/06/2026 14:15;0,302;0,302;;
07/06/2026 14:30;0,226;0,226;;
07/06/2026 14:45;0,141;0,141;;
07/06/2026 15:00;0,194;0,194;;
07/06/2026 15:15;0,17;0,17;;
07/06/2026 15:30;0,197;0,197;;
07/06/2026 15:45;0,113;0,113;;
07/06/2026 16:00;0,217;0,217;;
07/06/2026 16:15;0,14;0,14;;
07/06/2026 16:30;0,207;0,207;;
07/06/2026 16:45;0,232;0,232;;
07/06/2026 17:00;0,124;0,124;;
07/06/2026 17:15;0,155;0,155;;
07/06/2026 17:30;0,199;0,199;;
07/06/2026 17:45;0,187;0,187;;
07/06/2026 18:00;0,156;0,156;;
07/06/2026 18:15;0,1;0,1;;
07/06/2026 18:30;0,14;0,14;;
07/06/2026 18:45;0,16;0,16;;
07/06/2026 19:00;0,107;0,107;;
07/06/2026 19:15;0,133;0,133;;
07/06/2026 19:30;0,224;0,224;;
07/06/2026 19:45;0,098;0,098;;
07/06/2026 20:00;0,44;0,44;;
07/06/2026 20:15;0,485;0,485;;
07/06/2026 20:30;0,497;0,497;;
07/06/2026 20:45;0,512;0,512;;
07/06/2026 21:00;0,806;0,806;;
07/06/2026 21:15;0,875;0,875;;
07/06/2026 21:30;0,622;0,622;;
07/06/2026 21:45;0,116;0,116;;
07/06/2026 22:00;0,133;0,133;;
07/06/2026 22:15;0,115;0,115;;
07/06/2026 22:30;0,111;0,111;;
07/06/2026 22:45;0,11;0,11;;
07/06/2026 23:00;0,146;0,146;;
07/06/2026 23:15;0,083;0,083;;
07/06/2026 23:30;0,114;0,114;;
07/06/2026 23:45;0,156;0,156;;
08/06/2026 00:00;0,09;0,09;;
08/06/2026 00:15;0,052;0,052;;
08/06/2026 00:30;0,071;0,071;;
08/06/2026 00:45;0,164;0,164;;
08/06/2026 01:00;0,07;0,07;;
08/06/2026 01:15;0,062;0,062;;
08/06/2026 01:30;0,109;0,109;;
08/06/2026 01:45;0,108;0,108;;
08/06/2026 02:00;0,107;0,107;;
08/06/2026 02:15;0,064;0,064;;
08/06/2026 02:30;0,104;0,104;;
08/06/2026 02:45;0,054;0,054;;
08/06/2026 03:00;0,097;0,097;;
08/06/2026 03:15;0,105;0,105;;
08/06/2026 03:30;0,092;0,092;;
08/06/2026 03:45;0,089;0,089;;
08/06/2026 04:00;0,107;0,107;;
08/06/2026 04:15;0,15;0,15;;
08/06/2026 04:30;0,091;0,091;;
08/06/2026 04:45;0,061;0,061;;
08/06/2026 05:00;0,057;0,057;;
08/06/2026 05:15;0,102;0,102;;
08/06/2026 05:30;0,114;0,114;;
08/06/2026 05:45;0,068;0,068;;
08/06/2026 06:00;0,11;0,11;;
08/06/2026 06:15;0,059;0,059;;
08/06/2026 06:30;0,103;0,103;;
08/06/2026 06:45;0,112;0,112;;
08/06/2026 07:00;0,095;0,095;;
08/06/2026 07:15;0,075;0,075;;
08/06/2026 07:30;0,084;0,084;;
08/06/2026 07:45;0,186;0,186;;
08/06/2026 08:00;0,146;0,146;;
08/06/2026 08:15;0,068;0,068;;
08/06/2026 08:30;0,064;0,064;;
08/06/2026 08:45;0,181;0,181;;
08/06/2026 09:00;0,127;0,127;;
08/06/2026 09:15;0,072;0,072;;
08/06/2026 09:30;0,117;0,117;;
08/06/2026 09:45;0,128;0,128;;
08/06/2026 10:00;0,191;0,191;;
08/06/2026 10:15;0,136;0,136;;
08/06/2026 10:30;0,203;0,203;;
08/06/2026 10:45;0,19;0,19;;
08/06/2026 11:00;0,162;0,162;;
08/06/2026 11:15;0,237;0,237;;
08/06/2026 11:30;0,197;0,197;;
08/06/2026 11:45;0,117;0,117;;
08/06/2026 12:00;0,176;0,176;;
08/06/2026 12:15;0,272;0,272;;
08/06/2026 12:30;0,227;0,227;;
08/06/2026 12:45;0,152;0,152;;
08/06/2026 13:00;0,221;0,221;;
08/06/2026 13:15;0,253;0,253;;
08/06/2026 13:30;0,263;0,263;;
08/06/2026 13:45;0,244;0,244;;
08/06/2026 14:00;0,28;0,28;;
08/06/2026 14:15;0,259;0,259;;
08/06/2026 14:30;0,164;0,164;;
08/06/2026 14:45;0,292;0,292;;
08/06/2026 15:00;0,283;0,283;;
08/06/2026 15:15;0,238;0,238;;
08/06/2026 15:30;0,245;0,245;;
08/06/2026 15:45;0,274;0,274;;
08/06/2026 16:00;0,293;0,293;;
08/06/2026 16:15;0,236;0,236;;
08/06/2026 16:30;0,271;0,271;;
08/06/2026 16:45;0,234;0,234;;
08/06/2026 17:00;0,546;0,546;;
08/06/2026 17:15;0,928;0,928;;
08/06/2026 17:30;0,857;0,857;;
08/06/2026 17:45;0,847;0,847;;
08/06/2026 18:00;0,874;0,874;;
08/06/2026 18:15;0,907;0,907;;
08/06/2026 18:30;0,788;0,788;;
08/06/2026 18:45;0,763;0,763;;
08/06/2026 19:00;0,792;0,792;;
08/06/2026 19:15;0,813;0,813;;
08/06/2026 19:30;0,878;0,878;;
08/06/2026 19:45;0,73;0,73;;
08/06/2026 20:00;0,727;0,727;;
08/06/2026 20:15;0,765;0,765;;
08/06/2026 20:30;0,828;0,828;;
08/06/2026 20:45;0,761;0,761;;
08/06/2026 21:00;0,717;0,717;;
08/06/2026 21:15;0,763;0,763;;
08/06/2026 21:30;0,767;0,767;;
08/06/2026 21:45;0,777;0,777;;
08/06/2026 22:00;0,754;0,754;;
08/06/2026 22:15;0,747;0,747;;
08/06/2026 22:30;0,728;0,728;;
08/06/2026 22:45;0,81;0,81;;
08/06/2026 23:00;0,848;0,848;;
08/06/2026 23:15;0,166;0,166;;
08/06/2026 23:30;0,066;0,066;;
08/06/2026 23:45;0,108;0,108;;
09/06/2026 00:00;0,153;0,153;;
09/06/2026 00:15;0,075;0,075;;
09/06/2026 00:30;0,072;0,072;;
09/06/2026 00:45;0,134;0,134;;
09/06/2026 01:00;0,106;0,106;;
09/06/2026 01:15;0,104;0,104;;
09/06/2026 01:30;0,095;0,095;;
09/06/2026 01:45;0,081;0,081;;
09/06/2026 02:00;0,067;0,067;;
09/06/2026 02:15;0,129;0,129;;
09/06/2026 02:30;0,14;0,14;;
09/06/2026 02:45;0,058;0,058;;
09/06/2026 03:00;0,073;0,073;;
09/06/2026 03:15;0,151;0,151;;
09/06/2026 03:30;0,152;0,152;;
09/06/2026 03:45;0,079;0,079;;
09/06/2026 04:00;0,089;0,089;;
09/06/2026 04:15;0,125;0,125;;
09/06/2026 04:30;0,104;0,104;;
09/06/2026 04:45;0,14;0,14;;
09/06/2026 05:00;0,117;0,117;;
09/06/2026 05:15;0,16;0,16;;
09/06/2026 05:30;0,079;0,079;;
09/06/2026 05:45;0,097;0,097;;
09/06/2026 06:00;0,126;0,126;;
09/06/2026 06:15;0,098;0,098;;
09/06/2026 06:30;0,058;0,058;;
09/06/2026 06:45;0,058;0,058;;
09/06/2026 07:00;0,177;0,177;;
09/06/2026 07:15;0,136;0,136;;
09/06/2026 07:30;0,06;0,06;;
09/06/2026 07:45;0,081;0,081;;
09/06/2026 08:00;0,192;0,192;;
09/06/2026 08:15;0,187;0,187;;
09/06/2026 08:30;0,108;0,108;;
09/06/2026 08:45;0,233;0,233;;
09/06/2026 09:00;0,211;0,211;;
09/06/2026 09:15;0,236;0,236;;
09/06/2026 09:30;0,238;0,238;;
09/06/2026 09:45;0,2;0,2;;
09/06/2026 10:00;0,192;0,192;;
09/06/2026 10:15;0,233;0,233;;
09/06/2026 10:30;0,308;0,308;;
09/06/2026 10:45;0,304;0,304;;
09/06/2026 11:00;0,252;0,252;;
09/06/2026 11:15;0,281;0,281;;
09/06/2026 11:30;0,247;0,247;;
09/06/2026 11:45;0,257;0,257;;
09/06/2026 12:00;0,22;0,22;;
09/06/2026 12:15;0,235;0,235;;
09/06/2026 12:30;0,23;0,23;;
09/06/2026 12:45;0,203;0,203;;
09/06/2026 13:00;0,236;0,236;;
09/06/2026 13:15;0,228;0,228;;
09/06/2026 13:30;0,256;0,256;;
09/06/2026 13:45;0,281;0,281;;
09/06/2026 14:00;0,196;0,196;;
09/06/2026 14:15;0,226;0,226;;
09/06/2026 14:30;0,135;0,135;;
09/06/2026 14:45;0,136;0,136;;
09/06/2026 15:00;0,321;0,321;;
09/06/2026 15:15;0,276;0,276;;
09/06/2026 15:30;0,158;0,158;;
09/06/2026 15:45;0,254;0,254;;
09/06/2026 16:00;0,206;0,206;;
09/06/2026 16:15;0,232;0,232;;
09/06/2026 16:30;0,204;0,204;;
09/06/2026 16:45;0,115;0,115;;
09/06/2026 17:00;0,164;0,164;;
09/06/2026 17:15;0,186;0,186;;
09/06/2026 17:30;0,27;0,27;;
09/06/2026 17:45;0,206;0,206;;
09/06/2026 18:00;0,295;0,295;;
09/06/2026 18:15;0,417;0,417;;
09/06/2026 18:30;0,556;0,556;;
09/06/2026 18:45;0,584;0,584;;
09/06/2026 19:00;0,457;0,457;;
09/06/2026 19:15;0,551;0,551;;
09/06/2026 19:30;0,505;0,505;;
09/06/2026 19:45;0,546;0,546;;
09/06/2026 20:00;0,499;0,499;;
09/06/2026 20:15;0,492;0,492;;
09/06/2026 20:30;0,43;0,43;;
09/06/2026 20:45;0,726;0,726;;
09/06/2026 21:00;1.493;1,493;;
09/06/2026 21:15;1.446;1,446;;
09/06/2026 21:30;1.131;1,131;;
09/06/2026 21:45;0,429;0,429;;
09/06/2026 22:00;0,531;0,531;;
09/06/2026 22:15;0,537;0,537;;
09/06/2026 22:30;0,529;0,529;;
09/06/2026 22:45;0,47;0,47;;
09/06/2026 23:00;0,367;0,367;;
09/06/2026 23:15;0,154;0,154;;
09/06/2026 23:30;0,091;0,091;;
09/06/2026 23:45;0,151;0,151;;
10/06/2026 00:00;0,144;0,144;;
10/06/2026 00:15;0,152;0,152;;
10/06/2026 00:30;0,157;0,157;;
10/06/2026 00:45;0,141;0,141;;
10/06/2026 01:00;0,111;0,111;;
10/06/2026 01:15;0,069;0,069;;
10/06/2026 01:30;0,096;0,096;;
10/06/2026 01:45;0,15;0,15;;
10/06/2026 02:00;0,096;0,096;;
10/06/2026 02:15;0,075;0,075;;
10/06/2026 02:30;0,112;0,112;;
10/06/2026 02:45;0,13;0,13;;
10/06/2026 03:00;0,079;0,079;;
10/06/2026 03:15;0,075;0,075;;
10/06/2026 03:30;0,092;0,092;;
10/06/2026 03:45;0,052;0,052;;
10/06/2026 04:00;0,102;0,102;;
10/06/2026 04:15;0,119;0,119;;
10/06/2026 04:30;0,073;0,073;;
10/06/2026 04:45;0,064;0,064;;
10/06/2026 05:00;0,072;0,072;;
10/06/2026 05:15;0,152;0,152;;
10/06/2026 05:30;0,057;0,057;;
10/06/2026 05:45;0,055;0,055;;
10/06/2026 06:00;0,054;0,054;;
10/06/2026 06:15;0,1;0,1;;
10/06/2026 06:30;0,059;0,059;;
10/06/2026 06:45;0,113;0,113;;
10/06/2026 07:00;0,116;0,116;;
10/06/2026 07:15;0,069;0,069;;
10/06/2026 07:30;0,106;0,106;;
10/06/2026 07:45;0,078;0,078;;
10/06/2026 08:00;0,092;0,092;;
10/06/2026 08:15;0,086;0,086;;
10/06/2026 08:30;0,091;0,091;;
10/06/2026 08:45;0,178;0,178;;
10/06/2026 09:00;0,199;0,199;;
10/06/2026 09:15;0,131;0,131;;
10/06/2026 09:30;0,163;0,163;;
10/06/2026 09:45;0,221;0,221;;
10/06/2026 10:00;0,136;0,136;;
10/06/2026 10:15;0,176;0,176;;
10/06/2026 10:30;0,353;0,353;;
10/06/2026 10:45;0,454;0,454;;
10/06/2026 11:00;0,578;0,578;;
10/06/2026 11:15;0,519;0,519;;
10/06/2026 11:30;0,268;0,268;;
10/06/2026 11:45;0,158;0,158;;
10/06/2026 12:00;0,208;0,208;;
10/06/2026 12:15;0,228;0,228;;
10/06/2026 12:30;0,213;0,213;;
10/06/2026 12:45;0,223;0,223;;
10/06/2026 13:00;0,174;0,174;;
10/06/2026 13:15;0,171;0,171;;
10/06/2026 13:30;0,162;0,162;;
10/06/2026 13:45;0,212;0,212;;
10/06/2026 14:00;0,153;0,153;;
10/06/2026 14:15;0,197;0,197;;
10/06/2026 14:30;0,233;0,233;;
10/06/2026 14:45;0,227;0,227;;
10/06/2026 15:00;0,228;0,228;;
10/06/2026 15:15;0,187;0,187;;
10/06/2026 15:30;0,168;0,168;;
10/06/2026 15:45;0,152;0,152;;
10/06/2026 16:00;0,24;0,24;;
10/06/2026 16:15;0,163;0,163;;
10/06/2026 16:30;0,163;0,163;;
10/06/2026 16:45;0,205;0,205;;
10/06/2026 17:00;0,191;0,191;;
10/06/2026 17:15;0,209;0,209;;
10/06/2026 17:30;0,189;0,189;;
10/06/2026 17:45;0,198;0,198;;
10/06/2026 18:00;0,204;0,204;;
10/06/2026 18:15;0,132;0,132;;
10/06/2026 18:30;0,17;0,17;;
10/06/2026 18:45;0,171;0,171;;
10/06/2026 19:00;0,154;0,154;;
10/06/2026 19:15;1,08;1,08;;
10/06/2026 19:30;1.233;1,233;;
10/06/2026 19:45;1.212;1,212;;
10/06/2026 20:00;1,12;1,12;;
10/06/2026 20:15;1.087;1,087;;
10/06/2026 20:30;1.164;1,164;;
10/06/2026 20:45;1.172;1,172;;
10/06/2026 21:00;1.126;1,126;;
10/06/2026 21:15;1.111;1,111;;
10/06/2026 21:30;1.155;1,155;;
10/06/2026 21:45;1.091;1,091;;
10/06/2026 22:00;1.067;1,067;;
10/06/2026 22:15;1.153;1,153;;
10/06/2026 22:30;1.071;1,071;;
10/06/2026 22:45;1.056;1,056;;
10/06/2026 23:00;0,813;0,813;;
10/06/2026 23:15;0,122;0,122;;
10/06/2026 23:30;0,091;0,091;;
10/06/2026 23:45;0,115;0,115;;
11/06/2026 00:00;0,13;0,13;;
11/06/2026 00:15;0,058;0,058;;
11/06/2026 00:30;0,071;0,071;;
11/06/2026 00:45;0,12;0,12;;
11/06/2026 01:00;0,155;0,155;;
11/06/2026 01:15;0,051;0,051;;
11/06/2026 01:30;0,071;0,071;;
11/06/2026 01:45;0,11;0,11;;
11/06/2026 02:00;0,125;0,125;;
11/06/2026 02:15;0,072;0,072;;
11/06/2026 02:30;0,098;0,098;;
11/06/2026 02:45;0,066;0,066;;
11/06/2026 03:00;0,06;0,06;;
11/06/2026 03:15;0,073;0,073;;
11/06/2026 03:30;0,147;0,147;;
11/06/2026 03:45;0,053;0,053;;
11/06/2026 04:00;0,068;0,068;;
11/06/2026 04:15;0,074;0,074;;
11/06/2026 04:30;0,138;0,138;;
11/06/2026 04:45;0,052;0,052;;
11/06/2026 05:00;0,067;0,067;;
11/06/2026 05:15;0,112;0,112;;
11/06/2026 05:30;0,078;0,078;;
11/06/2026 05:45;0,052;0,052;;
11/06/2026 06:00;0,059;0,059;;
11/06/2026 06:15;0,107;0,107;;
11/06/2026 06:30;0,109;0,109;;
11/06/2026 06:45;0,102;0,102;;
11/06/2026 07:00;0,062;0,062;;
11/06/2026 07:15;0,115;0,115;;
11/06/2026 07:30;0,097;0,097;;
11/06/2026 07:45;0,084;0,084;;
11/06/2026 08:00;0,086;0,086;;
11/06/2026 08:15;0,169;0,169;;
11/06/2026 08:30;0,088;0,088;;
11/06/2026 08:45;0,09;0,09;;
11/06/2026 09:00;0,174;0,174;;
11/06/2026 09:15;0,15;0,15;;
11/06/2026 09:30;0,149;0,149;;
11/06/2026 09:45;0,19;0,19;;
11/06/2026 10:00;0,239;0,239;;
11/06/2026 10:15;0,24;0,24;;
11/06/2026 10:30;0,192;0,192;;
11/06/2026 10:45;0,253;0,253;;
11/06/2026 11:00;0,468;0,468;;
11/06/2026 11:15;0,554;0,554;;
11/06/2026 11:30;0,551;0,551;;
11/06/2026 11:45;0,526;0,526;;
11/06/2026 12:00;0,537;0,537;;
11/06/2026 12:15;0,482;0,482;;
11/06/2026 12:30;0,48;0,48;;
11/06/2026 12:45;0,524;0,524;;
11/06/2026 13:00;0,565;0,565;;
11/06/2026 13:15;0,47;0,47;;
11/06/2026 13:30;0,53;0,53;;
11/06/2026 13:45;0,479;0,479;;
11/06/2026 14:00;0,471;0,471;;
11/06/2026 14:15;0,548;0,548;;
11/06/2026 14:30;0,47;0,47;;
11/06/2026 14:45;0,213;0,213;;
11/06/2026 15:00;0,145;0,145;;
11/06/2026 15:15;0,206;0,206;;
11/06/2026 15:30;0,524;0,524;;
11/06/2026 15:45;0,512;0,512;;
11/06/2026 16:00;0,516;0,516;;
11/06/2026 16:15;0,475;0,475;;
11/06/2026 16:30;0,521;0,521;;
11/06/2026 16:45;0,514;0,514;;
11/06/2026 17:00;0,533;0,533;;
11/06/2026 17:15;0,437;0,437;;
11/06/2026 17:30;0,416;0,416;;
11/06/2026 17:45;0,497;0,497;;
11/06/2026 18:00;0,47;0,47;;
11/06/2026 18:15;0,441;0,441;;
11/06/2026 18:30;0,765;0,765;;
11/06/2026 18:45;0,8;0,8;;
11/06/2026 19:00;0,779;0,779;;
11/06/2026 19:15;0,755;0,755;;
11/06/2026 19:30;0,814;0,814;;
11/06/2026 19:45;0,797;0,797;;
11/06/2026 20:00;0,735;0,735;;
11/06/2026 20:15;0,763;0,763;;
11/06/2026 20:30;0,781;0,781;;
11/06/2026 20:45;0,792;0,792;;
11/06/2026 21:00;1.106;1,106;;
11/06/2026 21:15;1.052;1,052;;
11/06/2026 21:30;0,966;0,966;;
11/06/2026 21:45;0,818;0,818;;
11/06/2026 22:00;0,72;0,72;;
11/06/2026 22:15;0,716;0,716;;
11/06/2026 22:30;0,767;0,767;;
11/06/2026 22:45;0,753;0,753;;
11/06/2026 23:00;0,474;0,474;;
11/06/2026 23:15;0,13;0,13;;
11/06/2026 23:30;0,056;0,056;;
11/06/2026 23:45;0,072;0,072;;
12/06/2026 00:00;0,127;0,127;;
12/06/2026 00:15;0,088;0,088;;
12/06/2026 00:30;0,066;0,066;;
12/06/2026 00:45;0,111;0,111;;
12/06/2026 01:00;0,065;0,065;;
12/06/2026 01:15;0,153;0,153;;
12/06/2026 01:30;0,123;0,123;;
12/06/2026 01:45;0,056;0,056;;
12/06/2026 02:00;0,087;0,087;;
12/06/2026 02:15;0,123;0,123;;
12/06/2026 02:30;0,103;0,103;;
12/06/2026 02:45;0,068;0,068;;
12/06/2026 03:00;0,145;0,145;;
12/06/2026 03:15;0,105;0,105;;
12/06/2026 03:30;0,179;0,179;;
12/06/2026 03:45;0,174;0,174;;
12/06/2026 04:00;0,051;0,051;;
12/06/2026 04:15;0,086;0,086;;
12/06/2026 04:30;0,114;0,114;;
12/06/2026 04:45;0,135;0,135;;
12/06/2026 05:00;0,148;0,148;;
12/06/2026 05:15;0,101;0,101;;
12/06/2026 05:30;0,077;0,077;;
12/06/2026 05:45;0,096;0,096;;
12/06/2026 06:00;0,165;0,165;;
12/06/2026 06:15;0,067;0,067;;
12/06/2026 06:30;0,045;0,045;;
12/06/2026 06:45;0,1;0,1;;
12/06/2026 07:00;0,101;0,101;;
12/06/2026 07:15;0,097;0,097;;
12/06/2026 07:30;0,052;0,052;;
12/06/2026 07:45;0,059;0,059;;
12/06/2026 08:00;0,109;0,109;;
12/06/2026 08:15;0,158;0,158;;
12/06/2026 08:30;0,092;0,092;;
12/06/2026 08:45;0,126;0,126;;
12/06/2026 09:00;0,159;0,159;;
12/06/2026 09:15;0,234;0,234;;
12/06/2026 09:30;0,223;0,223;;
12/06/2026 09:45;0,215;0,215;;
12/06/2026 10:00;0,106;0,106;;
12/06/2026 10:15;0,11;0,11;;
12/06/2026 10:30;0,293;0,293;;
12/06/2026 10:45;0,421;0,421;;
12/06/2026 11:00;0,393;0,393;;
12/06/2026 11:15;0,308;0,308;;
12/06/2026 11:30;0,283;0,283;;
12/06/2026 11:45;0,403;0,403;;
12/06/2026 12:00;0,394;0,394;;
12/06/2026 12:15;0,371;0,371;;
12/06/2026 12:30;0,375;0,375;;
12/06/2026 12:45;0,353;0,353;;
12/06/2026 13:00;0,371;0,371;;
12/06/2026 13:15;0,327;0,327;;
12/06/2026 13:30;0,304;0,304;;
12/06/2026 13:45;0,239;0,239;;
12/06/2026 14:00;0,358;0,358;;
12/06/2026 14:15;0,335;0,335;;
12/06/2026 14:30;0,275;0,275;;
12/06/2026 14:45;0,238;0,238;;
12/06/2026 15:00;0,297;0,297;;
12/06/2026 15:15;0,377;0,377;;
12/06/2026 15:30;0,347;0,347;;
12/06/2026 15:45;0,216;0,216;;
12/06/2026 16:00;0,306;0,306;;
12/06/2026 16:15;0,642;0,642;;
12/06/2026 16:30;0,641;0,641;;
12/06/2026 16:45;0,593;0,593;;
12/06/2026 17:00;0,616;0,616;;
12/06/2026 17:15;0,673;0,673;;
12/06/2026 17:30;0,697;0,697;;
12/06/2026 17:45;0,653;0,653;;
12/06/2026 18:00;1.488;1,488;;
12/06/2026 18:15;0,896;0,896;;
12/06/2026 18:30;1.109;1,109;;
12/06/2026 18:45;0,536;0,536;;
12/06/2026 19:00;0,485;0,485;;
12/06/2026 19:15;0,516;0,516;;
12/06/2026 19:30;0,931;0,931;;
12/06/2026 19:45;0,728;0,728;;
12/06/2026 20:00;0,72;0,72;;
12/06/2026 20:15;1.725;1,725;;
12/06/2026 20:30;1.878;1,878;;
12/06/2026 20:45;1.794;1,794;;
12/06/2026 21:00;1.651;1,651;;
12/06/2026 21:15;1.798;1,798;;
12/06/2026 21:30;2.082;2,082;;
12/06/2026 21:45;1.598;1,598;;
12/06/2026 22:00;1.677;1,677;;
12/06/2026 22:15;1,65;1,65;;
12/06/2026 22:30;1.681;1,681;;
12/06/2026 22:45;1.608;1,608;;
12/06/2026 23:00;1,62;1,62;;
12/06/2026 23:15;1.671;1,671;;
12/06/2026 23:30;1.207;1,207;;
12/06/2026 23:45;0,631;0,631;;
13/06/2026 00:00;0,515;0,515;;
13/06/2026 00:15;0,502;0,502;;
13/06/2026 00:30;0,417;0,417;;
13/06/2026 00:45;0,16;0,16;;
13/06/2026 01:00;0,086;0,086;;
13/06/2026 01:15;0,079;0,079;;
13/06/2026 01:30;0,099;0,099;;
13/06/2026 01:45;0,156;0,156;;
13/06/2026 02:00;0,136;0,136;;
13/06/2026 02:15;0,098;0,098;;
13/06/2026 02:30;0,099;0,099;;
13/06/2026 02:45;0,168;0,168;;
13/06/2026 03:00;0,123;0,123;;
13/06/2026 03:15;0,134;0,134;;
13/06/2026 03:30;0,066;0,066;;
13/06/2026 03:45;0,099;0,099;;
13/06/2026 04:00;0,163;0,163;;
13/06/2026 04:15;0,087;0,087;;
13/06/2026 04:30;0,118;0,118;;
13/06/2026 04:45;0,075;0,075;;
13/06/2026 05:00;0,109;0,109;;
13/06/2026 05:15;0,163;0,163;;
13/06/2026 05:30;0,063;0,063;;
13/06/2026 05:45;0,08;0,08;;
13/06/2026 06:00;0,09;0,09;;
13/06/2026 06:15;0,174;0,174;;
13/06/2026 06:30;0,16;0,16;;
13/06/2026 06:45;0,055;0,055;;
13/06/2026 07:00;0,106;0,106;;
13/06/2026 07:15;0,096;0,096;;
13/06/2026 07:30;0,12;0,12;;
13/06/2026 07:45;0,136;0,136;;
13/06/2026 08:00;0,06;0,06;;
13/06/2026 08:15;0,144;0,144;;
13/06/2026 08:30;0,159;0,159;;
13/06/2026 08:45;0,12;0,12;;
13/06/2026 09:00;0,123;0,123;;
13/06/2026 09:15;0,08;0,08;;
13/06/2026 09:30;0,292;0,292;;
13/06/2026 09:45;0,507;0,507;;
13/06/2026 10:00;0,444;0,444;;
13/06/2026 10:15;0,432;0,432;;
13/06/2026 10:30;0,456;0,456;;
13/06/2026 10:45;0,519;0,519;;
13/06/2026 11:00;0,606;0,606;;
13/06/2026 11:15;0,528;0,528;;
13/06/2026 11:30;0,468;0,468;;
13/06/2026 11:45;0,479;0,479;;
13/06/2026 12:00;0,56;0,56;;
13/06/2026 12:15;0,555;0,555;;
13/06/2026 12:30;0,455;0,455;;
13/06/2026 12:45;0,516;0,516;;
13/06/2026 13:00;1.183;1,183;;
13/06/2026 13:15;1.603;1,603;;
13/06/2026 13:30;0,666;0,666;;
13/06/2026 13:45;0,551;0,551;;
13/06/2026 14:00;0,537;0,537;;
13/06/2026 14:15;0,596;0,596;;
13/06/2026 14:30;0,597;0,597;;
13/06/2026 14:45;0,607;0,607;;
13/06/2026 15:00;0,464;0,464;;
13/06/2026 15:15;0,674;0,674;;
13/06/2026 15:30;1.453;1,453;;
13/06/2026 15:45;0,682;0,682;;
13/06/2026 16:00;0,54;0,54;;
13/06/2026 16:15;0,565;0,565;;
13/06/2026 16:30;0,588;0,588;;
13/06/2026 16:45;0,599;0,599;;
13/06/2026 17:00;0,571;0,571;;
13/06/2026 17:15;0,578;0,578;;
13/06/2026 17:30;0,538;0,538;;
13/06/2026 17:45;0,58;0,58;;
13/06/2026 18:00;0,514;0,514;;
13/06/2026 18:15;0,54;0,54;;
13/06/2026 18:30;0,777;0,777;;
13/06/2026 18:45;0,904;0,904;;
13/06/2026 19:00;0,342;0,342;;
13/06/2026 19:15;0,374;0,374;;
13/06/2026 19:30;0,337;0,337;;
13/06/2026 19:45;0,233;0,233;;
13/06/2026 20:00;0,209;0,209;;
13/06/2026 20:15;0,21;0,21;;
13/06/2026 20:30;0,101;0,101;;
13/06/2026 20:45;0,146;0,146;;
13/06/2026 21:00;0,107;0,107;;
13/06/2026 21:15;0,16;0,16;;
13/06/2026 21:30;0,124;0,124;;
13/06/2026 21:45;0,159;0,159;;
13/06/2026 22:00;0,062;0,062;;
13/06/2026 22:15;0,129;0,129;;
13/06/2026 22:30;0,122;0,122;;
13/06/2026 22:45;0,13;0,13;;
13/06/2026 23:00;0,088;0,088;;
13/06/2026 23:15;0,135;0,135;;
13/06/2026 23:30;0,152;0,152;;
13/06/2026 23:45;0,145;0,145;;
14/06/2026 00:00;0,116;0,116;;
14/06/2026 00:15;0,126;0,126;;
14/06/2026 00:30;0,062;0,062;;
14/06/2026 00:45;0,176;0,176;;
14/06/2026 01:00;0,102;0,102;;
14/06/2026 01:15;0,099;0,099;;
14/06/2026 01:30;0,044;0,044;;
14/06/2026 01:45;0,109;0,109;;
14/06/2026 02:00;0,113;0,113;;
14/06/2026 02:15;0,131;0,131;;
14/06/2026 02:30;0,04;0,04;;
14/06/2026 02:45;0,09;0,09;;
14/06/2026 03:00;0,091;0,091;;
14/06/2026 03:15;0,135;0,135;;
14/06/2026 03:30;0,044;0,044;;
14/06/2026 03:45;0,091;0,091;;
14/06/2026 04:00;0,058;0,058;;
14/06/2026 04:15;0,111;0,111;;
14/06/2026 04:30;0,109;0,109;;
14/06/2026 04:45;0,089;0,089;;
14/06/2026 05:00;0,047;0,047;;
14/06/2026 05:15;0,122;0,122;;
14/06/2026 05:30;0,097;0,097;;
14/06/2026 05:45;0,082;0,082;;
14/06/2026 06:00;0,056;0,056;;
14/06/2026 06:15;0,087;0,087;;
14/06/2026 06:30;0,087;0,087;;
14/06/2026 06:45;0,123;0,123;;
14/06/2026 07:00;0,12;0,12;;
14/06/2026 07:15;0,046;0,046;;
14/06/2026 07:30;0,148;0,148;;
14/06/2026 07:45;0,143;0,143;;
14/06/2026 08:00;0,166;0,166;;
14/06/2026 08:15;0,056;0,056;;
14/06/2026 08:30;0,119;0,119;;
14/06/2026 08:45;0,086;0,086;;
14/06/2026 09:00;0,157;0,157;;
14/06/2026 09:15;0,176;0,176;;
14/06/2026 09:30;0,073;0,073;;
14/06/2026 09:45;0,133;0,133;;
14/06/2026 10:00;0,167;0,167;;
14/06/2026 10:15;0,16;0,16;;
14/06/2026 10:30;0,126;0,126;;
14/06/2026 10:45;0,128;0,128;;
14/06/2026 11:00;0,089;0,089;;
14/06/2026 11:15;0,21;0,21;;
14/06/2026 11:30;0,27;0,27;;
14/06/2026 11:45;0,212;0,212;;
14/06/2026 12:00;0,852;0,852;;
14/06/2026 12:15;0,29;0,29;;
14/06/2026 12:30;0,452;0,452;;
14/06/2026 12:45;0,527;0,527;;
14/06/2026 13:00;0,371;0,371;;
14/06/2026 13:15;0,367;0,367;;
14/06/2026 13:30;0,48;0,48;;
14/06/2026 13:45;0,322;0,322;;
14/06/2026 14:00;0,215;0,215;;
14/06/2026 14:15;0,299;0,299;;
14/06/2026 14:30;0,396;0,396;;
14/06/2026 14:45;0,262;0,262;;
14/06/2026 15:00;0,332;0,332;;
14/06/2026 15:15;0,222;0,222;;
14/06/2026 15:30;0,6;0,6;;
14/06/2026 15:45;0,294;0,294;;
14/06/2026 16:00;0,515;0,515;;
14/06/2026 16:15;0,369;0,369;;
14/06/2026 16:30;0,364;0,364;;
14/06/2026 16:45;0,372;0,372;;
14/06/2026 17:00;0,451;0,451;;
14/06/2026 17:15;0,398;0,398;;
14/06/2026 17:30;0,261;0,261;;
14/06/2026 17:45;0,213;0,213;;
14/06/2026 18:00;0,173;0,173;;
14/06/2026 18:15;0,242;0,242;;
14/06/2026 18:30;0,196;0,196;;
14/06/2026 18:45;0,128;0,128;;
14/06/2026 19:00;0,146;0,146;;
14/06/2026 19:15;0,254;0,254;;
14/06/2026 19:30;0,332;0,332;;
14/06/2026 19:45;0,211;0,211;;
14/06/2026 20:00;0,22;0,22;;
14/06/2026 20:15;0,253;0,253;;
14/06/2026 20:30;0,258;0,258;;
14/06/2026 20:45;0,131;0,131;;
14/06/2026 21:00;0,492;0,492;;
14/06/2026 21:15;0,472;0,472;;
14/06/2026 21:30;0,36;0,36;;
14/06/2026 21:45;0,137;0,137;;
14/06/2026 22:00;0,078;0,078;;
14/06/2026 22:15;0,07;0,07;;
14/06/2026 22:30;0,143;0,143;;
14/06/2026 22:45;0,119;0,119;;
14/06/2026 23:00;0,104;0,104;;
14/06/2026 23:15;0,109;0,109;;
14/06/2026 23:30;0,076;0,076;;
14/06/2026 23:45;0,068;0,068;;
15/06/2026 00:00;0,147;0,147;;
15/06/2026 00:15;0,078;0,078;;
15/06/2026 00:30;0,052;0,052;;
15/06/2026 00:45;0,08;0,08;;
15/06/2026 01:00;0,116;0,116;;
15/06/2026 01:15;0,099;0,099;;
15/06/2026 01:30;0,066;0,066;;
15/06/2026 01:45;0,1;0,1;;
15/06/2026 02:00;0,066;0,066;;
15/06/2026 02:15;0,059;0,059;;
15/06/2026 02:30;0,107;0,107;;
15/06/2026 02:45;0,075;0,075;;
15/06/2026 03:00;0,105;0,105;;
15/06/2026 03:15;0,057;0,057;;
15/06/2026 03:30;0,076;0,076;;
15/06/2026 03:45;0,101;0,101;;
15/06/2026 04:00;0,097;0,097;;
15/06/2026 04:15;0,062;0,062;;
15/06/2026 04:30;0,073;0,073;;
15/06/2026 04:45;0,102;0,102;;
15/06/2026 05:00;0,134;0,134;;
15/06/2026 05:15;0,091;0,091;;
15/06/2026 05:30;0,058;0,058;;
15/06/2026 05:45;0,081;0,081;;
15/06/2026 06:00;0,12;0,12;;
15/06/2026 06:15;0,082;0,082;;
15/06/2026 06:30;0,044;0,044;;
15/06/2026 06:45;0,081;0,081;;
15/06/2026 07:00;0,062;0,062;;
15/06/2026 07:15;0,083;0,083;;
15/06/2026 07:30;0,123;0,123;;
15/06/2026 07:45;0,108;0,108;;
15/06/2026 08:00;0,059;0,059;;
15/06/2026 08:15;0,115;0,115;;
15/06/2026 08:30;0,021;0,021;;
15/06/2026 08:45;0,001;0,001;;
15/06/2026 09:00;0,001;0,001;;
15/06/2026 09:15;0,001;0,001;;
15/06/2026 09:30;0,001;0,001;;
15/06/2026 09:45;0,001;0,001;;
15/06/2026 10:00;0,001;0,001;;
15/06/2026 10:15;0,001;0,001;;
15/06/2026 10:30;0,001;0,001;;
15/06/2026 10:45;0,001;0,001;;
15/06/2026 11:00;0,336;0,336;;
15/06/2026 11:15;0,36;0,36;;
15/06/2026 11:30;0,242;0,242;;
15/06/2026 11:45;0,311;0,311;;
15/06/2026 12:00;0,275;0,275;;
15/06/2026 12:15;0,234;0,234;;
15/06/2026 12:30;0,265;0,265;;
15/06/2026 12:45;0,241;0,241;;
15/06/2026 13:00;0,218;0,218;;
15/06/2026 13:15;0,322;0,322;;
15/06/2026 13:30;0,313;0,313;;
15/06/2026 13:45;0,251;0,251;;
15/06/2026 14:00;0,23;0,23;;
15/06/2026 14:15;0,272;0,272;;
15/06/2026 14:30;0,261;0,261;;
15/06/2026 14:45;0,222;0,222;;
15/06/2026 15:00;0,201;0,201;;
15/06/2026 15:15;0,205;0,205;;
15/06/2026 15:30;0,262;0,262;;
15/06/2026 15:45;0,268;0,268;;
15/06/2026 16:00;0,174;0,174;;
15/06/2026 16:15;0,225;0,225;;
15/06/2026 16:30;0,196;0,196;;
15/06/2026 16:45;0,155;0,155;;
15/06/2026 17:00;0,176;0,176;;
15/06/2026 17:15;0,192;0,192;;
15/06/2026 17:30;0,087;0,087;;
15/06/2026 17:45;0,159;0,159;;
15/06/2026 18:00;0,212;0,212;;
15/06/2026 18:15;0,095;0,095;;
15/06/2026 18:30;0,116;0,116;;
15/06/2026 18:45;0,171;0,171;;
15/06/2026 19:00;0,127;0,127;;
15/06/2026 19:15;0,188;0,188;;
15/06/2026 19:30;0,093;0,093;;
15/06/2026 19:45;0,16;0,16;;
15/06/2026 20:00;0,201;0,201;;
15/06/2026 20:15;0,151;0,151;;
15/06/2026 20:30;0,124;0,124;;
15/06/2026 20:45;0,284;0,284;;
15/06/2026 21:00;0,81;0,81;;
15/06/2026 21:15;0,801;0,801;;
15/06/2026 21:30;0,739;0,739;;
15/06/2026 21:45;0,167;0,167;;
15/06/2026 22:00;0,115;0,115;;
15/06/2026 22:15;0,133;0,133;;
15/06/2026 22:30;0,167;0,167;;
15/06/2026 22:45;0,138;0,138;;
15/06/2026 23:00;0,16;0,16;;
15/06/2026 23:15;0,171;0,171;;
15/06/2026 23:30;0,085;0,085;;
15/06/2026 23:45;0,158;0,158;;
16/06/2026 00:00;0,134;0,134;;
16/06/2026 00:15;0,15;0,15;;
16/06/2026 00:30;0,121;0,121;;
16/06/2026 00:45;0,11;0,11;;
16/06/2026 01:00;0,112;0,112;;
16/06/2026 01:15;0,159;0,159;;
16/06/2026 01:30;0,122;0,122;;
16/06/2026 01:45;0,052;0,052;;
16/06/2026 02:00;0,166;0,166;;
16/06/2026 02:15;0,148;0,148;;
16/06/2026 02:30;0,101;0,101;;
16/06/2026 02:45;0,084;0,084;;
16/06/2026 03:00;0,108;0,108;;
16/06/2026 03:15;0,123;0,123;;
16/06/2026 03:30;0,121;0,121;;
16/06/2026 03:45;0,173;0,173;;
16/06/2026 04:00;0,085;0,085;;
16/06/2026 04:15;0,076;0,076;;
16/06/2026 04:30;0,172;0,172;;
16/06/2026 04:45;0,171;0,171;;
16/06/2026 05:00;0,136;0,136;;
16/06/2026 05:15;0,054;0,054;;
16/06/2026 05:30;0,104;0,104;;
16/06/2026 05:45;0,192;0,192;;
16/06/2026 06:00;0,112;0,112;;
16/06/2026 06:15;0,051;0,051;;
16/06/2026 06:30;0,137;0,137;;
16/06/2026 06:45;0,153;0,153;;
16/06/2026 07:00;0,147;0,147;;
16/06/2026 07:15;0,14;0,14;;
16/06/2026 07:30;0,11;0,11;;
16/06/2026 07:45;0,11;0,11;;
16/06/2026 08:00;0,164;0,164;;
16/06/2026 08:15;0,215;0,215;;
16/06/2026 08:30;0,162;0,162;;
16/06/2026 08:45;0,127;0,127;;
16/06/2026 09:00;0,152;0,152;;
16/06/2026 09:15;0,157;0,157;;
16/06/2026 09:30;0,188;0,188;;
16/06/2026 09:45;0,16;0,16;;
16/06/2026 10:00;0,101;0,101;;
16/06/2026 10:15;0,3;0,3;;
16/06/2026 10:30;0,221;0,221;;
16/06/2026 10:45;0,18;0,18;;
16/06/2026 11:00;0,211;0,211;;
16/06/2026 11:15;0,256;0,256;;
16/06/2026 11:30;0,234;0,234;;
16/06/2026 11:45;0,305;0,305;;
16/06/2026 12:00;0,211;0,211;;
16/06/2026 12:15;0,237;0,237;;
16/06/2026 12:30;0,309;0,309;;
16/06/2026 12:45;0,249;0,249;;
16/06/2026 13:00;0,341;0,341;;
16/06/2026 13:15;0,263;0,263;;
16/06/2026 13:30;0,26;0,26;;
16/06/2026 13:45;0,333;0,333;;
16/06/2026 14:00;0,314;0,314;;
16/06/2026 14:15;0,3;0,3;;
16/06/2026 14:30;0,264;0,264;;
16/06/2026 14:45;0,312;0,312;;
16/06/2026 15:00;0,304;0,304;;
16/06/2026 15:15;0,355;0,355;;
16/06/2026 15:30;0,298;0,298;;
16/06/2026 15:45;0,32;0,32;;
16/06/2026 16:00;0,37;0,37;;
16/06/2026 16:15;0,274;0,274;;
16/06/2026 16:30;0,267;0,267;;
16/06/2026 16:45;0,356;0,356;;
16/06/2026 17:00;0,244;0,244;;
16/06/2026 17:15;0,353;0,353;;
16/06/2026 17:30;0,377;0,377;;
16/06/2026 17:45;0,291;0,291;;
16/06/2026 18:00;0,309;0,309;;
16/06/2026 18:15;0,363;0,363;;
16/06/2026 18:30;0,34;0,34;;
16/06/2026 18:45;0,249;0,249;;
16/06/2026 19:00;0,289;0,289;;
16/06/2026 19:15;0,242;0,242;;
16/06/2026 19:30;0,317;0,317;;
16/06/2026 19:45;0,328;0,328;;
16/06/2026 20:00;0,175;0,175;;
16/06/2026 20:15;0,263;0,263;;
16/06/2026 20:30;0,228;0,228;;
16/06/2026 20:45;0,237;0,237;;
16/06/2026 21:00;1.457;1,457;;
16/06/2026 21:15;1.521;1,521;;
16/06/2026 21:30;1,14;1,14;;
16/06/2026 21:45;0,471;0,471;;
16/06/2026 22:00;0,514;0,514;;
16/06/2026 22:15;0,433;0,433;;
16/06/2026 22:30;0,489;0,489;;
16/06/2026 22:45;0,515;0,515;;
16/06/2026 23:00;0,394;0,394;;
16/06/2026 23:15;0,107;0,107;;
16/06/2026 23:30;0,138;0,138;;
16/06/2026 23:45;0,083;0,083;;
17/06/2026 00:00;0,1;0,1;;
17/06/2026 00:15;0,15;0,15;;
17/06/2026 00:30;0,114;0,114;;
17/06/2026 00:45;0,17;0,17;;
17/06/2026 01:00;0,196;0,196;;
17/06/2026 01:15;0,123;0,123;;
17/06/2026 01:30;0,104;0,104;;
17/06/2026 01:45;0,121;0,121;;
17/06/2026 02:00;0,11;0,11;;
17/06/2026 02:15;0,106;0,106;;
17/06/2026 02:30;0,14;0,14;;
17/06/2026 02:45;0,153;0,153;;
17/06/2026 03:00;0,201;0,201;;
17/06/2026 03:15;0,125;0,125;;
17/06/2026 03:30;0,086;0,086;;
17/06/2026 03:45;0,187;0,187;;
17/06/2026 04:00;0,17;0,17;;
17/06/2026 04:15;0,08;0,08;;
17/06/2026 04:30;0,12;0,12;;
17/06/2026 04:45;0,153;0,153;;
17/06/2026 05:00;0,157;0,157;;
17/06/2026 05:15;0,178;0,178;;
17/06/2026 05:30;0,157;0,157;;
17/06/2026 05:45;0,064;0,064;;
17/06/2026 06:00;0,145;0,145;;
17/06/2026 06:15;0,139;0,139;;
17/06/2026 06:30;0,086;0,086;;
17/06/2026 06:45;0,099;0,099;;
17/06/2026 07:00;0,12;0,12;;
17/06/2026 07:15;0,138;0,138;;
17/06/2026 07:30;0,18;0,18;;
17/06/2026 07:45;0,164;0,164;;
17/06/2026 08:00;0,102;0,102;;
17/06/2026 08:15;0,189;0,189;;
17/06/2026 08:30;0,183;0,183;;
17/06/2026 08:45;0,139;0,139;;
17/06/2026 09:00;0,24;0,24;;
17/06/2026 09:15;0,153;0,153;;
17/06/2026 09:30;0,109;0,109;;
17/06/2026 09:45;0,282;0,282;;
17/06/2026 10:00;0,171;0,171;;
17/06/2026 10:15;0,099;0,099;;
17/06/2026 10:30;0,235;0,235;;
17/06/2026 10:45;0,195;0,195;;
17/06/2026 11:00;0,122;0,122;;
17/06/2026 11:15;0,213;0,213;;
17/06/2026 11:30;0,209;0,209;;
17/06/2026 11:45;0,199;0,199;;
17/06/2026 12:00;0,311;0,311;;
17/06/2026 12:15;0,221;0,221;;
17/06/2026 12:30;0,204;0,204;;
17/06/2026 12:45;0,24;0,24;;
17/06/2026 13:00;0,32;0,32;;
17/06/2026 13:15;0,239;0,239;;
17/06/2026 13:30;0,283;0,283;;
17/06/2026 13:45;0,235;0,235;;
17/06/2026 14:00;0,334;0,334;;
17/06/2026 14:15;0,342;0,342;;
17/06/2026 14:30;0,311;0,311;;
17/06/2026 14:45;0,324;0,324;;
17/06/2026 15:00;0,237;0,237;;
17/06/2026 15:15;0,338;0,338;;
17/06/2026 15:30;0,302;0,302;;
17/06/2026 15:45;0,226;0,226;;
17/06/2026 16:00;0,279;0,279;;
17/06/2026 16:15;0,229;0,229;;
17/06/2026 16:30;0,335;0,335;;
17/06/2026 16:45;0,322;0,322;;
17/06/2026 17:00;0,212;0,212;;
17/06/2026 17:15;0,3;0,3;;
17/06/2026 17:30;0,296;0,296;;
17/06/2026 17:45;0,271;0,271;;
17/06/2026 18:00;0,304;0,304;;
17/06/2026 18:15;0,28;0,28;;
17/06/2026 18:30;0,294;0,294;;
17/06/2026 18:45;0,363;0,363;;
17/06/2026 19:00;0,322;0,322;;
17/06/2026 19:15;0,277;0,277;;
17/06/2026 19:30;0,255;0,255;;
17/06/2026 19:45;0,277;0,277;;
17/06/2026 20:00;0,297;0,297;;
17/06/2026 20:15;0,734;0,734;;
17/06/2026 20:30;0,906;0,906;;
17/06/2026 20:45;0,898;0,898;;
17/06/2026 21:00;1.548;1,548;;
17/06/2026 21:15;1.558;1,558;;
17/06/2026 21:30;1,42;1,42;;
17/06/2026 21:45;1,2;1,2;;
17/06/2026 22:00;1.207;1,207;;
17/06/2026 22:15;1.098;1,098;;
17/06/2026 22:30;1.123;1,123;;
17/06/2026 22:45;1.132;1,132;;
17/06/2026 23:00;1,09;1,09;;
17/06/2026 23:15;0,887;0,887;;
17/06/2026 23:30;0,843;0,843;;
17/06/2026 23:45;0,765;0,765;;
18/06/2026 00:00;0,769;0,769;;
18/06/2026 00:15;0,466;0,466;;
18/06/2026 00:30;0,166;0,166;;
18/06/2026 00:45;0,078;0,078;;
18/06/2026 01:00;0,121;0,121;;
18/06/2026 01:15;0,137;0,137;;
18/06/2026 01:30;0,192;0,192;;
18/06/2026 01:45;0,131;0,131;;
18/06/2026 02:00;0,092;0,092;;
18/06/2026 02:15;0,123;0,123;;
18/06/2026 02:30;0,149;0,149;;
18/06/2026 02:45;0,118;0,118;;
18/06/2026 03:00;0,092;0,092;;
18/06/2026 03:15;0,097;0,097;;
18/06/2026 03:30;0,178;0,178;;
18/06/2026 03:45;0,091;0,091;;
18/06/2026 04:00;0,098;0,098;;
18/06/2026 04:15;0,142;0,142;;
18/06/2026 04:30;0,066;0,066;;
18/06/2026 04:45;0,113;0,113;;
18/06/2026 05:00;0,143;0,143;;
18/06/2026 05:15;0,057;0,057;;
18/06/2026 05:30;0,071;0,071;;
18/06/2026 05:45;0,146;0,146;;
18/06/2026 06:00;0,109;0,109;;
18/06/2026 06:15;0,108;0,108;;
18/06/2026 06:30;0,125;0,125;;
18/06/2026 06:45;0,11;0,11;;
18/06/2026 07:00;0,088;0,088;;
18/06/2026 07:15;0,167;0,167;;
18/06/2026 07:30;0,102;0,102;;
18/06/2026 07:45;0,077;0,077;;
18/06/2026 08:00;0,185;0,185;;
18/06/2026 08:15;0,213;0,213;;
18/06/2026 08:30;0,185;0,185;;
18/06/2026 08:45;0,281;0,281;;
18/06/2026 09:00;0,319;0,319;;
18/06/2026 09:15;0,2;0,2;;
18/06/2026 09:30;0,36;0,36;;
18/06/2026 09:45;0,355;0,355;;
18/06/2026 10:00;0,622;0,622;;
18/06/2026 10:15;0,62;0,62;;
18/06/2026 10:30;0,715;0,715;;
18/06/2026 10:45;0,708;0,708;;
18/06/2026 11:00;0,69;0,69;;
18/06/2026 11:15;0,728;0,728;;
18/06/2026 11:30;0,782;0,782;;
18/06/2026 11:45;0,723;0,723;;
18/06/2026 12:00;0,645;0,645;;
18/06/2026 12:15;0,721;0,721;;
18/06/2026 12:30;0,704;0,704;;
18/06/2026 12:45;0,662;0,662;;
18/06/2026 13:00;0,735;0,735;;
18/06/2026 13:15;0,738;0,738;;
18/06/2026 13:30;0,664;0,664;;
18/06/2026 13:45;0,359;0,359;;
18/06/2026 14:00;0,361;0,361;;
18/06/2026 14:15;0,416;0,416;;
18/06/2026 14:30;0,373;0,373;;
18/06/2026 14:45;0,396;0,396;;
18/06/2026 15:00;0,469;0,469;;
18/06/2026 15:15;0,403;0,403;;
18/06/2026 15:30;0,39;0,39;;
18/06/2026 15:45;0,463;0,463;;
18/06/2026 16:00;0,306;0,306;;
18/06/2026 16:15;0,427;0,427;;
18/06/2026 16:30;0,407;0,407;;
18/06/2026 16:45;0,366;0,366;;
18/06/2026 17:00;0,399;0,399;;
18/06/2026 17:15;0,416;0,416;;
18/06/2026 17:30;0,332;0,332;;
18/06/2026 17:45;0,383;0,383;;
18/06/2026 18:00;0,478;0,478;;
18/06/2026 18:15;0,442;0,442;;
18/06/2026 18:30;0,791;0,791;;
18/06/2026 18:45;0,986;0,986;;
18/06/2026 19:00;0,944;0,944;;
18/06/2026 19:15;1.033;1,033;;
18/06/2026 19:30;0,977;0,977;;
18/06/2026 19:45;0,906;0,906;;
18/06/2026 20:00;0,961;0,961;;
18/06/2026 20:15;0,965;0,965;;
18/06/2026 20:30;0,962;0,962;;
18/06/2026 20:45;0,953;0,953;;
18/06/2026 21:00;1.502;1,502;;
18/06/2026 21:15;1.577;1,577;;
18/06/2026 21:30;1.345;1,345;;
18/06/2026 21:45;1.114;1,114;;
18/06/2026 22:00;1.218;1,218;;
18/06/2026 22:15;1.177;1,177;;
18/06/2026 22:30;1.188;1,188;;
18/06/2026 22:45;1.048;1,048;;
18/06/2026 23:00;0,64;0,64;;
18/06/2026 23:15;0,116;0,116;;
18/06/2026 23:30;0,152;0,152;;
18/06/2026 23:45;0,242;0,242;;
19/06/2026 00:00;0,076;0,076;;
19/06/2026 00:15;0,124;0,124;;
19/06/2026 00:30;0,143;0,143;;
19/06/2026 00:45;0,082;0,082;;
19/06/2026 01:00;0,253;0,253;;
19/06/2026 01:15;0,114;0,114;;
19/06/2026 01:30;0,086;0,086;;
19/06/2026 01:45;0,15;0,15;;
19/06/2026 02:00;0,13;0,13;;
19/06/2026 02:15;0,107;0,107;;
19/06/2026 02:30;0,146;0,146;;
19/06/2026 02:45;0,112;0,112;;
19/06/2026 03:00;0,138;0,138;;
19/06/2026 03:15;0,146;0,146;;
19/06/2026 03:30;0,141;0,141;;
19/06/2026 03:45;0,091;0,091;;
19/06/2026 04:00;0,118;0,118;;
19/06/2026 04:15;0,192;0,192;;
19/06/2026 04:30;0,135;0,135;;
19/06/2026 04:45;0,135;0,135;;
19/06/2026 05:00;0,157;0,157;;
19/06/2026 05:15;0,129;0,129;;
19/06/2026 05:30;0,186;0,186;;
19/06/2026 05:45;0,196;0,196;;
19/06/2026 06:00;0,083;0,083;;
19/06/2026 06:15;0,164;0,164;;
19/06/2026 06:30;0,16;0,16;;
19/06/2026 06:45;0,154;0,154;;
19/06/2026 07:00;0,184;0,184;;
19/06/2026 07:15;0,107;0,107;;
19/06/2026 07:30;0,154;0,154;;
19/06/2026 07:45;0,225;0,225;;
19/06/2026 08:00;0,144;0,144;;
19/06/2026 08:15;0,258;0,258;;
19/06/2026 08:30;0,202;0,202;;
19/06/2026 08:45;0,263;0,263;;
19/06/2026 09:00;0,24;0,24;;
19/06/2026 09:15;0,289;0,289;;
19/06/2026 09:30;0,259;0,259;;
19/06/2026 09:45;0,248;0,248;;
19/06/2026 10:00;0,284;0,284;;
19/06/2026 10:15;0,32;0,32;;
19/06/2026 10:30;0,312;0,312;;
19/06/2026 10:45;0,366;0,366;;
19/06/2026 11:00;0,4;0,4;;
19/06/2026 11:15;0,377;0,377;;
19/06/2026 11:30;0,334;0,334;;
19/06/2026 11:45;0,403;0,403;;
19/06/2026 12:00;0,357;0,357;;
19/06/2026 12:15;0,397;0,397;;
19/06/2026 12:30;0,512;0,512;;
19/06/2026 12:45;0,683;0,683;;
19/06/2026 13:00;0,71;0,71;;
19/06/2026 13:15;0,686;0,686;;
19/06/2026 13:30;0,736;0,736;;
19/06/2026 13:45;0,719;0,719;;
19/06/2026 14:00;0,666;0,666;;
19/06/2026 14:15;0,661;0,661;;
19/06/2026 14:30;0,712;0,712;;
19/06/2026 14:45;0,655;0,655;;
19/06/2026 15:00;0,735;0,735;;
19/06/2026 15:15;0,769;0,769;;
19/06/2026 15:30;0,676;0,676;;
19/06/2026 15:45;0,773;0,773;;
19/06/2026 16:00;0,708;0,708;;
19/06/2026 16:15;0,382;0,382;;
19/06/2026 16:30;0,435;0,435;;
19/06/2026 16:45;0,414;0,414;;
19/06/2026 17:00;0,407;0,407;;
19/06/2026 17:15;0,442;0,442;;
19/06/2026 17:30;0,401;0,401;;
19/06/2026 17:45;0,324;0,324;;
19/06/2026 18:00;0,22;0,22;;
19/06/2026 18:15;0,163;0,163;;
19/06/2026 18:30;0,2;0,2;;
19/06/2026 18:45;0,196;0,196;;
19/06/2026 19:00;0,185;0,185;;
19/06/2026 19:15;0,151;0,151;;
19/06/2026 19:30;0,171;0,171;;
19/06/2026 19:45;0,198;0,198;;
19/06/2026 20:00;0,681;0,681;;
19/06/2026 20:15;0,826;0,826;;
19/06/2026 20:30;0,844;0,844;;
19/06/2026 20:45;0,822;0,822;;
19/06/2026 21:00;0,825;0,825;;
19/06/2026 21:15;0,831;0,831;;
19/06/2026 21:30;0,757;0,757;;
19/06/2026 21:45;0,723;0,723;;
19/06/2026 22:00;0,416;0,416;;
19/06/2026 22:15;0,173;0,173;;
19/06/2026 22:30;0,099;0,099;;
19/06/2026 22:45;0,172;0,172;;
19/06/2026 23:00;0,102;0,102;;
19/06/2026 23:15;0,11;0,11;;
19/06/2026 23:30;0,132;0,132;;
19/06/2026 23:45;0,102;0,102;;
20/06/2026 00:00;0,129;0,129;;
20/06/2026 00:15;0,108;0,108;;
20/06/2026 00:30;0,139;0,139;;
20/06/2026 00:45;0,087;0,087;;
20/06/2026 01:00;0,073;0,073;;
20/06/2026 01:15;0,155;0,155;;
20/06/2026 01:30;0,075;0,075;;
20/06/2026 01:45;0,096;0,096;;
20/06/2026 02:00;0,113;0,113;;
20/06/2026 02:15;0,07;0,07;;
20/06/2026 02:30;0,148;0,148;;
20/06/2026 02:45;0,156;0,156;;
20/06/2026 03:00;0,062;0,062;;
20/06/2026 03:15;0,102;0,102;;
20/06/2026 03:30;0,125;0,125;;
20/06/2026 03:45;0,112;0,112;;
20/06/2026 04:00;0,103;0,103;;
20/06/2026 04:15;0,066;0,066;;
20/06/2026 04:30;0,133;0,133;;
20/06/2026 04:45;0,105;0,105;;
20/06/2026 05:00;0,129;0,129;;
20/06/2026 05:15;0,125;0,125;;
20/06/2026 05:30;0,053;0,053;;
20/06/2026 05:45;0,131;0,131;;
20/06/2026 06:00;0,124;0,124;;
20/06/2026 06:15;0,062;0,062;;
20/06/2026 06:30;0,063;0,063;;
20/06/2026 06:45;0,121;0,121;;
20/06/2026 07:00;0,121;0,121;;
20/06/2026 07:15;0,147;0,147;;
20/06/2026 07:30;0,091;0,091;;
20/06/2026 07:45;0,112;0,112;;
20/06/2026 08:00;0,114;0,114;;
20/06/2026 08:15;0,123;0,123;;
20/06/2026 08:30;0,159;0,159;;
20/06/2026 08:45;0,15;0,15;;
20/06/2026 09:00;0,129;0,129;;
20/06/2026 09:15;0,123;0,123;;
20/06/2026 09:30;0,16;0,16;;
20/06/2026 09:45;0,164;0,164;;
20/06/2026 10:00;0,182;0,182;;
20/06/2026 10:15;0,185;0,185;;
20/06/2026 10:30;0,187;0,187;;
20/06/2026 10:45;0,201;0,201;;
20/06/2026 11:00;0,286;0,286;;
20/06/2026 11:15;0,331;0,331;;
20/06/2026 11:30;0,331;0,331;;
20/06/2026 11:45;0,343;0,343;;
20/06/2026 12:00;0,35;0,35;;
20/06/2026 12:15;0,376;0,376;;
20/06/2026 12:30;0,366;0,366;;
20/06/2026 12:45;0,378;0,378;;
20/06/2026 13:00;0,348;0,348;;
20/06/2026 13:15;0,38;0,38;;
20/06/2026 13:30;0,371;0,371;;
20/06/2026 13:45;0,344;0,344;;
20/06/2026 14:00;0,308;0,308;;
20/06/2026 14:15;0,371;0,371;;
20/06/2026 14:30;0,381;0,381;;
20/06/2026 14:45;0,354;0,354;;
20/06/2026 15:00;0,362;0,362;;
20/06/2026 15:15;0,355;0,355;;
20/06/2026 15:30;0,323;0,323;;
20/06/2026 15:45;0,349;0,349;;
20/06/2026 16:00;0,365;0,365;;
20/06/2026 16:15;0,33;0,33;;
20/06/2026 16:30;0,375;0,375;;
20/06/2026 16:45;0,392;0,392;;
20/06/2026 17:00;0,393;0,393;;
20/06/2026 17:15;0,385;0,385;;
20/06/2026 17:30;0,385;0,385;;
20/06/2026 17:45;0,36;0,36;;
20/06/2026 18:00;0,379;0,379;;
20/06/2026 18:15;0,336;0,336;;
20/06/2026 18:30;0,285;0,285;;
20/06/2026 18:45;0,32;0,32;;
20/06/2026 19:00;0,353;0,353;;
20/06/2026 19:15;0,331;0,331;;
20/06/2026 19:30;0,266;0,266;;
20/06/2026 19:45;0,301;0,301;;
20/06/2026 20:00;0,27;0,27;;
20/06/2026 20:15;0,251;0,251;;
20/06/2026 20:30;0,255;0,255;;
20/06/2026 20:45;0,263;0,263;;
20/06/2026 21:00;0,232;0,232;;
20/06/2026 21:15;0,279;0,279;;
20/06/2026 21:30;0,263;0,263;;
20/06/2026 21:45;0,157;0,157;;
20/06/2026 22:00;0,167;0,167;;
20/06/2026 22:15;0,222;0,222;;
20/06/2026 22:30;0,214;0,214;;
20/06/2026 22:45;0,073;0,073;;
20/06/2026 23:00;0,058;0,058;;
20/06/2026 23:15;0,142;0,142;;
20/06/2026 23:30;0,203;0,203;;
20/06/2026 23:45;0,131;0,131;;
21/06/2026 00:00;0,124;0,124;;
21/06/2026 00:15;0,101;0,101;;
21/06/2026 00:30;0,081;0,081;;
21/06/2026 00:45;0,231;0,231;;
21/06/2026 01:00;0,179;0,179;;
21/06/2026 01:15;0,151;0,151;;
21/06/2026 01:30;0,081;0,081;;
21/06/2026 01:45;0,083;0,083;;
21/06/2026 02:00;0,118;0,118;;
21/06/2026 02:15;0,184;0,184;;
21/06/2026 02:30;0,102;0,102;;
21/06/2026 02:45;0,056;0,056;;
21/06/2026 03:00;0,098;0,098;;
21/06/2026 03:15;0,162;0,162;;
21/06/2026 03:30;0,124;0,124;;
21/06/2026 03:45;0,089;0,089;;
21/06/2026 04:00;0,065;0,065;;
21/06/2026 04:15;0,108;0,108;;
21/06/2026 04:30;0,191;0,191;;
21/06/2026 04:45;0,069;0,069;;
21/06/2026 05:00;0,067;0,067;;
21/06/2026 05:15;0,13;0,13;;
21/06/2026 05:30;0,201;0,201;;
21/06/2026 05:45;0,09;0,09;;
21/06/2026 06:00;0,05;0,05;;
21/06/2026 06:15;0,067;0,067;;
21/06/2026 06:30;0,155;0,155;;
21/06/2026 06:45;0,203;0,203;;
21/06/2026 07:00;0,062;0,062;;
21/06/2026 07:15;0,046;0,046;;
21/06/2026 07:30;0,076;0,076;;
21/06/2026 07:45;0,239;0,239;;
21/06/2026 08:00;0,169;0,169;;
21/06/2026 08:15;0,048;0,048;;
21/06/2026 08:30;0,112;0,112;;
21/06/2026 08:45;0,116;0,116;;
21/06/2026 09:00;0,252;0,252;;
21/06/2026 09:15;0,208;0,208;;
21/06/2026 09:30;0,15;0,15;;
21/06/2026 09:45;0,192;0,192;;
21/06/2026 10:00;0,24;0,24;;
21/06/2026 10:15;0,263;0,263;;
21/06/2026 10:30;0,241;0,241;;
21/06/2026 10:45;0,191;0,191;;
21/06/2026 11:00;0,246;0,246;;
21/06/2026 11:15;0,295;0,295;;
21/06/2026 11:30;0,331;0,331;;
21/06/2026 11:45;0,338;0,338;;
21/06/2026 12:00;0,302;0,302;;
21/06/2026 12:15;0,29;0,29;;
21/06/2026 12:30;0,344;0,344;;
21/06/2026 12:45;0,354;0,354;;
21/06/2026 13:00;0,338;0,338;;
21/06/2026 13:15;0,288;0,288;;
21/06/2026 13:30;0,277;0,277;;
21/06/2026 13:45;0,3;0,3;;
21/06/2026 14:00;0,272;0,272;;
21/06/2026 14:15;0,34;0,34;;
21/06/2026 14:30;0,363;0,363;;
21/06/2026 14:45;0,339;0,339;;
21/06/2026 15:00;0,318;0,318;;
21/06/2026 15:15;0,287;0,287;;
21/06/2026 15:30;0,27;0,27;;
21/06/2026 15:45;0,361;0,361;;
21/06/2026 16:00;0,335;0,335;;
21/06/2026 16:15;0,289;0,289;;
21/06/2026 16:30;0,33;0,33;;
21/06/2026 16:45;0,356;0,356;;
21/06/2026 17:00;0,318;0,318;;
21/06/2026 17:15;0,299;0,299;;
21/06/2026 17:30;0,326;0,326;;
21/06/2026 17:45;0,283;0,283;;
21/06/2026 18:00;0,276;0,276;;
21/06/2026 18:15;0,317;0,317;;
21/06/2026 18:30;0,305;0,305;;
21/06/2026 18:45;0,309;0,309;;
21/06/2026 19:00;0,339;0,339;;
21/06/2026 19:15;0,37;0,37;;
21/06/2026 19:30;0,253;0,253;;
21/06/2026 19:45;0,207;0,207;;
21/06/2026 20:00;0,32;0,32;;
21/06/2026 20:15;0,281;0,281;;
21/06/2026 20:30;0,254;0,254;;
21/06/2026 20:45;0,226;0,226;;
21/06/2026 21:00;0,526;0,526;;
21/06/2026 21:15;0,546;0,546;;
21/06/2026 21:30;0,438;0,438;;
21/06/2026 21:45;0,186;0,186;;
21/06/2026 22:00;0,214;0,214;;
21/06/2026 22:15;0,19;0,19;;
21/06/2026 22:30;0,155;0,155;;
21/06/2026 22:45;0,128;0,128;;
21/06/2026 23:00;0,185;0,185;;
21/06/2026 23:15;0,201;0,201;;
21/06/2026 23:30;0,101;0,101;;
21/06/2026 23:45;0,09;0,09;;
22/06/2026 00:00;0,127;0,127;;
22/06/2026 00:15;0,192;0,192;;
22/06/2026 00:30;0,102;0,102;;
22/06/2026 00:45;0,047;0,047;;
22/06/2026 01:00;0,108;0,108;;
22/06/2026 01:15;0,217;0,217;;
22/06/2026 01:30;0,12;0,12;;
22/06/2026 01:45;0,055;0,055;;
22/06/2026 02:00;0,07;0,07;;
22/06/2026 02:15;0,187;0,187;;
22/06/2026 02:30;0,137;0,137;;
22/06/2026 02:45;0,053;0,053;;
22/06/2026 03:00;0,061;0,061;;
22/06/2026 03:15;0,088;0,088;;
22/06/2026 03:30;0,172;0,172;;
22/06/2026 03:45;0,183;0,183;;
22/06/2026 04:00;0,087;0,087;;
22/06/2026 04:15;0,047;0,047;;
22/06/2026 04:30;0,099;0,099;;
22/06/2026 04:45;0,175;0,175;;
22/06/2026 05:00;0,116;0,116;;
22/06/2026 05:15;0,056;0,056;;
22/06/2026 05:30;0,058;0,058;;
22/06/2026 05:45;0,131;0,131;;
22/06/2026 06:00;0,194;0,194;;
22/06/2026 06:15;0,074;0,074;;
22/06/2026 06:30;0,051;0,051;;
22/06/2026 06:45;0,106;0,106;;
22/06/2026 07:00;0,213;0,213;;
22/06/2026 07:15;0,084;0,084;;
22/06/2026 07:30;0,053;0,053;;
22/06/2026 07:45;0,067;0,067;;
22/06/2026 08:00;0,226;0,226;;
22/06/2026 08:15;0,264;0,264;;
22/06/2026 08:30;0,228;0,228;;
22/06/2026 08:45;0,145;0,145;;
22/06/2026 09:00;0,163;0,163;;
22/06/2026 09:15;0,243;0,243;;
22/06/2026 09:30;0,281;0,281;;
22/06/2026 09:45;0,288;0,288;;
22/06/2026 10:00;0,278;0,278;;
22/06/2026 10:15;0,273;0,273;;
22/06/2026 10:30;0,266;0,266;;
22/06/2026 10:45;0,324;0,324;;
22/06/2026 11:00;0,341;0,341;;
22/06/2026 11:15;0,349;0,349;;
22/06/2026 11:30;0,297;0,297;;
22/06/2026 11:45;0,309;0,309;;
22/06/2026 12:00;0,32;0,32;;
22/06/2026 12:15;0,312;0,312;;
22/06/2026 12:30;0,312;0,312;;
22/06/2026 12:45;0,367;0,367;;
22/06/2026 13:00;0,374;0,374;;
22/06/2026 13:15;0,353;0,353;;
22/06/2026 13:30;0,299;0,299;;
22/06/2026 13:45;0,276;0,276;;
22/06/2026 14:00;0,348;0,348;;
22/06/2026 14:15;0,282;0,282;;
22/06/2026 14:30;0,322;0,322;;
22/06/2026 14:45;0,265;0,265;;
22/06/2026 15:00;0,353;0,353;;
22/06/2026 15:15;0,358;0,358;;
22/06/2026 15:30;0,301;0,301;;
22/06/2026 15:45;0,285;0,285;;
22/06/2026 16:00;0,389;0,389;;
22/06/2026 16:15;0,355;0,355;;
22/06/2026 16:30;0,276;0,276;;
22/06/2026 16:45;0,313;0,313;;
22/06/2026 17:00;0,331;0,331;;
22/06/2026 17:15;0,334;0,334;;
22/06/2026 17:30;0,308;0,308;;
22/06/2026 17:45;0,282;0,282;;
22/06/2026 18:00;0,307;0,307;;
22/06/2026 18:15;0,334;0,334;;
22/06/2026 18:30;0,26;0,26;;
22/06/2026 18:45;0,301;0,301;;
22/06/2026 19:00;0,328;0,328;;
22/06/2026 19:15;0,27;0,27;;
22/06/2026 19:30;0,283;0,283;;
22/06/2026 19:45;0,352;0,352;;
22/06/2026 20:00;0,314;0,314;;
22/06/2026 20:15;0,249;0,249;;
22/06/2026 20:30;0,351;0,351;;
22/06/2026 20:45;0,348;0,348;;
22/06/2026 21:00;1.248;1,248;;
22/06/2026 21:15;1.562;1,562;;
22/06/2026 21:30;1.299;1,299;;
22/06/2026 21:45;0,531;0,531;;
22/06/2026 22:00;0,533;0,533;;
22/06/2026 22:15;0,58;0,58;;
22/06/2026 22:30;0,541;0,541;;
22/06/2026 22:45;0,529;0,529;;
22/06/2026 23:00;0,371;0,371;;
22/06/2026 23:15;0,1;0,1;;
22/06/2026 23:30;0,15;0,15;;
22/06/2026 23:45;0,093;0,093;;
23/06/2026 00:00;0,112;0,112;;
23/06/2026 00:15;0,147;0,147;;
23/06/2026 00:30;0,125;0,125;;
23/06/2026 00:45;0,113;0,113;;
23/06/2026 01:00;0,092;0,092;;
23/06/2026 01:15;0,176;0,176;;
23/06/2026 01:30;0,094;0,094;;
23/06/2026 01:45;0,086;0,086;;
23/06/2026 02:00;0,162;0,162;;
23/06/2026 02:15;0,124;0,124;;
23/06/2026 02:30;0,075;0,075;;
23/06/2026 02:45;0,163;0,163;;
23/06/2026 03:00;0,113;0,113;;
23/06/2026 03:15;0,078;0,078;;
23/06/2026 03:30;0,118;0,118;;
23/06/2026 03:45;0,112;0,112;;
23/06/2026 04:00;0,105;0,105;;
23/06/2026 04:15;0,105;0,105;;
23/06/2026 04:30;0,093;0,093;;
23/06/2026 04:45;0,119;0,119;;
23/06/2026 05:00;0,116;0,116;;
23/06/2026 05:15;0,091;0,091;;
23/06/2026 05:30;0,1;0,1;;
23/06/2026 05:45;0,122;0,122;;
23/06/2026 06:00;0,109;0,109;;
23/06/2026 06:15;0,091;0,091;;
23/06/2026 06:30;0,128;0,128;;
23/06/2026 06:45;0,123;0,123;;
23/06/2026 07:00;0,06;0,06;;
23/06/2026 07:15;0,151;0,151;;
23/06/2026 07:30;0,158;0,158;;
23/06/2026 07:45;0,061;0,061;;
23/06/2026 08:00;0,087;0,087;;
23/06/2026 08:15;0,16;0,16;;
23/06/2026 08:30;0,103;0,103;;
23/06/2026 08:45;0,085;0,085;;
23/06/2026 09:00;0,124;0,124;;
23/06/2026 09:15;0,125;0,125;;
23/06/2026 09:30;0,136;0,136;;
23/06/2026 09:45;0,11;0,11;;
23/06/2026 10:00;0,104;0,104;;
23/06/2026 10:15;0,077;0,077;;
23/06/2026 10:30;0,113;0,113;;
23/06/2026 10:45;0,17;0,17;;
23/06/2026 11:00;0,102;0,102;;
23/06/2026 11:15;0,14;0,14;;
23/06/2026 11:30;0,153;0,153;;
23/06/2026 11:45;0,122;0,122;;
23/06/2026 12:00;0,175;0,175;;
23/06/2026 12:15;0,168;0,168;;
23/06/2026 12:30;0,171;0,171;;
23/06/2026 12:45;0,176;0,176;;
23/06/2026 13:00;0,168;0,168;;
23/06/2026 13:15;0,174;0,174;;
23/06/2026 13:30;0,172;0,172;;
23/06/2026 13:45;0,177;0,177;;
23/06/2026 14:00;0,13;0,13;;
23/06/2026 14:15;0,156;0,156;;
23/06/2026 14:30;0,185;0,185;;
23/06/2026 14:45;0,136;0,136;;
23/06/2026 15:00;0,128;0,128;;
23/06/2026 15:15;0,187;0,187;;
23/06/2026 15:30;0,181;0,181;;
23/06/2026 15:45;0,192;0,192;;
23/06/2026 16:00;0,202;0,202;;
23/06/2026 16:15;0,168;0,168;;
23/06/2026 16:30;0,149;0,149;;
23/06/2026 16:45;0,202;0,202;;
23/06/2026 17:00;0,213;0,213;;
23/06/2026 17:15;0,217;0,217;;
23/06/2026 17:30;0,225;0,225;;
23/06/2026 17:45;0,224;0,224;;
23/06/2026 18:00;0,219;0,219;;
23/06/2026 18:15;0,223;0,223;;
23/06/2026 18:30;0,391;0,391;;
23/06/2026 18:45;0,336;0,336;;
23/06/2026 19:00;0,403;0,403;;
23/06/2026 19:15;0,344;0,344;;
23/06/2026 19:30;0,347;0,347;;
23/06/2026 19:45;0,384;0,384;;
23/06/2026 20:00;0,38;0,38;;
23/06/2026 20:15;0,38;0,38;;
23/06/2026 20:30;0,366;0,366;;
23/06/2026 20:45;0,379;0,379;;
23/06/2026 21:00;1.366;1,366;;
23/06/2026 21:15;1.644;1,644;;
23/06/2026 21:30;1.571;1,571;;
23/06/2026 21:45;1.337;1,337;;
23/06/2026 22:00;1.316;1,316;;
23/06/2026 22:15;1.313;1,313;;
23/06/2026 22:30;1.292;1,292;;
23/06/2026 22:45;1.298;1,298;;
23/06/2026 23:00;0,973;0,973;;
23/06/2026 23:15;0,251;0,251;;
23/06/2026 23:30;0,254;0,254;;
23/06/2026 23:45;0,214;0,214;;
24/06/2026 00:00;0,216;0,216;;
24/06/2026 00:15;0,221;0,221;;
24/06/2026 00:30;0,205;0,205;;
24/06/2026 00:45;0,185;0,185;;
24/06/2026 01:00;0,154;0,154;;
24/06/2026 01:15;0,218;0,218;;
24/06/2026 01:30;0,083;0,083;;
24/06/2026 01:45;0,075;0,075;;
24/06/2026 02:00;0,179;0,179;;
24/06/2026 02:15;0,205;0,205;;
24/06/2026 02:30;0,115;0,115;;
24/06/2026 02:45;0,174;0,174;;
24/06/2026 03:00;0,2;0,2;;
24/06/2026 03:15;0,117;0,117;;
24/06/2026 03:30;0,126;0,126;;
24/06/2026 03:45;0,163;0,163;;
24/06/2026 04:00;0,075;0,075;;
24/06/2026 04:15;0,104;0,104;;
24/06/2026 04:30;0,149;0,149;;
24/06/2026 04:45;0,211;0,211;;
24/06/2026 05:00;0,133;0,133;;
24/06/2026 05:15;0,081;0,081;;
24/06/2026 05:30;0,1;0,1;;
24/06/2026 05:45;0,205;0,205;;
24/06/2026 06:00;0,121;0,121;;
24/06/2026 06:15;0,087;0,087;;
24/06/2026 06:30;0,116;0,116;;
24/06/2026 06:45;0,182;0,182;;
24/06/2026 07:00;0,115;0,115;;
24/06/2026 07:15;0,153;0,153;;
24/06/2026 07:30;0,198;0,198;;
24/06/2026 07:45;0,067;0,067;;
24/06/2026 08:00;0,187;0,187;;
24/06/2026 08:15;0,271;0,271;;
24/06/2026 08:30;0,287;0,287;;
24/06/2026 08:45;0,186;0,186;;
24/06/2026 09:00;0,269;0,269;;
24/06/2026 09:15;0,292;0,292;;
24/06/2026 09:30;0,309;0,309;;
24/06/2026 09:45;0,313;0,313;;
24/06/2026 10:00;0,329;0,329;;
24/06/2026 10:15;0,333;0,333;;
24/06/2026 10:30;0,298;0,298;;
24/06/2026 10:45;0,364;0,364;;
24/06/2026 11:00;0,301;0,301;;
24/06/2026 11:15;0,354;0,354;;
24/06/2026 11:30;0,383;0,383;;
24/06/2026 11:45;0,394;0,394;;
24/06/2026 12:00;0,385;0,385;;
24/06/2026 12:15;0,401;0,401;;
24/06/2026 12:30;0,393;0,393;;
24/06/2026 12:45;0,381;0,381;;
24/06/2026 13:00;0,366;0,366;;
24/06/2026 13:15;0,313;0,313;;
24/06/2026 13:30;0,364;0,364;;
24/06/2026 13:45;0,379;0,379;;
24/06/2026 14:00;0,401;0,401;;
24/06/2026 14:15;0,398;0,398;;
24/06/2026 14:30;0,412;0,412;;
24/06/2026 14:45;0,393;0,393;;
24/06/2026 15:00;0,338;0,338;;
24/06/2026 15:15;0,407;0,407;;
24/06/2026 15:30;0,393;0,393;;
24/06/2026 15:45;0,366;0,366;;
24/06/2026 16:00;0,33;0,33;;
24/06/2026 16:15;0,404;0,404;;
24/06/2026 16:30;0,407;0,407;;
24/06/2026 16:45;0,412;0,412;;
24/06/2026 17:00;0,388;0,388;;
24/06/2026 17:15;0,353;0,353;;
24/06/2026 17:30;0,386;0,386;;
24/06/2026 17:45;0,353;0,353;;
24/06/2026 18:00;0,359;0,359;;
24/06/2026 18:15;0,393;0,393;;
24/06/2026 18:30;0,433;0,433;;
24/06/2026 18:45;0,409;0,409;;
24/06/2026 19:00;0,4;0,4;;
24/06/2026 19:15;0,407;0,407;;
24/06/2026 19:30;0,298;0,298;;
24/06/2026 19:45;0,332;0,332;;
24/06/2026 20:00;0,396;0,396;;
24/06/2026 20:15;0,372;0,372;;
24/06/2026 20:30;0,368;0,368;;
24/06/2026 20:45;0,388;0,388;;
24/06/2026 21:00;1.158;1,158;;
24/06/2026 21:15;1.371;1,371;;
24/06/2026 21:30;1.248;1,248;;
24/06/2026 21:45;0,947;0,947;;
24/06/2026 22:00;0,979;0,979;;
24/06/2026 22:15;0,98;0,98;;
24/06/2026 22:30;0,994;0,994;;
24/06/2026 22:45;0,943;0,943;;
24/06/2026 23:00;0,784;0,784;;
24/06/2026 23:15;0,276;0,276;;
24/06/2026 23:30;0,239;0,239;;
24/06/2026 23:45;0,285;0,285;;
25/06/2026 00:00;0,235;0,235;;
25/06/2026 00:15;0,231;0,231;;
25/06/2026 00:30;0,265;0,265;;
25/06/2026 00:45;0,195;0,195;;
25/06/2026 01:00;0,104;0,104;;
25/06/2026 01:15;0,123;0,123;;
25/06/2026 01:30;0,236;0,236;;
25/06/2026 01:45;0,138;0,138;;
25/06/2026 02:00;0,064;0,064;;
25/06/2026 02:15;0,152;0,152;;
25/06/2026 02:30;0,127;0,127;;
25/06/2026 02:45;0,076;0,076;;
25/06/2026 03:00;0,191;0,191;;
25/06/2026 03:15;0,183;0,183;;
25/06/2026 03:30;0,092;0,092;;
25/06/2026 03:45;0,111;0,111;;
25/06/2026 04:00;0,126;0,126;;
25/06/2026 04:15;0,134;0,134;;
25/06/2026 04:30;0,099;0,099;;
25/06/2026 04:45;0,102;0,102;;
25/06/2026 05:00;0,106;0,106;;
25/06/2026 05:15;0,131;0,131;;
25/06/2026 05:30;0,087;0,087;;
25/06/2026 05:45;0,102;0,102;;
25/06/2026 06:00;0,203;0,203;;
25/06/2026 06:15;0,06;0,06;;
25/06/2026 06:30;0,061;0,061;;
25/06/2026 06:45;0,174;0,174;;
25/06/2026 07:00;0,111;0,111;;
25/06/2026 07:15;0,075;0,075;;
25/06/2026 07:30;0,18;0,18;;
25/06/2026 07:45;0,21;0,21;;
25/06/2026 08:00;0,065;0,065;;
25/06/2026 08:15;0,211;0,211;;
25/06/2026 08:30;0,257;0,257;;
25/06/2026 08:45;0,195;0,195;;
25/06/2026 09:00;0,181;0,181;;
25/06/2026 09:15;0,28;0,28;;
25/06/2026 09:30;0,298;0,298;;
25/06/2026 09:45;0,356;0,356;;
25/06/2026 10:00;0,451;0,451;;
25/06/2026 10:15;0,447;0,447;;
25/06/2026 10:30;0,503;0,503;;
25/06/2026 10:45;0,534;0,534;;
25/06/2026 11:00;0,513;0,513;;
25/06/2026 11:15;0,532;0,532;;
25/06/2026 11:30;0,468;0,468;;
25/06/2026 11:45;0,511;0,511;;
25/06/2026 12:00;0,468;0,468;;
25/06/2026 12:15;0,524;0,524;;
25/06/2026 12:30;0,48;0,48;;
25/06/2026 12:45;0,453;0,453;;
25/06/2026 13:00;0,543;0,543;;
25/06/2026 13:15;0,554;0,554;;
25/06/2026 13:30;0,474;0,474;;
25/06/2026 13:45;0,484;0,484;;
25/06/2026 14:00;0,515;0,515;;
25/06/2026 14:15;0,484;0,484;;
25/06/2026 14:30;0,524;0,524;;
25/06/2026 14:45;0,427;0,427;;
25/06/2026 15:00;0,416;0,416;;
25/06/2026 15:15;0,53;0,53;;
25/06/2026 15:30;0,507;0,507;;
25/06/2026 15:45;0,465;0,465;;
25/06/2026 16:00;0,457;0,457;;
25/06/2026 16:15;0,517;0,517;;
25/06/2026 16:30;0,433;0,433;;
25/06/2026 16:45;0,557;0,557;;
25/06/2026 17:00;0,536;0,536;;
25/06/2026 17:15;0,531;0,531;;
25/06/2026 17:30;0,525;0,525;;
25/06/2026 17:45;0,536;0,536;;
25/06/2026 18:00;0,58;0,58;;
25/06/2026 18:15;0,808;0,808;;
25/06/2026 18:30;0,829;0,829;;
25/06/2026 18:45;0,845;0,845;;
25/06/2026 19:00;0,836;0,836;;
25/06/2026 19:15;0,717;0,717;;
25/06/2026 19:30;0,699;0,699;;
25/06/2026 19:45;0,708;0,708;;
25/06/2026 20:00;0,762;0,762;;
25/06/2026 20:15;0,724;0,724;;
25/06/2026 20:30;0,6;0,6;;
25/06/2026 20:45;0,676;0,676;;
25/06/2026 21:00;1,45;1,45;;
25/06/2026 21:15;1,53;1,53;;
25/06/2026 21:30;1.672;1,672;;
25/06/2026 21:45;1.275;1,275;;
25/06/2026 22:00;1.223;1,223;;
25/06/2026 22:15;1.215;1,215;;
25/06/2026 22:30;1.195;1,195;;
25/06/2026 22:45;1.143;1,143;;
25/06/2026 23:00;1.093;1,093;;
25/06/2026 23:15;0,827;0,827;;
25/06/2026 23:30;0,508;0,508;;
25/06/2026 23:45;0,505;0,505;;
26/06/2026 00:00;0,458;0,458;;
26/06/2026 00:15;0,422;0,422;;
26/06/2026 00:30;0,52;0,52;;
26/06/2026 00:45;0,441;0,441;;
26/06/2026 01:00;0,333;0,333;;
26/06/2026 01:15;0,408;0,408;;
26/06/2026 01:30;0,498;0,498;;
26/06/2026 01:45;0,315;0,315;;
26/06/2026 02:00;0,33;0,33;;
26/06/2026 02:15;0,462;0,462;;
26/06/2026 02:30;0,369;0,369;;
26/06/2026 02:45;0,284;0,284;;
26/06/2026 03:00;0,361;0,361;;
26/06/2026 03:15;0,51;0,51;;
26/06/2026 03:30;0,357;0,357;;
26/06/2026 03:45;0,333;0,333;;
26/06/2026 04:00;0,409;0,409;;
26/06/2026 04:15;0,407;0,407;;
26/06/2026 04:30;0,385;0,385;;
26/06/2026 04:45;0,311;0,311;;
26/06/2026 05:00;0,323;0,323;;
26/06/2026 05:15;0,385;0,385;;
26/06/2026 05:30;0,29;0,29;;
26/06/2026 05:45;0,419;0,419;;
26/06/2026 06:00;0,447;0,447;;
26/06/2026 06:15;0,304;0,304;;
26/06/2026 06:30;0,292;0,292;;
26/06/2026 06:45;0,348;0,348;;
26/06/2026 07:00;0,415;0,415;;
26/06/2026 07:15;0,283;0,283;;
26/06/2026 07:30;0,289;0,289;;
26/06/2026 07:45;0,44;0,44;;
26/06/2026 08:00;0,469;0,469;;
26/06/2026 08:15;0,431;0,431;;
26/06/2026 08:30;0,411;0,411;;
26/06/2026 08:45;0,502;0,502;;
26/06/2026 09:00;0,516;0,516;;
26/06/2026 09:15;0,597;0,597;;
26/06/2026 09:30;0,607;0,607;;
26/06/2026 09:45;0,551;0,551;;
26/06/2026 10:00;0,717;0,717;;
26/06/2026 10:15;0,773;0,773;;
26/06/2026 10:30;0,666;0,666;;
26/06/2026 10:45;0,655;0,655;;
26/06/2026 11:00;0,671;0,671;;
26/06/2026 11:15;0,6;0,6;;
26/06/2026 11:30;0,828;0,828;;
26/06/2026 11:45;0,802;0,802;;
26/06/2026 12:00;0,78;0,78;;
26/06/2026 12:15;0,859;0,859;;
26/06/2026 12:30;0,759;0,759;;
26/06/2026 12:45;0,83;0,83;;
26/06/2026 13:00;0,866;0,866;;
26/06/2026 13:15;0,855;0,855;;
26/06/2026 13:30;0,833;0,833;;
26/06/2026 13:45;0,802;0,802;;
26/06/2026 14:00;0,85;0,85;;
26/06/2026 14:15;0,741;0,741;;
26/06/2026 14:30;0,81;0,81;;
26/06/2026 14:45;0,844;0,844;;
26/06/2026 15:00;0,859;0,859;;
26/06/2026 15:15;0,853;0,853;;
26/06/2026 15:30;0,822;0,822;;
26/06/2026 15:45;0,833;0,833;;
26/06/2026 16:00;0,766;0,766;;
26/06/2026 16:15;0,768;0,768;;
26/06/2026 16:30;0,591;0,591;;
26/06/2026 16:45;0,803;0,803;;
26/06/2026 17:00;0,776;0,776;;
26/06/2026 17:15;0,778;0,778;;
26/06/2026 17:30;0,778;0,778;;
26/06/2026 17:45;0,746;0,746;;
26/06/2026 18:00;0,862;0,862;;
26/06/2026 18:15;1.055;1,055;;
26/06/2026 18:30;0,863;0,863;;
26/06/2026 18:45;0,756;0,756;;
26/06/2026 19:00;0,915;0,915;;
26/06/2026 19:15;1.009;1,009;;
26/06/2026 19:30;0,896;0,896;;
26/06/2026 19:45;0,848;0,848;;
26/06/2026 20:00;0,75;0,75;;
26/06/2026 20:15;0,908;0,908;;
26/06/2026 20:30;0,828;0,828;;
26/06/2026 20:45;0,792;0,792;;
26/06/2026 21:00;1.128;1,128;;
26/06/2026 21:15;1,07;1,07;;
26/06/2026 21:30;1.048;1,048;;
26/06/2026 21:45;0,783;0,783;;
26/06/2026 22:00;0,711;0,711;;
26/06/2026 22:15;0,741;0,741;;
26/06/2026 22:30;0,737;0,737;;
26/06/2026 22:45;0,651;0,651;;
26/06/2026 23:00;0,715;0,715;;
26/06/2026 23:15;0,615;0,615;;
26/06/2026 23:30;0,626;0,626;;
26/06/2026 23:45;0,691;0,691;;
27/06/2026 00:00;0,646;0,646;;
27/06/2026 00:15;0,327;0,327;;
27/06/2026 00:30;0,501;0,501;;
27/06/2026 00:45;0,519;0,519;;
27/06/2026 01:00;0,472;0,472;;
27/06/2026 01:15;0,562;0,562;;
27/06/2026 01:30;0,506;0,506;;
27/06/2026 01:45;0,597;0,597;;
27/06/2026 02:00;0,545;0,545;;
27/06/2026 02:15;0,62;0,62;;
27/06/2026 02:30;0,487;0,487;;
27/06/2026 02:45;0,499;0,499;;
27/06/2026 03:00;0,542;0,542;;
27/06/2026 03:15;0,301;0,301;;
27/06/2026 03:30;0,131;0,131;;
27/06/2026 03:45;0,108;0,108;;
27/06/2026 04:00;0,133;0,133;;
27/06/2026 04:15;0,149;0,149;;
27/06/2026 04:30;0,193;0,193;;
27/06/2026 04:45;0,197;0,197;;
27/06/2026 05:00;0,23;0,23;;
27/06/2026 05:15;0,122;0,122;;
27/06/2026 05:30;0,109;0,109;;
27/06/2026 05:45;0,138;0,138;;
27/06/2026 06:00;0,166;0,166;;
27/06/2026 06:15;0,223;0,223;;
27/06/2026 06:30;0,09;0,09;;
27/06/2026 06:45;0,086;0,086;;
27/06/2026 07:00;0,169;0,169;;
27/06/2026 07:15;0,203;0,203;;
27/06/2026 07:30;0,14;0,14;;
27/06/2026 07:45;0,184;0,184;;
27/06/2026 08:00;0,147;0,147;;
27/06/2026 08:15;0,234;0,234;;
27/06/2026 08:30;0,226;0,226;;
27/06/2026 08:45;0,223;0,223;;
27/06/2026 09:00;0,234;0,234;;
27/06/2026 09:15;0,216;0,216;;
27/06/2026 09:30;0,299;0,299;;
27/06/2026 09:45;0,295;0,295;;
27/06/2026 10:00;0,286;0,286;;
27/06/2026 10:15;0,319;0,319;;
27/06/2026 10:30;0,302;0,302;;
27/06/2026 10:45;0,279;0,279;;
27/06/2026 11:00;0,254;0,254;;
27/06/2026 11:15;0,315;0,315;;
27/06/2026 11:30;0,303;0,303;;
27/06/2026 11:45;0,295;0,295;;
27/06/2026 12:00;0,358;0,358;;
27/06/2026 12:15;0,309;0,309;;
27/06/2026 12:30;0,356;0,356;;
27/06/2026 12:45;0,394;0,394;;
27/06/2026 13:00;0,459;0,459;;
27/06/2026 13:15;0,422;0,422;;
27/06/2026 13:30;0,479;0,479;;
27/06/2026 13:45;0,42;0,42;;
27/06/2026 14:00;0,489;0,489;;
27/06/2026 14:15;0,455;0,455;;
27/06/2026 14:30;0,41;0,41;;
27/06/2026 14:45;0,423;0,423;;
27/06/2026 15:00;0,474;0,474;;
27/06/2026 15:15;0,438;0,438;;
27/06/2026 15:30;0,444;0,444;;
27/06/2026 15:45;0,391;0,391;;
27/06/2026 16:00;0,455;0,455;;
27/06/2026 16:15;0,434;0,434;;
27/06/2026 16:30;0,388;0,388;;
27/06/2026 16:45;0,339;0,339;;
27/06/2026 17:00;0,357;0,357;;
27/06/2026 17:15;0,362;0,362;;
27/06/2026 17:30;0,349;0,349;;
27/06/2026 17:45;0,385;0,385;;
27/06/2026 18:00;0,397;0,397;;
27/06/2026 18:15;0,369;0,369;;
27/06/2026 18:30;0,336;0,336;;
27/06/2026 18:45;0,385;0,385;;
27/06/2026 19:00;0,338;0,338;;
27/06/2026 19:15;0,367;0,367;;
27/06/2026 19:30;0,304;0,304;;
27/06/2026 19:45;0,371;0,371;;
27/06/2026 20:00;0,361;0,361;;
27/06/2026 20:15;0,336;0,336;;
27/06/2026 20:30;0,277;0,277;;
27/06/2026 20:45;0,298;0,298;;
27/06/2026 21:00;0,312;0,312;;
27/06/2026 21:15;0,253;0,253;;
27/06/2026 21:30;0,219;0,219;;
27/06/2026 21:45;0,316;0,316;;
27/06/2026 22:00;0,266;0,266;;
27/06/2026 22:15;0,239;0,239;;
27/06/2026 22:30;0,276;0,276;;
27/06/2026 22:45;0,215;0,215;;
27/06/2026 23:00;0,262;0,262;;
27/06/2026 23:15;0,197;0,197;;
27/06/2026 23:30;0,193;0,193;;
27/06/2026 23:45;0,288;0,288;;
28/06/2026 00:00;0,31;0,31;;
28/06/2026 00:15;0,249;0,249;;
28/06/2026 00:30;0,116;0,116;;
28/06/2026 00:45;0,182;0,182;;
28/06/2026 01:00;0,278;0,278;;
28/06/2026 01:15;0,245;0,245;;
28/06/2026 01:30;0,207;0,207;;
28/06/2026 01:45;0,087;0,087;;
28/06/2026 02:00;0,098;0,098;;
28/06/2026 02:15;0,136;0,136;;
28/06/2026 02:30;0,243;0,243;;
28/06/2026 02:45;0,131;0,131;;
28/06/2026 03:00;0,074;0,074;;
28/06/2026 03:15;0,126;0,126;;
28/06/2026 03:30;0,093;0,093;;
28/06/2026 03:45;0,223;0,223;;
28/06/2026 04:00;0,196;0,196;;
28/06/2026 04:15;0,071;0,071;;
28/06/2026 04:30;0,071;0,071;;
28/06/2026 04:45;0,151;0,151;;
28/06/2026 05:00;0,161;0,161;;
28/06/2026 05:15;0,102;0,102;;
28/06/2026 05:30;0,106;0,106;;
28/06/2026 05:45;0,07;0,07;;
28/06/2026 06:00;0,118;0,118;;
28/06/2026 06:15;0,218;0,218;;
28/06/2026 06:30;0,075;0,075;;
28/06/2026 06:45;0,127;0,127;;
28/06/2026 07:00;0,232;0,232;;
28/06/2026 07:15;0,155;0,155;;
28/06/2026 07:30;0,077;0,077;;
28/06/2026 07:45;0,091;0,091;;
28/06/2026 08:00;0,194;0,194;;
28/06/2026 08:15;0,271;0,271;;
28/06/2026 08:30;0,229;0,229;;
28/06/2026 08:45;0,252;0,252;;
28/06/2026 09:00;0,171;0,171;;
28/06/2026 09:15;0,324;0,324;;
28/06/2026 09:30;0,354;0,354;;
28/06/2026 09:45;0,367;0,367;;
28/06/2026 10:00;0,338;0,338;;
28/06/2026 10:15;0,375;0,375;;
28/06/2026 10:30;0,3;0,3;;
28/06/2026 10:45;0,384;0,384;;
28/06/2026 11:00;0,413;0,413;;
28/06/2026 11:15;0,37;0,37;;
28/06/2026 11:30;0,397;0,397;;
28/06/2026 11:45;0,425;0,425;;
28/06/2026 12:00;0,442;0,442;;
28/06/2026 12:15;0,396;0,396;;
28/06/2026 12:30;0,407;0,407;;
28/06/2026 12:45;0,351;0,351;;
28/06/2026 13:00;0,367;0,367;;
28/06/2026 13:15;0,459;0,459;;
28/06/2026 13:30;0,393;0,393;;
28/06/2026 13:45;0,382;0,382;;
28/06/2026 14:00;0,345;0,345;;
28/06/2026 14:15;0,339;0,339;;
28/06/2026 14:30;0,311;0,311;;
28/06/2026 14:45;0,375;0,375;;
28/06/2026 15:00;0,253;0,253;;
28/06/2026 15:15;0,265;0,265;;
28/06/2026 15:30;0,347;0,347;;
28/06/2026 15:45;0,269;0,269;;
28/06/2026 16:00;0,306;0,306;;
28/06/2026 16:15;0,355;0,355;;
28/06/2026 16:30;0,25;0,25;;
28/06/2026 16:45;0,208;0,208;;
28/06/2026 17:00;0,327;0,327;;
28/06/2026 17:15;0,309;0,309;;
28/06/2026 17:30;0,283;0,283;;
28/06/2026 17:45;0,255;0,255;;
28/06/2026 18:00;0,281;0,281;;
28/06/2026 18:15;0,272;0,272;;
28/06/2026 18:30;0,29;0,29;;
28/06/2026 18:45;0,228;0,228;;
28/06/2026 19:00;0,221;0,221;;
28/06/2026 19:15;0,275;0,275;;
28/06/2026 19:30;0,317;0,317;;
28/06/2026 19:45;0,245;0,245;;
28/06/2026 20:00;0,248;0,248;;
28/06/2026 20:15;0,304;0,304;;
28/06/2026 20:30;0,238;0,238;;
28/06/2026 20:45;0,228;0,228;;
28/06/2026 21:00;1.314;1,314;;
28/06/2026 21:15;1.574;1,574;;
28/06/2026 21:30;1.262;1,262;;
28/06/2026 21:45;0,609;0,609;;
28/06/2026 22:00;0,55;0,55;;
28/06/2026 22:15;0,524;0,524;;
28/06/2026 22:30;0,533;0,533;;
28/06/2026 22:45;0,547;0,547;;
28/06/2026 23:00;0,35;0,35;;
28/06/2026 23:15;0,166;0,166;;
28/06/2026 23:30;0,119;0,119;;
28/06/2026 23:45;0,189;0,189;;
29/06/2026 00:00;0,273;0,273;;
29/06/2026 00:15;0,133;0,133;;
29/06/2026 00:30;0,117;0,117;;
29/06/2026 00:45;0,212;0,212;;
29/06/2026 01:00;0,178;0,178;;
29/06/2026 01:15;0,084;0,084;;
29/06/2026 01:30;0,112;0,112;;
29/06/2026 01:45;0,156;0,156;;
29/06/2026 02:00;0,137;0,137;;
29/06/2026 02:15;0,142;0,142;;
29/06/2026 02:30;0,11;0,11;;
29/06/2026 02:45;0,088;0,088;;
29/06/2026 03:00;0,121;0,121;;
29/06/2026 03:15;0,189;0,189;;
29/06/2026 03:30;0,117;0,117;;
29/06/2026 03:45;0,062;0,062;;
29/06/2026 04:00;0,113;0,113;;
29/06/2026 04:15;0,101;0,101;;
29/06/2026 04:30;0,113;0,113;;
29/06/2026 04:45;0,137;0,137;;
29/06/2026 05:00;0,115;0,115;;
29/06/2026 05:15;0,169;0,169;;
29/06/2026 05:30;0,178;0,178;;
29/06/2026 05:45;0,063;0,063;;
29/06/2026 06:00;0,065;0,065;;
29/06/2026 06:15;0,159;0,159;;
29/06/2026 06:30;0,123;0,123;;
29/06/2026 06:45;0,091;0,091;;
29/06/2026 07:00;0,092;0,092;;
29/06/2026 07:15;0,102;0,102;;
29/06/2026 07:30;0,094;0,094;;
29/06/2026 07:45;0,189;0,189;;
29/06/2026 08:00;0,15;0,15;;
29/06/2026 08:15;0,137;0,137;;
29/06/2026 08:30;0,195;0,195;;
29/06/2026 08:45;0,23;0,23;;
29/06/2026 09:00;0,211;0,211;;
29/06/2026 09:15;0,217;0,217;;
29/06/2026 09:30;0,32;0,32;;
29/06/2026 09:45;0,274;0,274;;
29/06/2026 10:00;0,376;0,376;;
29/06/2026 10:15;0,338;0,338;;
29/06/2026 10:30;0,364;0,364;;
29/06/2026 10:45;0,279;0,279;;
29/06/2026 11:00;0,261;0,261;;
29/06/2026 11:15;0,271;0,271;;
29/06/2026 11:30;0,365;0,365;;
29/06/2026 11:45;0,272;0,272;;
29/06/2026 12:00;0,292;0,292;;
29/06/2026 12:15;0,292;0,292;;
29/06/2026 12:30;0,234;0,234;;
29/06/2026 12:45;0,303;0,303;;
29/06/2026 13:00;0,218;0,218;;
29/06/2026 13:15;0,326;0,326;;
29/06/2026 13:30;0,24;0,24;;
29/06/2026 13:45;0,227;0,227;;
29/06/2026 14:00;0,321;0,321;;
29/06/2026 14:15;0,289;0,289;;
29/06/2026 14:30;0,327;0,327;;
29/06/2026 14:45;0,416;0,416;;
29/06/2026 15:00;0,379;0,379;;
29/06/2026 15:15;0,338;0,338;;
29/06/2026 15:30;0,339;0,339;;
29/06/2026 15:45;0,319;0,319;;
29/06/2026 16:00;0,281;0,281;;
29/06/2026 16:15;0,253;0,253;;
29/06/2026 16:30;0,279;0,279;;
29/06/2026 16:45;0,261;0,261;;
29/06/2026 17:00;0,251;0,251;;
29/06/2026 17:15;0,233;0,233;;
29/06/2026 17:30;0,291;0,291;;
29/06/2026 17:45;0,248;0,248;;
29/06/2026 18:00;0,206;0,206;;
29/06/2026 18:15;0,23;0,23;;
29/06/2026 18:30;0,24;0,24;;
29/06/2026 18:45;0,218;0,218;;
29/06/2026 19:00;0,175;0,175;;
29/06/2026 19:15;0,2;0,2;;
29/06/2026 19:30;0,246;0,246;;
29/06/2026 19:45;0,232;0,232;;
29/06/2026 20:00;0,184;0,184;;
29/06/2026 20:15;0,184;0,184;;
29/06/2026 20:30;0,23;0,23;;
29/06/2026 20:45;0,247;0,247;;
29/06/2026 21:00;1,26;1,26;;
29/06/2026 21:15;1.492;1,492;;
29/06/2026 21:30;1.374;1,374;;
29/06/2026 21:45;1.216;1,216;;
29/06/2026 22:00;1.129;1,129;;
29/06/2026 22:15;1.051;1,051;;
29/06/2026 22:30;1.071;1,071;;
29/06/2026 22:45;1.129;1,129;;
29/06/2026 23:00;0,933;0,933;;
29/06/2026 23:15;0,451;0,451;;
29/06/2026 23:30;0,391;0,391;;
29/06/2026 23:45;0,069;0,069;;
30/06/2026 00:00;0,13;0,13;;
30/06/2026 00:15;0,152;0,152;;
30/06/2026 00:30;0,069;0,069;;
30/06/2026 00:45;0,048;0,048;;
30/06/2026 01:00;0,088;0,088;;
30/06/2026 01:15;0,152;0,152;;
30/06/2026 01:30;0,076;0,076;;
30/06/2026 01:45;0,055;0,055;;
30/06/2026 02:00;0,061;0,061;;
30/06/2026 02:15;0,133;0,133;;
30/06/2026 02:30;0,109;0,109;;
30/06/2026 02:45;0,039;0,039;;
30/06/2026 03:00;0,046;0,046;;
30/06/2026 03:15;0,061;0,061;;
30/06/2026 03:30;0,151;0,151;;
30/06/2026 03:45;0,081;0,081;;
30/06/2026 04:00;0,045;0,045;;
30/06/2026 04:15;0,05;0,05;;
30/06/2026 04:30;0,089;0,089;;
30/06/2026 04:45;0,123;0,123;;
30/06/2026 05:00;0,041;0,041;;
30/06/2026 05:15;0,044;0,044;;
30/06/2026 05:30;0,044;0,044;;
30/06/2026 05:45;0,085;0,085;;
30/06/2026 06:00;0,095;0,095;;
30/06/2026 06:15;0,058;0,058;;
30/06/2026 06:30;0,048;0,048;;
30/06/2026 06:45;0,074;0,074;;
30/06/2026 07:00;0,111;0,111;;
30/06/2026 07:15;0,072;0,072;;
30/06/2026 07:30;0,048;0,048;;
30/06/2026 07:45;0,066;0,066;;
30/06/2026 08:00;0,091;0,091;;
30/06/2026 08:15;0,107;0,107;;
30/06/2026 08:30;0,079;0,079;;
30/06/2026 08:45;0,044;0,044;;
30/06/2026 09:00;0,103;0,103;;
30/06/2026 09:15;0,126;0,126;;
30/06/2026 09:30;0,098;0,098;;
30/06/2026 09:45;0,046;0,046;;
30/06/2026 10:00;0,094;0,094;;
30/06/2026 10:15;0,128;0,128;;
30/06/2026 10:30;0,1;0,1;;
30/06/2026 10:45;0,057;0,057;;
30/06/2026 11:00;0,088;0,088;;
30/06/2026 11:15;0,112;0,112;;
30/06/2026 11:30;0,124;0,124;;
30/06/2026 11:45;0,098;0,098;;
30/06/2026 12:00;0,105;0,105;;
30/06/2026 12:15;0,13;0,13;;
30/06/2026 12:30;0,097;0,097;;
30/06/2026 12:45;0,128;0,128;;
30/06/2026 13:00;0,161;0,161;;
30/06/2026 13:15;0,153;0,153;;
30/06/2026 13:30;0,118;0,118;;
30/06/2026 13:45;0,136;0,136;;
30/06/2026 14:00;0,168;0,168;;
30/06/2026 14:15;0,1;0,1;;
30/06/2026 14:30;0,144;0,144;;
30/06/2026 14:45;0,167;0,167;;
30/06/2026 15:00;0,147;0,147;;
30/06/2026 15:15;0,099;0,099;;
30/06/2026 15:30;0,17;0,17;;
30/06/2026 15:45;0,144;0,144;;
30/06/2026 16:00;0,116;0,116;;
30/06/2026 16:15;0,141;0,141;;
30/06/2026 16:30;0,123;0,123;;
30/06/2026 16:45;0,165;0,165;;
30/06/2026 17:00;0,158;0,158;;
30/06/2026 17:15;0,158;0,158;;
30/06/2026 17:30;0,143;0,143;;
30/06/2026 17:45;0,109;0,109;;
30/06/2026 18:00;0,121;0,121;;
30/06/2026 18:15;0,065;0,065;;
30/06/2026 18:30;0,155;0,155;;
30/06/2026 18:45;0,168;0,168;;
30/06/2026 19:00;0,171;0,171;;
30/06/2026 19:15;0,164;0,164;;
30/06/2026 19:30;0,168;0,168;;
30/06/2026 19:45;0,373;0,373;;
30/06/2026 20:00;0,496;0,496;;
30/06/2026 20:15;0,451;0,451;;
30/06/2026 20:30;0,436;0,436;;
30/06/2026 20:45;0,446;0,446;;
30/06/2026 21:00;1.288;1,288;;
30/06/2026 21:15;1.485;1,485;;
30/06/2026 21:30;1.405;1,405;;
30/06/2026 21:45;1.294;1,294;;
30/06/2026 22:00;1.234;1,234;;
30/06/2026 22:15;1.209;1,209;;
30/06/2026 22:30;1.249;1,249;;
30/06/2026 22:45;1.129;1,129;;
30/06/2026 23:00;0,858;0,858;;
30/06/2026 23:15;0,184;0,184;;
30/06/2026 23:30;0,111;0,111;;
30/06/2026 23:45;0,047;0,047;;
01/07/2026 00:00;0,094;0,094;;
01/07/2026 00:15;0,119;0,119;;
01/07/2026 00:30;0,08;0,08;;
01/07/2026 00:45;0,092;0,092;;
01/07/2026 01:00;0,107;0,107;;
01/07/2026 01:15;0,071;0,071;;
01/07/2026 01:30;0,098;0,098;;
01/07/2026 01:45;0,155;0,155;;
01/07/2026 02:00;0,095;0,095;;
01/07/2026 02:15;0,041;0,041;;
01/07/2026 02:30;0,1;0,1;;
01/07/2026 02:45;0,105;0,105;;
01/07/2026 03:00;0,09;0,09;;
01/07/2026 03:15;0,052;0,052;;
01/07/2026 03:30;0,063;0,063;;
01/07/2026 03:45;0,117;0,117;;
01/07/2026 04:00;0,137;0,137;;
01/07/2026 04:15;0,048;0,048;;
01/07/2026 04:30;0,05;0,05;;
01/07/2026 04:45;0,09;0,09;;
01/07/2026 05:00;0,136;0,136;;
01/07/2026 05:15;0,046;0,046;;
01/07/2026 05:30;0,051;0,051;;
01/07/2026 05:45;0,065;0,065;;
01/07/2026 06:00;0,084;0,084;;
01/07/2026 06:15;0,148;0,148;;
01/07/2026 06:30;0,094;0,094;;
01/07/2026 06:45;0,049;0,049;;
01/07/2026 07:00;0,041;0,041;;
01/07/2026 07:15;0,107;0,107;;
01/07/2026 07:30;0,13;0,13;;
01/07/2026 07:45;0,047;0,047;;
01/07/2026 08:00;0,046;0,046;;
01/07/2026 08:15;0,078;0,078;;
01/07/2026 08:30;0,243;0,243;;
01/07/2026 08:45;0,217;0,217;;
01/07/2026 09:00;0,182;0,182;;
01/07/2026 09:15;0,141;0,141;;
01/07/2026 09:30;0,184;0,184;;
01/07/2026 09:45;0,241;0,241;;
01/07/2026 10:00;0,193;0,193;;
01/07/2026 10:15;0,215;0,215;;
01/07/2026 10:30;0,201;0,201;;
01/07/2026 10:45;0,264;0,264;;
01/07/2026 11:00;0,284;0,284;;
01/07/2026 11:15;0,251;0,251;;
01/07/2026 11:30;0,186;0,186;;
01/07/2026 11:45;0,207;0,207;;
01/07/2026 12:00;0,27;0,27;;
01/07/2026 12:15;0,249;0,249;;
01/07/2026 12:30;0,191;0,191;;
01/07/2026 12:45;0,179;0,179;;
01/07/2026 13:00;0,239;0,239;;
01/07/2026 13:15;0,289;0,289;;
01/07/2026 13:30;0,236;0,236;;
01/07/2026 13:45;0,179;0,179;;
01/07/2026 14:00;0,238;0,238;;
01/07/2026 14:15;0,25;0,25;;
01/07/2026 14:30;0,193;0,193;;
01/07/2026 14:45;0,178;0,178;;
01/07/2026 15:00;0,235;0,235;;
01/07/2026 15:15;0,287;0,287;;
01/07/2026 15:30;0,3;0,3;;
01/07/2026 15:45;0,237;0,237;;
01/07/2026 16:00;0,199;0,199;;
01/07/2026 16:15;0,218;0,218;;
01/07/2026 16:30;0,218;0,218;;
01/07/2026 16:45;0,213;0,213;;
01/07/2026 17:00;0,233;0,233;;
01/07/2026 17:15;0,251;0,251;;
01/07/2026 17:30;0,197;0,197;;
01/07/2026 17:45;0,219;0,219;;
01/07/2026 18:00;0,256;0,256;;
01/07/2026 18:15;0,264;0,264;;
01/07/2026 18:30;0,227;0,227;;
01/07/2026 18:45;0,266;0,266;;
01/07/2026 19:00;0,242;0,242;;
01/07/2026 19:15;0,212;0,212;;
01/07/2026 19:30;0,236;0,236;;
01/07/2026 19:45;0,313;0,313;;
01/07/2026 20:00;0,347;0,347;;
01/07/2026 20:15;0,344;0,344;;
01/07/2026 20:30;0,295;0,295;;
01/07/2026 20:45;0,283;0,283;;
01/07/2026 21:00;1.444;1,444;;
01/07/2026 21:15;1,6;1,6;;
01/07/2026 21:30;1,19;1,19;;
01/07/2026 21:45;0,199;0,199;;
01/07/2026 22:00;0,164;0,164;;
01/07/2026 22:15;0,147;0,147;;
01/07/2026 22:30;0,238;0,238;;
01/07/2026 22:45;0,223;0,223;;
01/07/2026 23:00;0,163;0,163;;
01/07/2026 23:15;0,164;0,164;;
01/07/2026 23:30;0,178;0,178;;
01/07/2026 23:45;0,19;0,19;;
02/07/2026 00:00;0,515;0,515;;
02/07/2026 00:15;0,824;0,824;;
02/07/2026 00:30;0,801;0,801;;
02/07/2026 00:45;0,858;0,858;;
02/07/2026 01:00;0,314;0,314;;
02/07/2026 01:15;0,074;0,074;;
02/07/2026 01:30;0,072;0,072;;
02/07/2026 01:45;0,105;0,105;;
02/07/2026 02:00;0,095;0,095;;
02/07/2026 02:15;0,062;0,062;;
02/07/2026 02:30;0,082;0,082;;
02/07/2026 02:45;0,082;0,082;;
02/07/2026 03:00;0,131;0,131;;
02/07/2026 03:15;0,076;0,076;;
02/07/2026 03:30;0,038;0,038;;
02/07/2026 03:45;0,091;0,091;;
02/07/2026 04:00;0,107;0,107;;
02/07/2026 04:15;0,053;0,053;;
02/07/2026 04:30;0,096;0,096;;
02/07/2026 04:45;0,13;0,13;;
02/07/2026 05:00;0,058;0,058;;
02/07/2026 05:15;0,056;0,056;;
02/07/2026 05:30;0,146;0,146;;
02/07/2026 05:45;0,068;0,068;;
02/07/2026 06:00;0,038;0,038;;
02/07/2026 06:15;0,093;0,093;;
02/07/2026 06:30;0,114;0,114;;
02/07/2026 06:45;0,056;0,056;;
02/07/2026 07:00;0,059;0,059;;
02/07/2026 07:15;0,104;0,104;;
02/07/2026 07:30;0,102;0,102;;
02/07/2026 07:45;0,097;0,097;;
02/07/2026 08:00;0,058;0,058;;
02/07/2026 08:15;0,078;0,078;;
02/07/2026 08:30;0,104;0,104;;
02/07/2026 08:45;0,121;0,121;;
02/07/2026 09:00;0,106;0,106;;
02/07/2026 09:15;0,118;0,118;;
02/07/2026 09:30;0,161;0,161;;
02/07/2026 09:45;0,054;0,054;;
02/07/2026 10:00;0,115;0,115;;
02/07/2026 10:15;0,159;0,159;;
02/07/2026 10:30;0,164;0,164;;
02/07/2026 10:45;0,167;0,167;;
02/07/2026 11:00;0,099;0,099;;
02/07/2026 11:15;0,066;0,066;;
02/07/2026 11:30;0,16;0,16;;
02/07/2026 11:45;0,169;0,169;;
02/07/2026 12:00;0,115;0,115;;
02/07/2026 12:15;0,136;0,136;;
02/07/2026 12:30;0,1;0,1;;
02/07/2026 12:45;0,096;0,096;;
02/07/2026 13:00;0,073;0,073;;
02/07/2026 13:15;0,138;0,138;;
02/07/2026 13:30;0,162;0,162;;
02/07/2026 13:45;0,148;0,148;;
02/07/2026 14:00;0,113;0,113;;
02/07/2026 14:15;0,098;0,098;;
02/07/2026 14:30;0,126;0,126;;
02/07/2026 14:45;0,155;0,155;;
02/07/2026 15:00;0,092;0,092;;
02/07/2026 15:15;0,133;0,133;;
02/07/2026 15:30;0,166;0,166;;
02/07/2026 15:45;0,168;0,168;;
02/07/2026 16:00;0,118;0,118;;
02/07/2026 16:15;0,117;0,117;;
02/07/2026 16:30;0,153;0,153;;
02/07/2026 16:45;0,112;0,112;;
02/07/2026 17:00;0,125;0,125;;
02/07/2026 17:15;0,16;0,16;;
02/07/2026 17:30;0,114;0,114;;
02/07/2026 17:45;0,133;0,133;;
02/07/2026 18:00;0,165;0,165;;
02/07/2026 18:15;0,171;0,171;;
02/07/2026 18:30;0,174;0,174;;
02/07/2026 18:45;0,172;0,172;;
02/07/2026 19:00;0,122;0,122;;
02/07/2026 19:15;0,13;0,13;;
02/07/2026 19:30;0,162;0,162;;
02/07/2026 19:45;0,17;0,17;;
02/07/2026 20:00;0,157;0,157;;
02/07/2026 20:15;0,119;0,119;;
02/07/2026 20:30;0,166;0,166;;
02/07/2026 20:45;0,139;0,139;;
02/07/2026 21:00;1.287;1,287;;
02/07/2026 21:15;1.478;1,478;;
02/07/2026 21:30;1.152;1,152;;
02/07/2026 21:45;0,435;0,435;;
02/07/2026 22:00;0,425;0,425;;
02/07/2026 22:15;0,418;0,418;;
02/07/2026 22:30;0,448;0,448;;
02/07/2026 22:45;0,413;0,413;;
02/07/2026 23:00;0,347;0,347;;
02/07/2026 23:15;0,175;0,175;;
02/07/2026 23:30;0,073;0,073;;
02/07/2026 23:45;0,078;0,078;;
03/07/2026 00:00;0,158;0,158;;
03/07/2026 00:15;0,088;0,088;;
03/07/2026 00:30;0,04;0,04;;
03/07/2026 00:45;0,126;0,126;;
03/07/2026 01:00;0,11;0,11;;
03/07/2026 01:15;0,038;0,038;;
03/07/2026 01:30;0,084;0,084;;
03/07/2026 01:45;0,119;0,119;;
03/07/2026 02:00;0,071;0,071;;
03/07/2026 02:15;0,084;0,084;;
03/07/2026 02:30;0,079;0,079;;
03/07/2026 02:45;0,096;0,096;;
03/07/2026 03:00;0,104;0,104;;
03/07/2026 03:15;0,08;0,08;;
03/07/2026 03:30;0,033;0,033;;
03/07/2026 03:45;0,076;0,076;;
03/07/2026 04:00;0,137;0,137;;
03/07/2026 04:15;0,049;0,049;;
03/07/2026 04:30;0,043;0,043;;
03/07/2026 04:45;0,115;0,115;;
03/07/2026 05:00;0,087;0,087;;
03/07/2026 05:15;0,045;0,045;;
03/07/2026 05:30;0,057;0,057;;
03/07/2026 05:45;0,074;0,074;;
03/07/2026 06:00;0,088;0,088;;
03/07/2026 06:15;0,044;0,044;;
03/07/2026 06:30;0,064;0,064;;
03/07/2026 06:45;0,05;0,05;;
03/07/2026 07:00;0,101;0,101;;
03/07/2026 07:15;0,095;0,095;;
03/07/2026 07:30;0,077;0,077;;
03/07/2026 07:45;0,053;0,053;;
03/07/2026 08:00;0,081;0,081;;
03/07/2026 08:15;0,06;0,06;;
03/07/2026 08:30;0,092;0,092;;
03/07/2026 08:45;0,1;0,1;;
03/07/2026 09:00;0,054;0,054;;
03/07/2026 09:15;0,126;0,126;;
03/07/2026 09:30;0,158;0,158;;
03/07/2026 09:45;0,154;0,154;;
03/07/2026 10:00;0,16;0,16;;
03/07/2026 10:15;0,17;0,17;;
03/07/2026 10:30;0,171;0,171;;
03/07/2026 10:45;0,166;0,166;;
03/07/2026 11:00;0,204;0,204;;
03/07/2026 11:15;0,242;0,242;;
03/07/2026 11:30;0,202;0,202;;
03/07/2026 11:45;0,179;0,179;;
03/07/2026 12:00;0,173;0,173;;
03/07/2026 12:15;0,167;0,167;;
03/07/2026 12:30;0,159;0,159;;
03/07/2026 12:45;0,17;0,17;;
03/07/2026 13:00;0,175;0,175;;
03/07/2026 13:15;0,174;0,174;;
03/07/2026 13:30;0,151;0,151;;
03/07/2026 13:45;0,112;0,112;;
03/07/2026 14:00;0,166;0,166;;
03/07/2026 14:15;0,174;0,174;;
03/07/2026 14:30;0,173;0,173;;
03/07/2026 14:45;0,162;0,162;;
03/07/2026 15:00;0,173;0,173;;
03/07/2026 15:15;0,169;0,169;;
03/07/2026 15:30;0,1;0,1;;
03/07/2026 15:45;0,089;0,089;;
03/07/2026 16:00;0,077;0,077;;
03/07/2026 16:15;0,156;0,156;;
03/07/2026 16:30;0,174;0,174;;
03/07/2026 16:45;0,174;0,174;;
03/07/2026 17:00;0,174;0,174;;
03/07/2026 17:15;0,161;0,161;;
03/07/2026 17:30;0,163;0,163;;
03/07/2026 17:45;0,176;0,176;;
03/07/2026 18:00;0,177;0,177;;
03/07/2026 18:15;0,142;0,142;;
03/07/2026 18:30;0,137;0,137;;
03/07/2026 18:45;0,168;0,168;;
03/07/2026 19:00;0,172;0,172;;
03/07/2026 19:15;0,17;0,17;;
03/07/2026 19:30;0,176;0,176;;
03/07/2026 19:45;0,18;0,18;;
03/07/2026 20:00;0,172;0,172;;
03/07/2026 20:15;0,11;0,11;;
03/07/2026 20:30;0,084;0,084;;
03/07/2026 20:45;0,111;0,111;;
03/07/2026 21:00;0,456;0,456;;
03/07/2026 21:15;0,459;0,459;;
03/07/2026 21:30;0,329;0,329;;
03/07/2026 21:45;0,134;0,134;;
03/07/2026 22:00;0,053;0,053;;
03/07/2026 22:15;0,044;0,044;;
03/07/2026 22:30;0,117;0,117;;
03/07/2026 22:45;0,084;0,084;;
03/07/2026 23:00;0,053;0,053;;
03/07/2026 23:15;0,05;0,05;;
03/07/2026 23:30;0,126;0,126;;
03/07/2026 23:45;0,081;0,081;;
04/07/2026 00:00;0,031;0,031;;
04/07/2026 00:15;0,044;0,044;;
04/07/2026 00:30;0,051;0,051;;
04/07/2026 00:45;0,091;0,091;;
04/07/2026 01:00;0,1;0,1;;
04/07/2026 01:15;0,097;0,097;;
04/07/2026 01:30;0,038;0,038;;
04/07/2026 01:45;0,054;0,054;;
04/07/2026 02:00;0,098;0,098;;
04/07/2026 02:15;0,044;0,044;;
04/07/2026 02:30;0,08;0,08;;
04/07/2026 02:45;0,05;0,05;;
04/07/2026 03:00;0,041;0,041;;
04/07/2026 03:15;0,047;0,047;;
04/07/2026 03:30;0,049;0,049;;
04/07/2026 03:45;0,046;0,046;;
04/07/2026 04:00;0,065;0,065;;
04/07/2026 04:15;0,133;0,133;;
04/07/2026 04:30;0,083;0,083;;
04/07/2026 04:45;0,042;0,042;;
04/07/2026 05:00;0,038;0,038;;
04/07/2026 05:15;0,04;0,04;;
04/07/2026 05:30;0,074;0,074;;
04/07/2026 05:45;0,092;0,092;;
04/07/2026 06:00;0,05;0,05;;
04/07/2026 06:15;0,066;0,066;;
04/07/2026 06:30;0,087;0,087;;
04/07/2026 06:45;0,063;0,063;;
04/07/2026 07:00;0,089;0,089;;
04/07/2026 07:15;0,059;0,059;;
04/07/2026 07:30;0,033;0,033;;
04/07/2026 07:45;0,057;0,057;;
04/07/2026 08:00;0,101;0,101;;
04/07/2026 08:15;0,099;0,099;;
04/07/2026 08:30;0,107;0,107;;
04/07/2026 08:45;0,098;0,098;;
04/07/2026 09:00;0,1;0,1;;
04/07/2026 09:15;0,076;0,076;;
04/07/2026 09:30;0,292;0,292;;
04/07/2026 09:45;0,444;0,444;;
04/07/2026 10:00;0,625;0,625;;
04/07/2026 10:15;0,636;0,636;;
04/07/2026 10:30;0,553;0,553;;
04/07/2026 10:45;0,56;0,56;;
04/07/2026 11:00;0,453;0,453;;
04/07/2026 11:15;0,303;0,303;;
04/07/2026 11:30;0,278;0,278;;
04/07/2026 11:45;0,256;0,256;;
04/07/2026 12:00;0,254;0,254;;
04/07/2026 12:15;0,256;0,256;;
04/07/2026 12:30;0,24;0,24;;
04/07/2026 12:45;0,221;0,221;;
04/07/2026 13:00;0,194;0,194;;
04/07/2026 13:15;0,286;0,286;;
04/07/2026 13:30;0,258;0,258;;
04/07/2026 13:45;0,17;0,17;;
04/07/2026 14:00;0,224;0,224;;
04/07/2026 14:15;0,212;0,212;;
04/07/2026 14:30;0,226;0,226;;
04/07/2026 14:45;0,312;0,312;;
04/07/2026 15:00;0,291;0,291;;
04/07/2026 15:15;0,204;0,204;;
04/07/2026 15:30;0,24;0,24;;
04/07/2026 15:45;0,309;0,309;;
04/07/2026 16:00;0,261;0,261;;
04/07/2026 16:15;0,263;0,263;;
04/07/2026 16:30;0,269;0,269;;
04/07/2026 16:45;0,239;0,239;;
04/07/2026 17:00;0,236;0,236;;
04/07/2026 17:15;0,243;0,243;;
04/07/2026 17:30;0,232;0,232;;
04/07/2026 17:45;0,252;0,252;;
04/07/2026 18:00;0,239;0,239;;
04/07/2026 18:15;0,215;0,215;;
04/07/2026 18:30;0,188;0,188;;
04/07/2026 18:45;0,26;0,26;;
04/07/2026 19:00;0,26;0,26;;
04/07/2026 19:15;0,235;0,235;;
04/07/2026 19:30;0,246;0,246;;
04/07/2026 19:45;0,195;0,195;;
04/07/2026 20:00;0,22;0,22;;
04/07/2026 20:15;0,27;0,27;;
04/07/2026 20:30;0,165;0,165;;
04/07/2026 20:45;0,16;0,16;;
04/07/2026 21:00;0,558;0,558;;
04/07/2026 21:15;0,538;0,538;;
04/07/2026 21:30;0,311;0,311;;
04/07/2026 21:45;0,077;0,077;;
04/07/2026 22:00;0,158;0,158;;
04/07/2026 22:15;0,353;0,353;;
04/07/2026 22:30;0,772;0,772;;
04/07/2026 22:45;0,761;0,761;;
04/07/2026 23:00;0,722;0,722;;
04/07/2026 23:15;0,753;0,753;;
04/07/2026 23:30;0,89;0,89;;
04/07/2026 23:45;0,565;0,565;;
05/07/2026 00:00;0,082;0,082;;
05/07/2026 00:15;0,103;0,103;;
05/07/2026 00:30;0,113;0,113;;
05/07/2026 00:45;0,11;0,11;;
05/07/2026 01:00;0,204;0,204;;
05/07/2026 01:15;0,044;0,044;;
05/07/2026 01:30;0,053;0,053;;
05/07/2026 01:45;0,139;0,139;;
05/07/2026 02:00;0,167;0,167;;
05/07/2026 02:15;0,048;0,048;;
05/07/2026 02:30;0,067;0,067;;
05/07/2026 02:45;0,104;0,104;;
05/07/2026 03:00;0,116;0,116;;
05/07/2026 03:15;0,121;0,121;;
05/07/2026 03:30;0,08;0,08;;
05/07/2026 03:45;0,085;0,085;;
05/07/2026 04:00;0,129;0,129;;
05/07/2026 04:15;0,131;0,131;;
05/07/2026 04:30;0,051;0,051;;
05/07/2026 04:45;0,064;0,064;;
05/07/2026 05:00;0,15;0,15;;
05/07/2026 05:15;0,081;0,081;;
05/07/2026 05:30;0,081;0,081;;
05/07/2026 05:45;0,089;0,089;;
05/07/2026 06:00;0,108;0,108;;
05/07/2026 06:15;0,086;0,086;;
05/07/2026 06:30;0,103;0,103;;
05/07/2026 06:45;0,049;0,049;;
05/07/2026 07:00;0,093;0,093;;
05/07/2026 07:15;0,162;0,162;;
05/07/2026 07:30;0,08;0,08;;
05/07/2026 07:45;0,073;0,073;;
05/07/2026 08:00;0,154;0,154;;
05/07/2026 08:15;0,114;0,114;;
05/07/2026 08:30;0,197;0,197;;
05/07/2026 08:45;0,241;0,241;;
05/07/2026 09:00;0,145;0,145;;
05/07/2026 09:15;0,125;0,125;;
05/07/2026 09:30;0,145;0,145;;
05/07/2026 09:45;0,209;0,209;;
05/07/2026 10:00;0,166;0,166;;
05/07/2026 10:15;0,184;0,184;;
05/07/2026 10:30;0,151;0,151;;
05/07/2026 10:45;0,186;0,186;;
05/07/2026 11:00;0,233;0,233;;
05/07/2026 11:15;0,207;0,207;;
05/07/2026 11:30;0,15;0,15;;
05/07/2026 11:45;0,219;0,219;;
05/07/2026 12:00;0,247;0,247;;
05/07/2026 12:15;0,186;0,186;;
05/07/2026 12:30;0,21;0,21;;
05/07/2026 12:45;0,201;0,201;;
05/07/2026 13:00;0,2;0,2;;
05/07/2026 13:15;0,219;0,219;;
05/07/2026 13:30;0,164;0,164;;
05/07/2026 13:45;0,15;0,15;;
05/07/2026 14:00;0,249;0,249;;
05/07/2026 14:15;0,236;0,236;;
05/07/2026 14:30;0,173;0,173;;
05/07/2026 14:45;0,196;0,196;;
05/07/2026 15:00;0,203;0,203;;
05/07/2026 15:15;0,211;0,211;;
05/07/2026 15:30;0,223;0,223;;
05/07/2026 15:45;0,206;0,206;;
05/07/2026 16:00;0,152;0,152;;
05/07/2026 16:15;0,215;0,215;;
05/07/2026 16:30;0,255;0,255;;
05/07/2026 16:45;0,175;0,175;;
05/07/2026 17:00;0,193;0,193;;
05/07/2026 17:15;0,271;0,271;;
05/07/2026 17:30;0,205;0,205;;
05/07/2026 17:45;0,158;0,158;;
05/07/2026 18:00;0,202;0,202;;
05/07/2026 18:15;0,183;0,183;;
05/07/2026 18:30;0,204;0,204;;
05/07/2026 18:45;0,208;0,208;;
05/07/2026 19:00;0,164;0,164;;
05/07/2026 19:15;0,19;0,19;;
05/07/2026 19:30;0,263;0,263;;
05/07/2026 19:45;0,139;0,139;;
05/07/2026 20:00;0,065;0,065;;
05/07/2026 20:15;0,141;0,141;;
05/07/2026 20:30;0,236;0,236;;
05/07/2026 20:45;0,161;0,161;;
05/07/2026 21:00;0,402;0,402;;
05/07/2026 21:15;0,437;0,437;;
05/07/2026 21:30;0,295;0,295;;
05/07/2026 21:45;0,168;0,168;;
05/07/2026 22:00;0,209;0,209;;
05/07/2026 22:15;0,086;0,086;;
05/07/2026 22:30;0,074;0,074;;
05/07/2026 22:45;0,104;0,104;;
05/07/2026 23:00;0,093;0,093;;
05/07/2026 23:15;0,115;0,115;;
05/07/2026 23:30;0,111;0,111;;
05/07/2026 23:45;0,064;0,064;;
06/07/2026 00:00;0,115;0,115;;
06/07/2026 00:15;0,216;0,216;;
06/07/2026 00:30;0,056;0,056;;
06/07/2026 00:45;0,044;0,044;;
06/07/2026 01:00;0,118;0,118;;
06/07/2026 01:15;0,107;0,107;;
06/07/2026 01:30;0,078;0,078;;
06/07/2026 01:45;0,11;0,11;;
06/07/2026 02:00;0,093;0,093;;
06/07/2026 02:15;0,107;0,107;;
06/07/2026 02:30;0,135;0,135;;
06/07/2026 02:45;0,063;0,063;;
06/07/2026 03:00;0,05;0,05;;
06/07/2026 03:15;0,132;0,132;;
06/07/2026 03:30;0,101;0,101;;
06/07/2026 03:45;0,047;0,047;;
06/07/2026 04:00;0,07;0,07;;
06/07/2026 04:15;0,149;0,149;;
06/07/2026 04:30;0,087;0,087;;
06/07/2026 04:45;0,078;0,078;;
06/07/2026 05:00;0,072;0,072;;
06/07/2026 05:15;0,093;0,093;;
06/07/2026 05:30;0,112;0,112;;
06/07/2026 05:45;0,085;0,085;;
06/07/2026 06:00;0,038;0,038;;
06/07/2026 06:15;0,054;0,054;;
06/07/2026 06:30;0,142;0,142;;
06/07/2026 06:45;0,117;0,117;;
06/07/2026 07:00;0,114;0,114;;
06/07/2026 07:15;0,088;0,088;;
06/07/2026 07:30;0,045;0,045;;
06/07/2026 07:45;0,087;0,087;;
06/07/2026 08:00;0,219;0,219;;
06/07/2026 08:15;0,084;0,084;;
06/07/2026 08:30;0,082;0,082;;
06/07/2026 08:45;0,214;0,214;;
06/07/2026 09:00;0,212;0,212;;
06/07/2026 09:15;0,174;0,174;;
06/07/2026 09:30;0,18;0,18;;
06/07/2026 09:45;0,125;0,125;;
06/07/2026 10:00;0,19;0,19;;
06/07/2026 10:15;0,26;0,26;;
06/07/2026 10:30;0,185;0,185;;
06/07/2026 10:45;0,169;0,169;;
06/07/2026 11:00;0,237;0,237;;
06/07/2026 11:15;0,257;0,257;;
06/07/2026 11:30;0,222;0,222;;
06/07/2026 11:45;0,222;0,222;;
06/07/2026 12:00;0,216;0,216;;
06/07/2026 12:15;0,229;0,229;;
06/07/2026 12:30;0,286;0,286;;
06/07/2026 12:45;0,242;0,242;;
06/07/2026 13:00;0,179;0,179;;
06/07/2026 13:15;0,29;0,29;;
06/07/2026 13:30;0,322;0,322;;
06/07/2026 13:45;0,238;0,238;;
06/07/2026 14:00;0,252;0,252;;
06/07/2026 14:15;0,3;0,3;;
06/07/2026 14:30;0,256;0,256;;
06/07/2026 14:45;0,231;0,231;;
06/07/2026 15:00;0,232;0,232;;
06/07/2026 15:15;0,197;0,197;;
06/07/2026 15:30;0,291;0,291;;
06/07/2026 15:45;0,316;0,316;;
06/07/2026 16:00;0,29;0,29;;
06/07/2026 16:15;0,268;0,268;;
06/07/2026 16:30;0,292;0,292;;
06/07/2026 16:45;0,292;0,292;;
06/07/2026 17:00;0,294;0,294;;
06/07/2026 17:15;0,275;0,275;;
06/07/2026 17:30;0,301;0,301;;
06/07/2026 17:45;0,317;0,317;;
06/07/2026 18:00;0,295;0,295;;
06/07/2026 18:15;0,22;0,22;;
06/07/2026 18:30;0,306;0,306;;
06/07/2026 18:45;0,375;0,375;;
06/07/2026 19:00;0,267;0,267;;
06/07/2026 19:15;0,24;0,24;;
06/07/2026 19:30;0,325;0,325;;
06/07/2026 19:45;0,209;0,209;;
06/07/2026 20:00;0,324;0,324;;
06/07/2026 20:15;0,316;0,316;;
06/07/2026 20:30;1.382;1,382;;
06/07/2026 20:45;1.585;1,585;;
06/07/2026 21:00;1.545;1,545;;
06/07/2026 21:15;1.528;1,528;;
06/07/2026 21:30;1.398;1,398;;
06/07/2026 21:45;0,736;0,736;;
06/07/2026 22:00;0,862;0,862;;
06/07/2026 22:15;0,846;0,846;;
06/07/2026 22:30;0,844;0,844;;
06/07/2026 22:45;0,881;0,881;;
06/07/2026 23:00;0,45;0,45;;
06/07/2026 23:15;0,082;0,082;;
06/07/2026 23:30;0,218;0,218;;
06/07/2026 23:45;0,167;0,167;;
07/07/2026 00:00;0,069;0,069;;
07/07/2026 00:15;0,129;0,129;;
07/07/2026 00:30;0,166;0,166;;
07/07/2026 00:45;0,129;0,129;;
07/07/2026 01:00;0,097;0,097;;
07/07/2026 01:15;0,073;0,073;;
07/07/2026 01:30;0,167;0,167;;
07/07/2026 01:45;0,154;0,154;;
07/07/2026 02:00;0,047;0,047;;
07/07/2026 02:15;0,084;0,084;;
07/07/2026 02:30;0,209;0,209;;
07/07/2026 02:45;0,063;0,063;;
07/07/2026 03:00;0,067;0,067;;
07/07/2026 03:15;0,103;0,103;;
07/07/2026 03:30;0,103;0,103;;
07/07/2026 03:45;0,075;0,075;;
07/07/2026 04:00;0,111;0,111;;
07/07/2026 04:15;0,084;0,084;;
07/07/2026 04:30;0,062;0,062;;
07/07/2026 04:45;0,119;0,119;;
07/07/2026 05:00;0,148;0,148;;
07/07/2026 05:15;0,094;0,094;;
07/07/2026 05:30;0,108;0,108;;
07/07/2026 05:45;0,058;0,058;;
07/07/2026 06:00;0,093;0,093;;
07/07/2026 06:15;0,165;0,165;;
07/07/2026 06:30;0,09;0,09;;
07/07/2026 06:45;0,051;0,051;;
07/07/2026 07:00;0,118;0,118;;
07/07/2026 07:15;0,171;0,171;;
07/07/2026 07:30;0,064;0,064;;
07/07/2026 07:45;0,084;0,084;;
07/07/2026 08:00;0,126;0,126;;
07/07/2026 08:15;0,158;0,158;;
07/07/2026 08:30;0,205;0,205;;
07/07/2026 08:45;0,208;0,208;;
07/07/2026 09:00;0,157;0,157;;
07/07/2026 09:15;0,161;0,161;;
07/07/2026 09:30;0,251;0,251;;
07/07/2026 09:45;0,213;0,213;;
07/07/2026 10:00;0,197;0,197;;
07/07/2026 10:15;0,226;0,226;;
07/07/2026 10:30;0,236;0,236;;
07/07/2026 10:45;0,239;0,239;;
07/07/2026 11:00;0,284;0,284;;
07/07/2026 11:15;0,266;0,266;;
07/07/2026 11:30;0,191;0,191;;
07/07/2026 11:45;0,274;0,274;;
07/07/2026 12:00;0,301;0,301;;
07/07/2026 12:15;0,263;0,263;;
07/07/2026 12:30;0,278;0,278;;
07/07/2026 12:45;0,268;0,268;;
07/07/2026 13:00;0,281;0,281;;
07/07/2026 13:15;0,309;0,309;;
07/07/2026 13:30;0,273;0,273;;
07/07/2026 13:45;0,263;0,263;;
07/07/2026 14:00;0,34;0,34;;
07/07/2026 14:15;0,286;0,286;;
07/07/2026 14:30;0,225;0,225;;
07/07/2026 14:45;0,302;0,302;;
07/07/2026 15:00;0,279;0,279;;
07/07/2026 15:15;0,263;0,263;;
07/07/2026 15:30;0,257;0,257;;
07/07/2026 15:45;0,348;0,348;;
07/07/2026 16:00;0,317;0,317;;
07/07/2026 16:15;0,279;0,279;;
07/07/2026 16:30;0,277;0,277;;
07/07/2026 16:45;0,296;0,296;;
07/07/2026 17:00;0,356;0,356;;
07/07/2026 17:15;0,264;0,264;;
07/07/2026 17:30;0,243;0,243;;
07/07/2026 17:45;0,273;0,273;;
07/07/2026 18:00;0,295;0,295;;
07/07/2026 18:15;0,286;0,286;;
07/07/2026 18:30;0,296;0,296;;
07/07/2026 18:45;0,295;0,295;;
07/07/2026 19:00;0,21;0,21;;
07/07/2026 19:15;0,288;0,288;;
07/07/2026 19:30;0,281;0,281;;
07/07/2026 19:45;0,25;0,25;;
07/07/2026 20:00;0,195;0,195;;
07/07/2026 20:15;0,299;0,299;;
07/07/2026 20:30;0,266;0,266;;
07/07/2026 20:45;0,236;0,236;;
07/07/2026 21:00;1.585;1,585;;
07/07/2026 21:15;1.555;1,555;;
07/07/2026 21:30;1.156;1,156;;
07/07/2026 21:45;0,172;0,172;;
07/07/2026 22:00;0,211;0,211;;
07/07/2026 22:15;0,2;0,2;;
07/07/2026 22:30;0,104;0,104;;
07/07/2026 22:45;0,157;0,157;;
07/07/2026 23:00;0,124;0,124;;
07/07/2026 23:15;0,096;0,096;;
07/07/2026 23:30;0,131;0,131;;
07/07/2026 23:45;0,129;0,129;;
08/07/2026 00:00;0,129;0,129;;
08/07/2026 00:15;0,068;0,068;;
08/07/2026 00:30;0,115;0,115;;
08/07/2026 00:45;0,135;0,135;;
08/07/2026 01:00;0,131;0,131;;
08/07/2026 01:15;0,09;0,09;;
08/07/2026 01:30;0,115;0,115;;
08/07/2026 01:45;0,132;0,132;;
08/07/2026 02:00;0,055;0,055;;
08/07/2026 02:15;0,119;0,119;;
08/07/2026 02:30;0,122;0,122;;
08/07/2026 02:45;0,073;0,073;;
08/07/2026 03:00;0,072;0,072;;
08/07/2026 03:15;0,164;0,164;;
08/07/2026 03:30;0,124;0,124;;
08/07/2026 03:45;0,05;0,05;;
08/07/2026 04:00;0,121;0,121;;
08/07/2026 04:15;0,111;0,111;;
08/07/2026 04:30;0,104;0,104;;
08/07/2026 04:45;0,06;0,06;;
08/07/2026 05:00;0,087;0,087;;
08/07/2026 05:15;0,125;0,125;;
08/07/2026 05:30;0,101;0,101;;
08/07/2026 05:45;0,093;0,093;;
08/07/2026 06:00;0,097;0,097;;
08/07/2026 06:15;0,119;0,119;;
08/07/2026 06:30;0,068;0,068;;
08/07/2026 06:45;0,079;0,079;;
08/07/2026 07:00;0,155;0,155;;
08/07/2026 07:15;0,061;0,061;;
08/07/2026 07:30;0,079;0,079;;
08/07/2026 07:45;0,147;0,147;;
08/07/2026 08:00;0,181;0,181;;
08/07/2026 08:15;0,096;0,096;;
08/07/2026 08:30;0,098;0,098;;
08/07/2026 08:45;0,197;0,197;;
08/07/2026 09:00;0,103;0,103;;
08/07/2026 09:15;0,11;0,11;;
08/07/2026 09:30;0,216;0,216;;
08/07/2026 09:45;0,208;0,208;;
08/07/2026 10:00;0,184;0,184;;
08/07/2026 10:15;0,193;0,193;;
08/07/2026 10:30;0,252;0,252;;
08/07/2026 10:45;0,22;0,22;;
08/07/2026 11:00;0,255;0,255;;
08/07/2026 11:15;0,202;0,202;;
08/07/2026 11:30;0,26;0,26;;
08/07/2026 11:45;0,224;0,224;;
08/07/2026 12:00;0,206;0,206;;
08/07/2026 12:15;0,244;0,244;;
08/07/2026 12:30;0,285;0,285;;
08/07/2026 12:45;0,305;0,305;;
08/07/2026 13:00;0,246;0,246;;
08/07/2026 13:15;0,265;0,265;;
08/07/2026 13:30;0,301;0,301;;
08/07/2026 13:45;0,259;0,259;;
08/07/2026 14:00;0,243;0,243;;
08/07/2026 14:15;0,233;0,233;;
08/07/2026 14:30;0,29;0,29;;
08/07/2026 14:45;0,301;0,301;;
08/07/2026 15:00;0,295;0,295;;
08/07/2026 15:15;0,306;0,306;;
08/07/2026 15:30;0,325;0,325;;
08/07/2026 15:45;0,338;0,338;;
08/07/2026 16:00;0,307;0,307;;
08/07/2026 16:15;0,304;0,304;;
08/07/2026 16:30;0,345;0,345;;
08/07/2026 16:45;0,378;0,378;;
08/07/2026 17:00;0,319;0,319;;
08/07/2026 17:15;0,352;0,352;;
08/07/2026 17:30;0,239;0,239;;
08/07/2026 17:45;0,334;0,334;;
08/07/2026 18:00;0,276;0,276;;
08/07/2026 18:15;0,272;0,272;;
08/07/2026 18:30;0,294;0,294;;
08/07/2026 18:45;0,324;0,324;;
08/07/2026 19:00;0,355;0,355;;
08/07/2026 19:15;0,301;0,301;;
08/07/2026 19:30;0,317;0,317;;
08/07/2026 19:45;0,323;0,323;;
08/07/2026 20:00;0,309;0,309;;
08/07/2026 20:15;0,315;0,315;;
08/07/2026 20:30;0,314;0,314;;
08/07/2026 20:45;0,357;0,357;;
08/07/2026 21:00;1,6;1,6;;
08/07/2026 21:15;1.605;1,605;;
08/07/2026 21:30;1.164;1,164;;
08/07/2026 21:45;0,212;0,212;;
08/07/2026 22:00;0,188;0,188;;
08/07/2026 22:15;0,261;0,261;;
08/07/2026 22:30;0,227;0,227;;
08/07/2026 22:45;0,133;0,133;;
08/07/2026 23:00;0,056;0,056;;
08/07/2026 23:15;0,133;0,133;;
08/07/2026 23:30;0,223;0,223;;
08/07/2026 23:45;0,105;0,105;;
09/07/2026 00:00;0,062;0,062;;
09/07/2026 00:15;0,113;0,113;;
09/07/2026 00:30;0,163;0,163;;
09/07/2026 00:45;0,134;0,134;;
09/07/2026 01:00;0,053;0,053;;
09/07/2026 01:15;0,084;0,084;;
09/07/2026 01:30;0,159;0,159;;
09/07/2026 01:45;0,125;0,125;;
09/07/2026 02:00;0,067;0,067;;
09/07/2026 02:15;0,056;0,056;;
09/07/2026 02:30;0,101;0,101;;
09/07/2026 02:45;0,166;0,166;;
09/07/2026 03:00;0,108;0,108;;
09/07/2026 03:15;0,041;0,041;;
09/07/2026 03:30;0,045;0,045;;
09/07/2026 03:45;0,143;0,143;;
09/07/2026 04:00;0,155;0,155;;
09/07/2026 04:15;0,048;0,048;;
09/07/2026 04:30;0,047;0,047;;
09/07/2026 04:45;0,076;0,076;;
09/07/2026 05:00;0,168;0,168;;
09/07/2026 05:15;0,105;0,105;;
09/07/2026 05:30;0,05;0,05;;
09/07/2026 05:45;0,05;0,05;;
09/07/2026 06:00;0,124;0,124;;
09/07/2026 06:15;0,152;0,152;;
09/07/2026 06:30;0,067;0,067;;
09/07/2026 06:45;0,045;0,045;;
09/07/2026 07:00;0,079;0,079;;
09/07/2026 07:15;0,154;0,154;;
09/07/2026 07:30;0,111;0,111;;
09/07/2026 07:45;0,051;0,051;;
09/07/2026 08:00;0,052;0,052;;
09/07/2026 08:15;0,164;0,164;;
09/07/2026 08:30;0,231;0,231;;
09/07/2026 08:45;0,167;0,167;;
09/07/2026 09:00;0,134;0,134;;
09/07/2026 09:15;0,183;0,183;;
09/07/2026 09:30;0,25;0,25;;
09/07/2026 09:45;0,254;0,254;;
09/07/2026 10:00;0,232;0,232;;
09/07/2026 10:15;0,202;0,202;;
09/07/2026 10:30;0,215;0,215;;
09/07/2026 10:45;0,288;0,288;;
09/07/2026 11:00;0,299;0,299;;
09/07/2026 11:15;0,323;0,323;;
09/07/2026 11:30;0,279;0,279;;
09/07/2026 11:45;0,284;0,284;;
09/07/2026 12:00;0,3;0,3;;
09/07/2026 12:15;0,35;0,35;;
09/07/2026 12:30;0,306;0,306;;
09/07/2026 12:45;0,323;0,323;;
09/07/2026 13:00;0,308;0,308;;
09/07/2026 13:15;0,308;0,308;;
09/07/2026 13:30;0,291;0,291;;
09/07/2026 13:45;0,293;0,293;;
09/07/2026 14:00;0,282;0,282;;
09/07/2026 14:15;0,337;0,337;;
09/07/2026 14:30;0,283;0,283;;
09/07/2026 14:45;0,278;0,278;;
09/07/2026 15:00;0,347;0,347;;
09/07/2026 15:15;0,378;0,378;;
09/07/2026 15:30;0,363;0,363;;
09/07/2026 15:45;0,314;0,314;;
09/07/2026 16:00;0,301;0,301;;
09/07/2026 16:15;0,349;0,349;;
09/07/2026 16:30;0,382;0,382;;
09/07/2026 16:45;0,322;0,322;;
09/07/2026 17:00;0,297;0,297;;
09/07/2026 17:15;0,338;0,338;;
09/07/2026 17:30;0,314;0,314;;
09/07/2026 17:45;0,301;0,301;;
09/07/2026 18:00;0,291;0,291;;
09/07/2026 18:15;0,307;0,307;;
09/07/2026 18:30;0,29;0,29;;
09/07/2026 18:45;0,321;0,321;;
09/07/2026 19:00;0,304;0,304;;
09/07/2026 19:15;0,254;0,254;;
09/07/2026 19:30;0,33;0,33;;
09/07/2026 19:45;0,309;0,309;;
09/07/2026 20:00;0,251;0,251;;
09/07/2026 20:15;0,322;0,322;;
09/07/2026 20:30;0,326;0,326;;
09/07/2026 20:45;0,465;0,465;;
09/07/2026 21:00;1.605;1,605;;
09/07/2026 21:15;1.623;1,623;;
09/07/2026 21:30;1.111;1,111;;
09/07/2026 21:45;0,233;0,233;;
09/07/2026 22:00;0,264;0,264;;
09/07/2026 22:15;0,189;0,189;;
09/07/2026 22:30;0,212;0,212;;
09/07/2026 22:45;0,215;0,215;;
09/07/2026 23:00;0,139;0,139;;
09/07/2026 23:15;0,102;0,102;;
09/07/2026 23:30;0,136;0,136;;
09/07/2026 23:45;0,134;0,134;;
10/07/2026 00:00;0,104;0,104;;
10/07/2026 00:15;0,156;0,156;;
10/07/2026 00:30;0,091;0,091;;
10/07/2026 00:45;0,11;0,11;;
10/07/2026 01:00;0,183;0,183;;
10/07/2026 01:15;0,102;0,102;;
10/07/2026 01:30;0,083;0,083;;
10/07/2026 01:45;0,17;0,17;;
10/07/2026 02:00;0,081;0,081;;
10/07/2026 02:15;0,063;0,063;;
10/07/2026 02:30;0,154;0,154;;
10/07/2026 02:45;0,091;0,091;;
10/07/2026 03:00;0,064;0,064;;
10/07/2026 03:15;0,151;0,151;;
10/07/2026 03:30;0,093;0,093;;
10/07/2026 03:45;0,063;0,063;;
10/07/2026 04:00;0,098;0,098;;
10/07/2026 04:15;0,146;0,146;;
10/07/2026 04:30;0,113;0,113;;
10/07/2026 04:45;0,103;0,103;;
10/07/2026 05:00;0,089;0,089;;
10/07/2026 05:15;0,097;0,097;;
10/07/2026 05:30;0,112;0,112;;
10/07/2026 05:45;0,096;0,096;;
10/07/2026 06:00;0,097;0,097;;
10/07/2026 06:15;0,129;0,129;;
10/07/2026 06:30;0,101;0,101;;
10/07/2026 06:45;0,065;0,065;;
10/07/2026 07:00;0,119;0,119;;
10/07/2026 07:15;0,188;0,188;;
10/07/2026 07:30;0,216;0,216;;
10/07/2026 07:45;0,224;0,224;;
10/07/2026 08:00;0,278;0,278;;
10/07/2026 08:15;0,149;0,149;;
10/07/2026 08:30;0,276;0,276;;
10/07/2026 08:45;0,347;0,347;;
10/07/2026 09:00;0,288;0,288;;
10/07/2026 09:15;0,34;0,34;;
10/07/2026 09:30;0,296;0,296;;
10/07/2026 09:45;0,337;0,337;;
10/07/2026 10:00;0,299;0,299;;
10/07/2026 10:15;0,333;0,333;;
10/07/2026 10:30;0,349;0,349;;
10/07/2026 10:45;0,305;0,305;;
10/07/2026 11:00;0,281;0,281;;
10/07/2026 11:15;0,33;0,33;;
10/07/2026 11:30;0,381;0,381;;
10/07/2026 11:45;0,354;0,354;;
10/07/2026 12:00;0,345;0,345;;
10/07/2026 12:15;0,342;0,342;;
10/07/2026 12:30;0,349;0,349;;
10/07/2026 12:45;0,293;0,293;;
10/07/2026 13:00;0,261;0,261;;
10/07/2026 13:15;0,292;0,292;;
10/07/2026 13:30;0,343;0,343;;
10/07/2026 13:45;0,348;0,348;;
10/07/2026 14:00;0,251;0,251;;
10/07/2026 14:15;0,272;0,272;;
10/07/2026 14:30;0,344;0,344;;
10/07/2026 14:45;0,337;0,337;;
10/07/2026 15:00;0,294;0,294;;
10/07/2026 15:15;0,309;0,309;;
10/07/2026 15:30;0,273;0,273;;
10/07/2026 15:45;0,376;0,376;;
10/07/2026 16:00;0,384;0,384;;
10/07/2026 16:15;0,323;0,323;;
10/07/2026 16:30;0,275;0,275;;
10/07/2026 16:45;0,349;0,349;;
10/07/2026 17:00;0,338;0,338;;
10/07/2026 17:15;0,282;0,282;;
10/07/2026 17:30;0,282;0,282;;
10/07/2026 17:45;0,321;0,321;;
10/07/2026 18:00;0,338;0,338;;
10/07/2026 18:15;0,374;0,374;;
10/07/2026 18:30;0,32;0,32;;
10/07/2026 18:45;0,374;0,374;;
10/07/2026 19:00;0,329;0,329;;
10/07/2026 19:15;0,304;0,304;;
10/07/2026 19:30;0,297;0,297;;
10/07/2026 19:45;0,311;0,311;;
10/07/2026 20:00;0,336;0,336;;
10/07/2026 20:15;0,364;0,364;;
10/07/2026 20:30;0,449;0,449;;
10/07/2026 20:45;0,406;0,406;;
10/07/2026 21:00;0,623;0,623;;
10/07/2026 21:15;0,731;0,731;;
10/07/2026 21:30;0,553;0,553;;
10/07/2026 21:45;0,301;0,301;;
10/07/2026 22:00;0,275;0,275;;
10/07/2026 22:15;0,325;0,325;;
10/07/2026 22:30;0,329;0,329;;
10/07/2026 22:45;0,367;0,367;;
10/07/2026 23:00;0,312;0,312;;
10/07/2026 23:15;0,222;0,222;;
10/07/2026 23:30;0,203;0,203;;
10/07/2026 23:45;0,281;0,281;;
11/07/2026 00:00;0,092;0,092;;
11/07/2026 00:15;0,112;0,112;;
11/07/2026 00:30;0,225;0,225;;
11/07/2026 00:45;0,178;0,178;;
11/07/2026 01:00;0,109;0,109;;
11/07/2026 01:15;0,123;0,123;;
11/07/2026 01:30;0,136;0,136;;
11/07/2026 01:45;0,13;0,13;;
11/07/2026 02:00;0,13;0,13;;
11/07/2026 02:15;0,068;0,068;;
11/07/2026 02:30;0,105;0,105;;
11/07/2026 02:45;0,195;0,195;;
11/07/2026 03:00;0,14;0,14;;
11/07/2026 03:15;0,071;0,071;;
11/07/2026 03:30;0,107;0,107;;
11/07/2026 03:45;0,105;0,105;;
11/07/2026 04:00;0,08;0,08;;
11/07/2026 04:15;0,092;0,092;;
11/07/2026 04:30;0,088;0,088;;
11/07/2026 04:45;0,101;0,101;;
11/07/2026 05:00;0,09;0,09;;
11/07/2026 05:15;0,064;0,064;;
11/07/2026 05:30;0,124;0,124;;
11/07/2026 05:45;0,119;0,119;;
11/07/2026 06:00;0,05;0,05;;
11/07/2026 06:15;0,087;0,087;;
11/07/2026 06:30;0,16;0,16;;
11/07/2026 06:45;0,111;0,111;;
11/07/2026 07:00;0,116;0,116;;
11/07/2026 07:15;0,197;0,197;;
11/07/2026 07:30;0,068;0,068;;
11/07/2026 07:45;0,069;0,069;;
11/07/2026 08:00;0,189;0,189;;
11/07/2026 08:15;0,195;0,195;;
11/07/2026 08:30;0,132;0,132;;
11/07/2026 08:45;0,183;0,183;;
11/07/2026 09:00;0,227;0,227;;
11/07/2026 09:15;0,154;0,154;;
11/07/2026 09:30;0,205;0,205;;
11/07/2026 09:45;0,285;0,285;;
11/07/2026 10:00;0,242;0,242;;
11/07/2026 10:15;0,24;0,24;;
11/07/2026 10:30;0,264;0,264;;
11/07/2026 10:45;0,32;0,32;;
11/07/2026 11:00;0,237;0,237;;
11/07/2026 11:15;0,279;0,279;;
11/07/2026 11:30;0,34;0,34;;
11/07/2026 11:45;0,277;0,277;;
11/07/2026 12:00;0,333;0,333;;
11/07/2026 12:15;0,319;0,319;;
11/07/2026 12:30;0,307;0,307;;
11/07/2026 12:45;0,322;0,322;;
11/07/2026 13:00;0,271;0,271;;
11/07/2026 13:15;0,303;0,303;;
11/07/2026 13:30;0,353;0,353;;
11/07/2026 13:45;0,232;0,232;;
11/07/2026 14:00;0,329;0,329;;
11/07/2026 14:15;0,326;0,326;;
11/07/2026 14:30;0,25;0,25;;
11/07/2026 14:45;0,29;0,29;;
11/07/2026 15:00;0,357;0,357;;
11/07/2026 15:15;0,274;0,274;;
11/07/2026 15:30;0,261;0,261;;
11/07/2026 15:45;0,312;0,312;;
11/07/2026 16:00;0,313;0,313;;
11/07/2026 16:15;0,338;0,338;;
11/07/2026 16:30;0,366;0,366;;
11/07/2026 16:45;0,276;0,276;;
11/07/2026 17:00;0,295;0,295;;
11/07/2026 17:15;0,357;0,357;;
11/07/2026 17:30;0,297;0,297;;
11/07/2026 17:45;0,275;0,275;;
11/07/2026 18:00;0,349;0,349;;
11/07/2026 18:15;0,29;0,29;;
11/07/2026 18:30;0,301;0,301;;
11/07/2026 18:45;0,346;0,346;;
11/07/2026 19:00;0,271;0,271;;
11/07/2026 19:15;0,274;0,274;;
11/07/2026 19:30;0,311;0,311;;
11/07/2026 19:45;0,312;0,312;;
11/07/2026 20:00;0,267;0,267;;
11/07/2026 20:15;0,261;0,261;;
11/07/2026 20:30;0,329;0,329;;
11/07/2026 20:45;0,276;0,276;;
11/07/2026 21:00;0,276;0,276;;
11/07/2026 21:15;0,226;0,226;;
11/07/2026 21:30;0,247;0,247;;
11/07/2026 21:45;0,171;0,171;;
11/07/2026 22:00;0,237;0,237;;
11/07/2026 22:15;0,236;0,236;;
11/07/2026 22:30;0,161;0,161;;
11/07/2026 22:45;0,185;0,185;;
11/07/2026 23:00;0,209;0,209;;
11/07/2026 23:15;0,145;0,145;;
11/07/2026 23:30;0,095;0,095;;
11/07/2026 23:45;0,114;0,114;;
12/07/2026 00:00;0,191;0,191;;
12/07/2026 00:15;0,12;0,12;;
12/07/2026 00:30;0,082;0,082;;
12/07/2026 00:45;0,08;0,08;;
12/07/2026 01:00;0,246;0,246;;
12/07/2026 01:15;0,147;0,147;;
12/07/2026 01:30;0,054;0,054;;
12/07/2026 01:45;0,107;0,107;;
12/07/2026 02:00;0,209;0,209;;
12/07/2026 02:15;0,079;0,079;;
12/07/2026 02:30;0,081;0,081;;
12/07/2026 02:45;0,203;0,203;;
12/07/2026 03:00;0,098;0,098;;
12/07/2026 03:15;0,064;0,064;;
12/07/2026 03:30;0,112;0,112;;
12/07/2026 03:45;0,137;0,137;;
12/07/2026 04:00;0,062;0,062;;
12/07/2026 04:15;0,109;0,109;;
12/07/2026 04:30;0,108;0,108;;
12/07/2026 04:45;0,096;0,096;;
12/07/2026 05:00;0,103;0,103;;
12/07/2026 05:15;0,092;0,092;;
12/07/2026 05:30;0,139;0,139;;
12/07/2026 05:45;0,117;0,117;;
12/07/2026 06:00;0,055;0,055;;
12/07/2026 06:15;0,096;0,096;;
12/07/2026 06:30;0,154;0,154;;
12/07/2026 06:45;0,054;0,054;;
12/07/2026 07:00;0,086;0,086;;
12/07/2026 07:15;0,193;0,193;;
12/07/2026 07:30;0,072;0,072;;
12/07/2026 07:45;0,042;0,042;;
12/07/2026 08:00;0,167;0,167;;
12/07/2026 08:15;0,209;0,209;;
12/07/2026 08:30;0,135;0,135;;
12/07/2026 08:45;0,188;0,188;;
12/07/2026 09:00;0,223;0,223;;
12/07/2026 09:15;0,178;0,178;;
12/07/2026 09:30;0,204;0,204;;
12/07/2026 09:45;0,282;0,282;;
12/07/2026 10:00;0,304;0,304;;
12/07/2026 10:15;0,318;0,318;;
12/07/2026 10:30;0,337;0,337;;
12/07/2026 10:45;0,365;0,365;;
12/07/2026 11:00;0,355;0,355;;
12/07/2026 11:15;0,37;0,37;;
12/07/2026 11:30;0,325;0,325;;
12/07/2026 11:45;0,327;0,327;;
12/07/2026 12:00;0,36;0,36;;
12/07/2026 12:15;0,351;0,351;;
12/07/2026 12:30;0,387;0,387;;
12/07/2026 12:45;0,391;0,391;;
12/07/2026 13:00;0,38;0,38;;
12/07/2026 13:15;0,371;0,371;;
12/07/2026 13:30;0,384;0,384;;
12/07/2026 13:45;0,34;0,34;;
12/07/2026 14:00;0,268;0,268;;
12/07/2026 14:15;0,383;0,383;;
12/07/2026 14:30;0,392;0,392;;
12/07/2026 14:45;0,394;0,394;;
12/07/2026 15:00;0,392;0,392;;
12/07/2026 15:15;0,374;0,374;;
12/07/2026 15:30;0,381;0,381;;
12/07/2026 15:45;0,39;0,39;;
12/07/2026 16:00;0,367;0,367;;
12/07/2026 16:15;0,337;0,337;;
12/07/2026 16:30;0,341;0,341;;
12/07/2026 16:45;0,381;0,381;;
12/07/2026 17:00;0,396;0,396;;
12/07/2026 17:15;0,381;0,381;;
12/07/2026 17:30;0,301;0,301;;
12/07/2026 17:45;0,342;0,342;;
12/07/2026 18:00;0,385;0,385;;
12/07/2026 18:15;0,329;0,329;;
12/07/2026 18:30;0,254;0,254;;
12/07/2026 18:45;0,327;0,327;;
12/07/2026 19:00;0,37;0,37;;
12/07/2026 19:15;0,348;0,348;;
12/07/2026 19:30;0,32;0,32;;
12/07/2026 19:45;0,292;0,292;;
12/07/2026 20:00;0,327;0,327;;
12/07/2026 20:15;0,325;0,325;;
12/07/2026 20:30;0,234;0,234;;
12/07/2026 20:45;0,297;0,297;;
12/07/2026 21:00;0,583;0,583;;
12/07/2026 21:15;0,598;0,598;;
12/07/2026 21:30;0,441;0,441;;
12/07/2026 21:45;0,202;0,202;;
12/07/2026 22:00;0,182;0,182;;
12/07/2026 22:15;0,177;0,177;;
12/07/2026 22:30;0,192;0,192;;
12/07/2026 22:45;0,149;0,149;;
12/07/2026 23:00;0,135;0,135;;
12/07/2026 23:15;0,187;0,187;;
12/07/2026 23:30;0,165;0,165;;
12/07/2026 23:45;0,11;0,11;;
13/07/2026 00:00;0,099;0,099;;
13/07/2026 00:15;0,167;0,167;;
13/07/2026 00:30;0,078;0,078;;
13/07/2026 00:45;0,096;0,096;;
13/07/2026 01:00;0,145;0,145;;
13/07/2026 01:15;0,13;0,13;;
13/07/2026 01:30;0,063;0,063;;
13/07/2026 01:45;0,062;0,062;;
13/07/2026 02:00;0,147;0,147;;
13/07/2026 02:15;0,17;0,17;;
13/07/2026 02:30;0,055;0,055;;
13/07/2026 02:45;0,051;0,051;;
13/07/2026 03:00;0,098;0,098;;
13/07/2026 03:15;0,105;0,105;;
13/07/2026 03:30;0,074;0,074;;
13/07/2026 03:45;0,11;0,11;;
13/07/2026 04:00;0,114;0,114;;
13/07/2026 04:15;0,144;0,144;;
13/07/2026 04:30;0,097;0,097;;
13/07/2026 04:45;0,048;0,048;;
13/07/2026 05:00;0,108;0,108;;
13/07/2026 05:15;0,089;0,089;;
13/07/2026 05:30;0,095;0,095;;
13/07/2026 05:45;0,07;0,07;;
13/07/2026 06:00;0,087;0,087;;
13/07/2026 06:15;0,111;0,111;;
13/07/2026 06:30;0,07;0,07;;
13/07/2026 06:45;0,094;0,094;;
13/07/2026 07:00;0,088;0,088;;
13/07/2026 07:15;0,105;0,105;;
13/07/2026 07:30;0,071;0,071;;
13/07/2026 07:45;0,093;0,093;;
13/07/2026 08:00;0,174;0,174;;
13/07/2026 08:15;0,145;0,145;;
13/07/2026 08:30;0,145;0,145;;
13/07/2026 08:45;0,149;0,149;;
13/07/2026 09:00;0,176;0,176;;
13/07/2026 09:15;0,242;0,242;;
13/07/2026 09:30;0,241;0,241;;
13/07/2026 09:45;0,185;0,185;;
13/07/2026 10:00;0,172;0,172;;
13/07/2026 10:15;0,245;0,245;;
13/07/2026 10:30;0,28;0,28;;
13/07/2026 10:45;0,283;0,283;;
13/07/2026 11:00;0,241;0,241;;
13/07/2026 11:15;0,3;0,3;;
13/07/2026 11:30;0,276;0,276;;
13/07/2026 11:45;0,311;0,311;;
13/07/2026 12:00;0,286;0,286;;
13/07/2026 12:15;0,222;0,222;;
13/07/2026 12:30;0,301;0,301;;
13/07/2026 12:45;0,348;0,348;;
13/07/2026 13:00;0,318;0,318;;
13/07/2026 13:15;0,302;0,302;;
13/07/2026 13:30;0,285;0,285;;
13/07/2026 13:45;0,297;0,297;;
13/07/2026 14:00;0,314;0,314;;
13/07/2026 14:15;0,291;0,291;;
13/07/2026 14:30;0,286;0,286;;
13/07/2026 14:45;0,332;0,332;;
13/07/2026 15:00;0,288;0,288;;
13/07/2026 15:15;0,259;0,259;;
13/07/2026 15:30;0,26;0,26;;
13/07/2026 15:45;0,341;0,341;;
13/07/2026 16:00;0,365;0,365;;
13/07/2026 16:15;0,318;0,318;;
13/07/2026 16:30;0,24;0,24;;
13/07/2026 16:45;0,238;0,238;;
13/07/2026 17:00;0,329;0,329;;
13/07/2026 17:15;0,356;0,356;;
13/07/2026 17:30;0,318;0,318;;
13/07/2026 17:45;0,303;0,303;;
13/07/2026 18:00;0,247;0,247;;
13/07/2026 18:15;0,31;0,31;;
13/07/2026 18:30;0,356;0,356;;
13/07/2026 18:45;0,298;0,298;;
13/07/2026 19:00;0,237;0,237;;
13/07/2026 19:15;0,297;0,297;;
13/07/2026 19:30;0,316;0,316;;
13/07/2026 19:45;0,223;0,223;;
13/07/2026 20:00;0,208;0,208;;
13/07/2026 20:15;0,238;0,238;;
13/07/2026 20:30;0,297;0,297;;
13/07/2026 20:45;0,688;0,688;;
13/07/2026 21:00;1.504;1,504;;
13/07/2026 21:15;1.475;1,475;;
13/07/2026 21:30;1.146;1,146;;
13/07/2026 21:45;0,272;0,272;;
13/07/2026 22:00;0,167;0,167;;
13/07/2026 22:15;0,067;0,067;;
13/07/2026 22:30;0,103;0,103;;
13/07/2026 22:45;0,218;0,218;;
13/07/2026 23:00;0,118;0,118;;
13/07/2026 23:15;0,158;0,158;;
13/07/2026 23:30;0,102;0,102;;
13/07/2026 23:45;0,1;0,1;;
14/07/2026 00:00;0,13;0,13;;
14/07/2026 00:15;0,144;0,144;;
14/07/2026 00:30;0,103;0,103;;
14/07/2026 00:45;0,085;0,085;;
14/07/2026 01:00;0,081;0,081;;
14/07/2026 01:15;0,198;0,198;;
14/07/2026 01:30;0,105;0,105;;
14/07/2026 01:45;0,058;0,058;;
14/07/2026 02:00;0,111;0,111;;
14/07/2026 02:15;0,173;0,173;;
14/07/2026 02:30;0,166;0,166;;
14/07/2026 02:45;0,035;0,035;;
14/07/2026 03:00;0,083;0,083;;
14/07/2026 03:15;0,121;0,121;;
14/07/2026 03:30;0,135;0,135;;
14/07/2026 03:45;0,126;0,126;;
14/07/2026 04:00;0,098;0,098;;
14/07/2026 04:15;0,108;0,108;;
14/07/2026 04:30;0,077;0,077;;
14/07/2026 04:45;0,112;0,112;;
14/07/2026 05:00;0,139;0,139;;
14/07/2026 05:15;0,081;0,081;;
14/07/2026 05:30;0,062;0,062;;
14/07/2026 05:45;0,117;0,117;;
14/07/2026 06:00;0,108;0,108;;
14/07/2026 06:15;0,078;0,078;;
14/07/2026 06:30;0,108;0,108;;
14/07/2026 06:45;0,116;0,116;;
14/07/2026 07:00;0,125;0,125;;
14/07/2026 07:15;0,089;0,089;;
14/07/2026 07:30;0,105;0,105;;
14/07/2026 07:45;0,111;0,111;;
14/07/2026 08:00;0,118;0,118;;
14/07/2026 08:15;0,16;0,16;;
14/07/2026 08:30;0,242;0,242;;
14/07/2026 08:45;0,19;0,19;;
14/07/2026 09:00;0,131;0,131;;
14/07/2026 09:15;0,222;0,222;;
14/07/2026 09:30;0,265;0,265;;
14/07/2026 09:45;0,282;0,282;;
14/07/2026 10:00;0,275;0,275;;
14/07/2026 10:15;0,239;0,239;;
14/07/2026 10:30;0,258;0,258;;
14/07/2026 10:45;0,283;0,283;;
14/07/2026 11:00;0,324;0,324;;
14/07/2026 11:15;0,346;0,346;;
14/07/2026 11:30;0,305;0,305;;
14/07/2026 11:45;0,302;0,302;;
14/07/2026 12:00;0,346;0,346;;
14/07/2026 12:15;0,356;0,356;;
14/07/2026 12:30;0,332;0,332;;
14/07/2026 12:45;0,35;0,35;;
14/07/2026 13:00;0,374;0,374;;
14/07/2026 13:15;0,341;0,341;;
14/07/2026 13:30;0,308;0,308;;
14/07/2026 13:45;0,387;0,387;;
14/07/2026 14:00;0,413;0,413;;
14/07/2026 14:15;0,321;0,321;;
14/07/2026 14:30;0,316;0,316;;
14/07/2026 14:45;0,329;0,329;;
14/07/2026 15:00;0,319;0,319;;
14/07/2026 15:15;0,352;0,352;;
14/07/2026 15:30;0,386;0,386;;
14/07/2026 15:45;0,31;0,31;;
14/07/2026 16:00;0,316;0,316;;
14/07/2026 16:15;0,396;0,396;;
14/07/2026 16:30;0,38;0,38;;
14/07/2026 16:45;0,327;0,327;;
14/07/2026 17:00;0,31;0,31;;
14/07/2026 17:15;0,353;0,353;;
14/07/2026 17:30;0,389;0,389;;
14/07/2026 17:45;0,384;0,384;;
14/07/2026 18:00;0,338;0,338;;
14/07/2026 18:15;0,31;0,31;;
14/07/2026 18:30;0,379;0,379;;
14/07/2026 18:45;0,364;0,364;;
14/07/2026 19:00;0,395;0,395;;
14/07/2026 19:15;0,326;0,326;;
14/07/2026 19:30;0,254;0,254;;
14/07/2026 19:45;0,355;0,355;;
14/07/2026 20:00;0,382;0,382;;
14/07/2026 20:15;0,358;0,358;;
14/07/2026 20:30;0,291;0,291;;
14/07/2026 20:45;0,893;0,893;;
14/07/2026 21:00;1.673;1,673;;
14/07/2026 21:15;1.555;1,555;;
14/07/2026 21:30;1,36;1,36;;
14/07/2026 21:45;0,954;0,954;;
14/07/2026 22:00;0,897;0,897;;
14/07/2026 22:15;0,925;0,925;;
14/07/2026 22:30;0,902;0,902;;
14/07/2026 22:45;0,834;0,834;;
14/07/2026 23:00;0,792;0,792;;
14/07/2026 23:15;0,525;0,525;;
14/07/2026 23:30;0,467;0,467;;
14/07/2026 23:45;0,508;0,508;;
15/07/2026 00:00;0,514;0,514;;
15/07/2026 00:15;0,521;0,521;;
15/07/2026 00:30;0,564;0,564;;
15/07/2026 00:45;0,246;0,246;;
15/07/2026 01:00;0,075;0,075;;
15/07/2026 01:15;0,143;0,143;;
15/07/2026 01:30;0,193;0,193;;
15/07/2026 01:45;0,043;0,043;;
15/07/2026 02:00;0,08;0,08;;
15/07/2026 02:15;0,172;0,172;;
15/07/2026 02:30;0,077;0,077;;
15/07/2026 02:45;0,101;0,101;;
15/07/2026 03:00;0,201;0,201;;
15/07/2026 03:15;0,077;0,077;;
15/07/2026 03:30;0,05;0,05;;
15/07/2026 03:45;0,126;0,126;;
15/07/2026 04:00;0,176;0,176;;
15/07/2026 04:15;0,052;0,052;;
15/07/2026 04:30;0,058;0,058;;
15/07/2026 04:45;0,114;0,114;;
15/07/2026 05:00;0,128;0,128;;
15/07/2026 05:15;0,103;0,103;;
15/07/2026 05:30;0,083;0,083;;
15/07/2026 05:45;0,142;0,142;;
15/07/2026 06:00;0,075;0,075;;
15/07/2026 06:15;0,129;0,129;;
15/07/2026 06:30;0,094;0,094;;
15/07/2026 06:45;0,124;0,124;;
15/07/2026 07:00;0,064;0,064;;
15/07/2026 07:15;0,086;0,086;;
15/07/2026 07:30;0,185;0,185;;
15/07/2026 07:45;0,148;0,148;;
15/07/2026 08:00;0,046;0,046;;
15/07/2026 08:15;0,067;0,067;;
15/07/2026 08:30;0,236;0,236;;
15/07/2026 08:45;0,17;0,17;;
15/07/2026 09:00;0,139;0,139;;
15/07/2026 09:15;0,185;0,185;;
15/07/2026 09:30;0,174;0,174;;
15/07/2026 09:45;0,199;0,199;;
15/07/2026 10:00;0,251;0,251;;
15/07/2026 10:15;0,285;0,285;;
15/07/2026 10:30;0,297;0,297;;
15/07/2026 10:45;0,282;0,282;;
15/07/2026 11:00;0,205;0,205;;
15/07/2026 11:15;0,304;0,304;;
15/07/2026 11:30;0,326;0,326;;
15/07/2026 11:45;0,268;0,268;;
15/07/2026 12:00;0,278;0,278;;
15/07/2026 12:15;0,326;0,326;;
15/07/2026 12:30;0,333;0,333;;
15/07/2026 12:45;0,324;0,324;;
15/07/2026 13:00;0,247;0,247;;
15/07/2026 13:15;0,289;0,289;;
15/07/2026 13:30;0,327;0,327;;
15/07/2026 13:45;0,317;0,317;;
15/07/2026 14:00;0,34;0,34;;
15/07/2026 14:15;0,328;0,328;;
15/07/2026 14:30;0,322;0,322;;
15/07/2026 14:45;0,362;0,362;;
15/07/2026 15:00;0,29;0,29;;
15/07/2026 15:15;0,265;0,265;;
15/07/2026 15:30;0,365;0,365;;
15/07/2026 15:45;0,287;0,287;;
15/07/2026 16:00;0,249;0,249;;
15/07/2026 16:15;0,342;0,342;;
15/07/2026 16:30;0,304;0,304;;
15/07/2026 16:45;0,327;0,327;;
15/07/2026 17:00;0,349;0,349;;
15/07/2026 17:15;0,278;0,278;;
15/07/2026 17:30;0,269;0,269;;
15/07/2026 17:45;0,301;0,301;;
15/07/2026 18:00;0,274;0,274;;
15/07/2026 18:15;0,336;0,336;;
15/07/2026 18:30;0,341;0,341;;
15/07/2026 18:45;0,297;0,297;;
15/07/2026 19:00;0,3;0,3;;
15/07/2026 19:15;0,321;0,321;;
15/07/2026 19:30;0,265;0,265;;
15/07/2026 19:45;0,276;0,276;;
15/07/2026 20:00;0,35;0,35;;
15/07/2026 20:15;0,285;0,285;;
15/07/2026 20:30;0,246;0,246;;
15/07/2026 20:45;0,917;0,917;;
15/07/2026 21:00;1.589;1,589;;
15/07/2026 21:15;1.524;1,524;;
15/07/2026 21:30;1.287;1,287;;
15/07/2026 21:45;0,569;0,569;;
15/07/2026 22:00;0,528;0,528;;
15/07/2026 22:15;0,528;0,528;;
15/07/2026 22:30;0,527;0,527;;
15/07/2026 22:45;0,518;0,518;;
15/07/2026 23:00;0,397;0,397;;
15/07/2026 23:15;0,1;0,1;;
15/07/2026 23:30;0,209;0,209;;
15/07/2026 23:45;0,203;0,203;;
16/07/2026 00:00;0,07;0,07;;
16/07/2026 00:15;0,125;0,125;;
16/07/2026 00:30;0,118;0,118;;
16/07/2026 00:45;0,066;0,066;;
16/07/2026 01:00;0,118;0,118;;
16/07/2026 01:15;0,177;0,177;;
16/07/2026 01:30;0,068;0,068;;
16/07/2026 01:45;0,109;0,109;;
16/07/2026 02:00;0,187;0,187;;
16/07/2026 02:15;0,067;0,067;;
16/07/2026 02:30;0,049;0,049;;
16/07/2026 02:45;0,094;0,094;;
16/07/2026 03:00;0,132;0,132;;
16/07/2026 03:15;0,105;0,105;;
16/07/2026 03:30;0,121;0,121;;
16/07/2026 03:45;0,091;0,091;;
16/07/2026 04:00;0,081;0,081;;
16/07/2026 04:15;0,14;0,14;;
16/07/2026 04:30;0,085;0,085;;
16/07/2026 04:45;0,065;0,065;;
16/07/2026 05:00;0,16;0,16;;
16/07/2026 05:15;0,13;0,13;;
16/07/2026 05:30;0,062;0,062;;
16/07/2026 05:45;0,092;0,092;;
16/07/2026 06:00;0,136;0,136;;
16/07/2026 06:15;0,071;0,071;;
16/07/2026 06:30;0,079;0,079;;
16/07/2026 06:45;0,157;0,157;;
16/07/2026 07:00;0,058;0,058;;
16/07/2026 07:15;0,056;0,056;;
16/07/2026 07:30;0,145;0,145;;
16/07/2026 07:45;0,138;0,138;;
16/07/2026 08:00;0,045;0,045;;
16/07/2026 08:15;0,142;0,142;;
16/07/2026 08:30;0,237;0,237;;
16/07/2026 08:45;0,15;0,15;;
16/07/2026 09:00;0,179;0,179;;
16/07/2026 09:15;0,21;0,21;;
16/07/2026 09:30;0,18;0,18;;
16/07/2026 09:45;0,216;0,216;;
16/07/2026 10:00;0,277;0,277;;
16/07/2026 10:15;0,294;0,294;;
16/07/2026 10:30;0,217;0,217;;
16/07/2026 10:45;0,225;0,225;;
16/07/2026 11:00;0,287;0,287;;
16/07/2026 11:15;0,318;0,318;;
16/07/2026 11:30;0,295;0,295;;
16/07/2026 11:45;0,295;0,295;;
16/07/2026 12:00;0,353;0,353;;
16/07/2026 12:15;0,339;0,339;;
16/07/2026 12:30;0,298;0,298;;
16/07/2026 12:45;0,377;0,377;;
16/07/2026 13:00;0,35;0,35;;
16/07/2026 13:15;0,252;0,252;;
16/07/2026 13:30;0,305;0,305;;
16/07/2026 13:45;0,359;0,359;;
16/07/2026 14:00;0,293;0,293;;
16/07/2026 14:15;0,275;0,275;;
16/07/2026 14:30;0,379;0,379;;
16/07/2026 14:45;0,377;0,377;;
16/07/2026 15:00;0,388;0,388;;
16/07/2026 15:15;0,358;0,358;;
16/07/2026 15:30;0,362;0,362;;
16/07/2026 15:45;0,329;0,329;;
16/07/2026 16:00;0,319;0,319;;
16/07/2026 16:15;0,308;0,308;;
16/07/2026 16:30;0,368;0,368;;
16/07/2026 16:45;0,387;0,387;;
16/07/2026 17:00;0,378;0,378;;
16/07/2026 17:15;0,378;0,378;;
16/07/2026 17:30;0,371;0,371;;
16/07/2026 17:45;0,374;0,374;;
16/07/2026 18:00;0,331;0,331;;
16/07/2026 18:15;0,353;0,353;;
16/07/2026 18:30;0,377;0,377;;
16/07/2026 18:45;0,385;0,385;;
16/07/2026 19:00;0,367;0,367;;
16/07/2026 19:15;0,376;0,376;;
16/07/2026 19:30;0,36;0,36;;
16/07/2026 19:45;0,378;0,378;;
16/07/2026 20:00;0,363;0,363;;
16/07/2026 20:15;0,295;0,295;;
16/07/2026 20:30;0,23;0,23;;
16/07/2026 20:45;0,824;0,824;;
16/07/2026 21:00;1.322;1,322;;
16/07/2026 21:15;1.262;1,262;;
16/07/2026 21:30;1.144;1,144;;
16/07/2026 21:45;0,971;0,971;;
16/07/2026 22:00;0,965;0,965;;
16/07/2026 22:15;0,893;0,893;;
16/07/2026 22:30;0,901;0,901;;
16/07/2026 22:45;0,855;0,855;;
16/07/2026 23:00;0,713;0,713;;
16/07/2026 23:15;0,583;0,583;;
16/07/2026 23:30;0,507;0,507;;
16/07/2026 23:45;0,406;0,406;;
17/07/2026 00:00;0,493;0,493;;
17/07/2026 00:15;0,413;0,413;;
17/07/2026 00:30;0,058;0,058;;
17/07/2026 00:45;0,108;0,108;;
17/07/2026 01:00;0,076;0,076;;
17/07/2026 01:15;0,132;0,132;;
17/07/2026 01:30;0,164;0,164;;
17/07/2026 01:45;0,153;0,153;;
17/07/2026 02:00;0,055;0,055;;
17/07/2026 02:15;0,079;0,079;;
17/07/2026 02:30;0,17;0,17;;
17/07/2026 02:45;0,088;0,088;;
17/07/2026 03:00;0,071;0,071;;
17/07/2026 03:15;0,113;0,113;;
17/07/2026 03:30;0,077;0,077;;
17/07/2026 03:45;0,127;0,127;;
17/07/2026 04:00;0,141;0,141;;
17/07/2026 04:15;0,06;0,06;;
17/07/2026 04:30;0,047;0,047;;
17/07/2026 04:45;0,143;0,143;;
17/07/2026 05:00;0,123;0,123;;
17/07/2026 05:15;0,05;0,05;;
17/07/2026 05:30;0,056;0,056;;
17/07/2026 05:45;0,088;0,088;;
17/07/2026 06:00;0,161;0,161;;
17/07/2026 06:15;0,128;0,128;;
17/07/2026 06:30;0,045;0,045;;
17/07/2026 06:45;0,089;0,089;;
17/07/2026 07:00;0,11;0,11;;
17/07/2026 07:15;0,101;0,101;;
17/07/2026 07:30;0,09;0,09;;
17/07/2026 07:45;0,101;0,101;;
17/07/2026 08:00;0,057;0,057;;
17/07/2026 08:15;0,107;0,107;;
17/07/2026 08:30;0,167;0,167;;
17/07/2026 08:45;0,102;0,102;;
17/07/2026 09:00;0,033;0,033;;
17/07/2026 09:15;0,11;0,11;;
17/07/2026 09:30;0,24;0,24;;
17/07/2026 09:45;0,225;0,225;;
17/07/2026 10:00;0,233;0,233;;
17/07/2026 10:15;0,202;0,202;;
17/07/2026 10:30;0,264;0,264;;
17/07/2026 10:45;0,264;0,264;;
17/07/2026 11:00;0,343;0,343;;
17/07/2026 11:15;0,182;0,182;;
17/07/2026 11:30;0,339;0,339;;
17/07/2026 11:45;0,288;0,288;;
17/07/2026 12:00;0,199;0,199;;
17/07/2026 12:15;0,183;0,183;;
17/07/2026 12:30;0,14;0,14;;
17/07/2026 12:45;0,126;0,126;;
17/07/2026 13:00;0,176;0,176;;
17/07/2026 13:15;0,182;0,182;;
17/07/2026 13:30;0,182;0,182;;
17/07/2026 13:45;0,175;0,175;;
17/07/2026 14:00;0,179;0,179;;
17/07/2026 14:15;0,141;0,141;;
17/07/2026 14:30;0,124;0,124;;
17/07/2026 14:45;0,174;0,174;;
17/07/2026 15:00;0,128;0,128;;
17/07/2026 15:15;0,184;0,184;;
17/07/2026 15:30;0,177;0,177;;
17/07/2026 15:45;0,183;0,183;;
17/07/2026 16:00;0,18;0,18;;
17/07/2026 16:15;0,188;0,188;;
17/07/2026 16:30;0,191;0,191;;
17/07/2026 16:45;0,188;0,188;;
17/07/2026 17:00;0,189;0,189;;
17/07/2026 17:15;0,14;0,14;;
17/07/2026 17:30;0,158;0,158;;
17/07/2026 17:45;0,186;0,186;;
17/07/2026 18:00;0,196;0,196;;
17/07/2026 18:15;0,203;0,203;;
17/07/2026 18:30;0,198;0,198;;
17/07/2026 18:45;0,139;0,139;;
17/07/2026 19:00;0,231;0,231;;
17/07/2026 19:15;0,373;0,373;;
17/07/2026 19:30;0,316;0,316;;
17/07/2026 19:45;0,3;0,3;;
17/07/2026 20:00;0,344;0,344;;
17/07/2026 20:15;0,346;0,346;;
17/07/2026 20:30;0,321;0,321;;
17/07/2026 20:45;0,673;0,673;;
17/07/2026 21:00;0,888;0,888;;
17/07/2026 21:15;1.042;1,042;;
17/07/2026 21:30;1.067;1,067;;
17/07/2026 21:45;0,571;0,571;;
17/07/2026 22:00;0,563;0,563;;
17/07/2026 22:15;0,596;0,596;;
17/07/2026 22:30;0,567;0,567;;
17/07/2026 22:45;0,52;0,52;;
17/07/2026 23:00;0,411;0,411;;
17/07/2026 23:15;0,092;0,092;;
17/07/2026 23:30;0,095;0,095;;
17/07/2026 23:45;0,11;0,11;;
18/07/2026 00:00;0,121;0,121;;
18/07/2026 00:15;0,128;0,128;;
18/07/2026 00:30;0,141;0,141;;
18/07/2026 00:45;0,228;0,228;;
18/07/2026 01:00;0,107;0,107;;
18/07/2026 01:15;0,055;0,055;;
18/07/2026 01:30;0,116;0,116;;
18/07/2026 01:45;0,163;0,163;;
18/07/2026 02:00;0,12;0,12;;
18/07/2026 02:15;0,047;0,047;;
18/07/2026 02:30;0,115;0,115;;
18/07/2026 02:45;0,126;0,126;;
18/07/2026 03:00;0,105;0,105;;
18/07/2026 03:15;0,139;0,139;;
18/07/2026 03:30;0,108;0,108;;
18/07/2026 03:45;0,056;0,056;;
18/07/2026 04:00;0,115;0,115;;
18/07/2026 04:15;0,15;0,15;;
18/07/2026 04:30;0,089;0,089;;
18/07/2026 04:45;0,046;0,046;;
18/07/2026 05:00;0,094;0,094;;
18/07/2026 05:15;0,162;0,162;;
18/07/2026 05:30;0,143;0,143;;
18/07/2026 05:45;0,056;0,056;;
18/07/2026 06:00;0,098;0,098;;
18/07/2026 06:15;0,109;0,109;;
18/07/2026 06:30;0,102;0,102;;
18/07/2026 06:45;0,085;0,085;;
18/07/2026 07:00;0,106;0,106;;
18/07/2026 07:15;0,061;0,061;;
18/07/2026 07:30;0,09;0,09;;
18/07/2026 07:45;0,198;0,198;;
18/07/2026 08:00;0,107;0,107;;
18/07/2026 08:15;0,054;0,054;;
18/07/2026 08:30;0,1;0,1;;
18/07/2026 08:45;0,204;0,204;;
18/07/2026 09:00;0,088;0,088;;
18/07/2026 09:15;0,091;0,091;;
18/07/2026 09:30;0,088;0,088;;
18/07/2026 09:45;0,18;0,18;;
18/07/2026 10:00;0,152;0,152;;
18/07/2026 10:15;0,192;0,192;;
18/07/2026 10:30;0,118;0,118;;
18/07/2026 10:45;0,169;0,169;;
18/07/2026 11:00;0,173;0,173;;
18/07/2026 11:15;0,195;0,195;;
18/07/2026 11:30;0,187;0,187;;
18/07/2026 11:45;0,131;0,131;;
18/07/2026 12:00;0,154;0,154;;
18/07/2026 12:15;0,179;0,179;;
18/07/2026 12:30;0,187;0,187;;
18/07/2026 12:45;0,14;0,14;;
18/07/2026 13:00;0,185;0,185;;
18/07/2026 13:15;0,221;0,221;;
18/07/2026 13:30;0,174;0,174;;
18/07/2026 13:45;0,137;0,137;;
18/07/2026 14:00;0,201;0,201;;
18/07/2026 14:15;0,212;0,212;;
18/07/2026 14:30;0,232;0,232;;
18/07/2026 14:45;0,183;0,183;;
18/07/2026 15:00;0,139;0,139;;
18/07/2026 15:15;0,189;0,189;;
18/07/2026 15:30;0,198;0,198;;
18/07/2026 15:45;0,142;0,142;;
18/07/2026 16:00;0,148;0,148;;
18/07/2026 16:15;0,21;0,21;;
18/07/2026 16:30;0,175;0,175;;
18/07/2026 16:45;0,165;0,165;;
18/07/2026 17:00;0,188;0,188;;
18/07/2026 17:15;0,139;0,139;;
18/07/2026 17:30;0,182;0,182;;
18/07/2026 17:45;0,278;0,278;;
18/07/2026 18:00;0,316;0,316;;
18/07/2026 18:15;0,298;0,298;;
18/07/2026 18:30;0,303;0,303;;
18/07/2026 18:45;0,277;0,277;;
18/07/2026 19:00;0,241;0,241;;
18/07/2026 19:15;0,215;0,215;;
18/07/2026 19:30;0,218;0,218;;
18/07/2026 19:45;0,123;0,123;;
18/07/2026 20:00;0,156;0,156;;
18/07/2026 20:15;0,275;0,275;;
18/07/2026 20:30;0,175;0,175;;
18/07/2026 20:45;0,108;0,108;;
18/07/2026 21:00;0,136;0,136;;
18/07/2026 21:15;0,16;0,16;;
18/07/2026 21:30;0,207;0,207;;
18/07/2026 21:45;0,129;0,129;;
18/07/2026 22:00;0,12;0,12;;
18/07/2026 22:15;0,162;0,162;;
18/07/2026 22:30;0,075;0,075;;
18/07/2026 22:45;0,114;0,114;;
18/07/2026 23:00;0,135;0,135;;
18/07/2026 23:15;0,11;0,11;;
18/07/2026 23:30;0,105;0,105;;
18/07/2026 23:45;0,075;0,075;;
19/07/2026 00:00;0,117;0,117;;
19/07/2026 00:15;0,183;0,183;;
19/07/2026 00:30;0,074;0,074;;
19/07/2026 00:45;0,058;0,058;;
19/07/2026 01:00;0,078;0,078;;
19/07/2026 01:15;0,155;0,155;;
19/07/2026 01:30;0,11;0,11;;
19/07/2026 01:45;0,065;0,065;;
19/07/2026 02:00;0,072;0,072;;
19/07/2026 02:15;0,14;0,14;;
19/07/2026 02:30;0,132;0,132;;
19/07/2026 02:45;0,1;0,1;;
19/07/2026 03:00;0,068;0,068;;
19/07/2026 03:15;0,067;0,067;;
19/07/2026 03:30;0,118;0,118;;
19/07/2026 03:45;0,12;0,12;;
19/07/2026 04:00;0,098;0,098;;
19/07/2026 04:15;0,066;0,066;;
19/07/2026 04:30;0,083;0,083;;
19/07/2026 04:45;0,149;0,149;;
19/07/2026 05:00;0,096;0,096;;
19/07/2026 05:15;0,056;0,056;;
19/07/2026 05:30;0,053;0,053;;
19/07/2026 05:45;0,098;0,098;;
19/07/2026 06:00;0,155;0,155;;
19/07/2026 06:15;0,072;0,072;;
19/07/2026 06:30;0,076;0,076;;
19/07/2026 06:45;0,099;0,099;;
19/07/2026 07:00;0,153;0,153;;
19/07/2026 07:15;0,084;0,084;;
19/07/2026 07:30;0,057;0,057;;
19/07/2026 07:45;0,072;0,072;;
19/07/2026 08:00;0,103;0,103;;
19/07/2026 08:15;0,166;0,166;;
19/07/2026 08:30;0,227;0,227;;
19/07/2026 08:45;0,14;0,14;;
19/07/2026 09:00;0,207;0,207;;
19/07/2026 09:15;0,223;0,223;;
19/07/2026 09:30;0,163;0,163;;
19/07/2026 09:45;0,092;0,092;;
19/07/2026 10:00;0,077;0,077;;
19/07/2026 10:15;0,206;0,206;;
19/07/2026 10:30;0,191;0,191;;
19/07/2026 10:45;0,07;0,07;;
19/07/2026 11:00;0,076;0,076;;
19/07/2026 11:15;0,185;0,185;;
19/07/2026 11:30;0,258;0,258;;
19/07/2026 11:45;0,208;0,208;;
19/07/2026 12:00;0,144;0,144;;
19/07/2026 12:15;0,054;0,054;;
19/07/2026 12:30;0,179;0,179;;
19/07/2026 12:45;0,263;0,263;;
19/07/2026 13:00;0,227;0,227;;
19/07/2026 13:15;0,139;0,139;;
19/07/2026 13:30;0,143;0,143;;
19/07/2026 13:45;0,266;0,266;;
19/07/2026 14:00;0,242;0,242;;
19/07/2026 14:15;0,181;0,181;;
19/07/2026 14:30;0,146;0,146;;
19/07/2026 14:45;0,226;0,226;;
19/07/2026 15:00;0,244;0,244;;
19/07/2026 15:15;0,206;0,206;;
19/07/2026 15:30;0,169;0,169;;
19/07/2026 15:45;0,221;0,221;;
19/07/2026 16:00;0,258;0,258;;
19/07/2026 16:15;0,259;0,259;;
19/07/2026 16:30;0,257;0,257;;
19/07/2026 16:45;0,211;0,211;;
19/07/2026 17:00;0,251;0,251;;
19/07/2026 17:15;0,26;0,26;;
19/07/2026 17:30;0,221;0,221;;
19/07/2026 17:45;0,259;0,259;;
19/07/2026 18:00;0,238;0,238;;
19/07/2026 18:15;0,27;0,27;;
19/07/2026 18:30;0,254;0,254;;
19/07/2026 18:45;0,249;0,249;;
19/07/2026 19:00;0,223;0,223;;
19/07/2026 19:15;0,193;0,193;;
19/07/2026 19:30;0,205;0,205;;
19/07/2026 19:45;0,202;0,202;;
19/07/2026 20:00;0,17;0,17;;
19/07/2026 20:15;0,24;0,24;;
19/07/2026 20:30;0,189;0,189;;
19/07/2026 20:45;0,163;0,163;;
19/07/2026 21:00;0,081;0,081;;
19/07/2026 21:15;0,134;0,134;;
19/07/2026 21:30;0,122;0,122;;
19/07/2026 21:45;0,116;0,116;;
19/07/2026 22:00;0,121;0,121;;
19/07/2026 22:15;0,163;0,163;;
19/07/2026 22:30;0,122;0,122;;
19/07/2026 22:45;0,077;0,077;;
19/07/2026 23:00;0,165;0,165;;
19/07/2026 23:15;0,136;0,136;;
19/07/2026 23:30;0,066;0,066;;
19/07/2026 23:45;0,087;0,087;;
20/07/2026 00:00;0,177;0,177;;
20/07/2026 00:15;0,072;0,072;;
20/07/2026 00:30;0,064;0,064;;
20/07/2026 00:45;0,147;0,147;;
20/07/2026 01:00;0,117;0,117;;
20/07/2026 01:15;0,074;0,074;;
20/07/2026 01:30;0,125;0,125;;
20/07/2026 01:45;0,097;0,097;;
20/07/2026 02:00;0,047;0,047;;
20/07/2026 02:15;0,086;0,086;;
20/07/2026 02:30;0,106;0,106;;
20/07/2026 02:45;0,096;0,096;;
20/07/2026 03:00;0,049;0,049;;
20/07/2026 03:15;0,093;0,093;;
20/07/2026 03:30;0,12;0,12;;
20/07/2026 03:45;0,163;0,163;;
20/07/2026 04:00;0,07;0,07;;
20/07/2026 04:15;0,058;0,058;;
20/07/2026 04:30;0,102;0,102;;
20/07/2026 04:45;0,119;0,119;;
20/07/2026 05:00;0,073;0,073;;
20/07/2026 05:15;0,104;0,104;;
20/07/2026 05:30;0,083;0,083;;
20/07/2026 05:45;0,066;0,066;;
20/07/2026 06:00;0,102;0,102;;
20/07/2026 06:15;0,138;0,138;;
20/07/2026 06:30;0,06;0,06;;
20/07/2026 06:45;0,058;0,058;;
20/07/2026 07:00;0,107;0,107;;
20/07/2026 07:15;0,126;0,126;;
20/07/2026 07:30;0,047;0,047;;
20/07/2026 07:45;0,058;0,058;;
20/07/2026 08:00;0,113;0,113;;
20/07/2026 08:15;0,128;0,128;;
20/07/2026 08:30;0,101;0,101;;
20/07/2026 08:45;0,142;0,142;;
20/07/2026 09:00;0,171;0,171;;
20/07/2026 09:15;0,122;0,122;;
20/07/2026 09:30;0,11;0,11;;
20/07/2026 09:45;0,118;0,118;;
20/07/2026 10:00;0,172;0,172;;
20/07/2026 10:15;0,146;0,146;;
20/07/2026 10:30;0,13;0,13;;
20/07/2026 10:45;0,178;0,178;;
20/07/2026 11:00;0,179;0,179;;
20/07/2026 11:15;0,512;0,512;;
20/07/2026 11:30;0,512;0,512;;
20/07/2026 11:45;0,509;0,509;;
20/07/2026 12:00;0,514;0,514;;
20/07/2026 12:15;0,51;0,51;;
20/07/2026 12:30;0,494;0,494;;
20/07/2026 12:45;0,46;0,46;;
20/07/2026 13:00;0,51;0,51;;
20/07/2026 13:15;0,529;0,529;;
20/07/2026 13:30;0,544;0,544;;
20/07/2026 13:45;0,489;0,489;;
20/07/2026 14:00;0,525;0,525;;
20/07/2026 14:15;0,561;0,561;;
20/07/2026 14:30;0,548;0,548;;
20/07/2026 14:45;0,537;0,537;;
20/07/2026 15:00;0,506;0,506;;
20/07/2026 15:15;0,513;0,513;;
20/07/2026 15:30;0,533;0,533;;
20/07/2026 15:45;0,541;0,541;;
20/07/2026 16:00;0,537;0,537;;
20/07/2026 16:15;0,533;0,533;;
20/07/2026 16:30;0,535;0,535;;
20/07/2026 16:45;0,537;0,537;;
20/07/2026 17:00;0,531;0,531;;
20/07/2026 17:15;0,487;0,487;;
20/07/2026 17:30;0,466;0,466;;
20/07/2026 17:45;0,53;0,53;;
20/07/2026 18:00;0,515;0,515;;
20/07/2026 18:15;0,46;0,46;;
20/07/2026 18:30;0,506;0,506;;
20/07/2026 18:45;0,509;0,509;;
20/07/2026 19:00;0,53;0,53;;
20/07/2026 19:15;0,517;0,517;;
20/07/2026 19:30;0,523;0,523;;
20/07/2026 19:45;0,451;0,451;;
20/07/2026 20:00;0,639;0,639;;
20/07/2026 20:15;0,663;0,663;;
20/07/2026 20:30;0,669;0,669;;
20/07/2026 20:45;1.162;1,162;;
20/07/2026 21:00;1.318;1,318;;
20/07/2026 21:15;1,59;1,59;;
20/07/2026 21:30;1.338;1,338;;
20/07/2026 21:45;0,894;0,894;;
20/07/2026 22:00;0,889;0,889;;
20/07/2026 22:15;0,613;0,613;;
20/07/2026 22:30;0,204;0,204;;
20/07/2026 22:45;0,086;0,086;;
20/07/2026 23:00;0,123;0,123;;
20/07/2026 23:15;0,113;0,113;;
20/07/2026 23:30;0,17;0,17;;
20/07/2026 23:45;0,105;0,105;;
21/07/2026 00:00;0,077;0,077;;
21/07/2026 00:15;0,125;0,125;;
21/07/2026 00:30;0,109;0,109;;
21/07/2026 00:45;0,116;0,116;;
21/07/2026 01:00;0,122;0,122;;
21/07/2026 01:15;0,12;0,12;;
21/07/2026 01:30;0,097;0,097;;
21/07/2026 01:45;0,057;0,057;;
21/07/2026 02:00;0,109;0,109;;
21/07/2026 02:15;0,141;0,141;;
21/07/2026 02:30;0,098;0,098;;
21/07/2026 02:45;0,069;0,069;;
21/07/2026 03:00;0,082;0,082;;
21/07/2026 03:15;0,118;0,118;;
21/07/2026 03:30;0,114;0,114;;
21/07/2026 03:45;0,107;0,107;;
21/07/2026 04:00;0,053;0,053;;
21/07/2026 04:15;0,051;0,051;;
21/07/2026 04:30;0,099;0,099;;
21/07/2026 04:45;0,159;0,159;;
21/07/2026 05:00;0,081;0,081;;
21/07/2026 05:15;0,056;0,056;;
21/07/2026 05:30;0,068;0,068;;
21/07/2026 05:45;0,123;0,123;;
21/07/2026 06:00;0,106;0,106;;
21/07/2026 06:15;0,038;0,038;;
21/07/2026 06:30;0,034;0,034;;
21/07/2026 06:45;0,04;0,04;;
21/07/2026 07:00;0,052;0,052;;
21/07/2026 07:15;0,104;0,104;;
21/07/2026 07:30;0,081;0,081;;
21/07/2026 07:45;0,145;0,145;;
21/07/2026 08:00;0,141;0,141;;
21/07/2026 08:15;0,064;0,064;;
21/07/2026 08:30;0,04;0,04;;
21/07/2026 08:45;0,056;0,056;;
21/07/2026 09:00;0,051;0,051;;
21/07/2026 09:15;0,158;0,158;;
21/07/2026 09:30;0,12;0,12;;
21/07/2026 09:45;0,058;0,058;;
21/07/2026 10:00;0,133;0,133;;
21/07/2026 10:15;0,158;0,158;;
21/07/2026 10:30;0,185;0,185;;
21/07/2026 10:45;0,169;0,169;;
21/07/2026 11:00;0,298;0,298;;
21/07/2026 11:15;0,203;0,203;;
21/07/2026 11:30;0,218;0,218;;
21/07/2026 11:45;0,226;0,226;;
21/07/2026 12:00;0,208;0,208;;
21/07/2026 12:15;0,274;0,274;;
21/07/2026 12:30;0,294;0,294;;
21/07/2026 12:45;0,309;0,309;;
21/07/2026 13:00;0,294;0,294;;
21/07/2026 13:15;0,25;0,25;;
21/07/2026 13:30;0,223;0,223;;
21/07/2026 13:45;0,26;0,26;;
21/07/2026 14:00;0,25;0,25;;
21/07/2026 14:15;0,264;0,264;;
21/07/2026 14:30;0,242;0,242;;
21/07/2026 14:45;0,248;0,248;;
21/07/2026 15:00;0,317;0,317;;
21/07/2026 15:15;0,277;0,277;;
21/07/2026 15:30;0,226;0,226;;
21/07/2026 15:45;0,202;0,202;;
21/07/2026 16:00;0,315;0,315;;
21/07/2026 16:15;0,266;0,266;;
21/07/2026 16:30;0,22;0,22;;
21/07/2026 16:45;0,251;0,251;;
21/07/2026 17:00;0,301;0,301;;
21/07/2026 17:15;0,348;0,348;;
21/07/2026 17:30;0,234;0,234;;
21/07/2026 17:45;0,249;0,249;;
21/07/2026 18:00;0,318;0,318;;
21/07/2026 18:15;0,264;0,264;;
21/07/2026 18:30;0,239;0,239;;
21/07/2026 18:45;0,252;0,252;;
21/07/2026 19:00;0,212;0,212;;
21/07/2026 19:15;0,228;0,228;;
21/07/2026 19:30;0,281;0,281;;
21/07/2026 19:45;0,272;0,272;;
21/07/2026 20:00;0,177;0,177;;
21/07/2026 20:15;0,16;0,16;;
21/07/2026 20:30;0,266;0,266;;
21/07/2026 20:45;0,501;0,501;;
21/07/2026 21:00;0,481;0,481;;
21/07/2026 21:15;0,502;0,502;;
21/07/2026 21:30;0,418;0,418;;
21/07/2026 21:45;0,186;0,186;;
21/07/2026 22:00;0,159;0,159;;
21/07/2026 22:15;0,152;0,152;;
21/07/2026 22:30;0,164;0,164;;
21/07/2026 22:45;0,141;0,141;;
21/07/2026 23:00;0,124;0,124;;
21/07/2026 23:15;0,065;0,065;;
21/07/2026 23:30;0,117;0,117;;
21/07/2026 23:45;0,172;0,172;;
22/07/2026 00:00;0,107;0,107;;
22/07/2026 00:15;0,095;0,095;;
22/07/2026 00:30;0,163;0,163;;
22/07/2026 00:45;0,19;0,19;;
22/07/2026 01:00;0,055;0,055;;
22/07/2026 01:15;0,073;0,073;;
22/07/2026 01:30;0,124;0,124;;
22/07/2026 01:45;0,152;0,152;;
22/07/2026 02:00;0,187;0,187;;
22/07/2026 02:15;0,078;0,078;;
22/07/2026 02:30;0,106;0,106;;
22/07/2026 02:45;0,069;0,069;;
22/07/2026 03:00;0,09;0,09;;
22/07/2026 03:15;0,104;0,104;;
22/07/2026 03:30;0,108;0,108;;
22/07/2026 03:45;0,118;0,118;;
22/07/2026 04:00;0,09;0,09;;
22/07/2026 04:15;0,119;0,119;;
22/07/2026 04:30;0,073;0,073;;
22/07/2026 04:45;0,104;0,104;;
22/07/2026 05:00;0,108;0,108;;
22/07/2026 05:15;0,08;0,08;;
22/07/2026 05:30;0,144;0,144;;
22/07/2026 05:45;0,092;0,092;;
22/07/2026 06:00;0,125;0,125;;
22/07/2026 06:15;0,132;0,132;;
22/07/2026 06:30;0,143;0,143;;
22/07/2026 06:45;0,065;0,065;;
22/07/2026 07:00;0,095;0,095;;
22/07/2026 07:15;0,114;0,114;;
22/07/2026 07:30;0,212;0,212;;
22/07/2026 07:45;0,079;0,079;;
22/07/2026 08:00;0,042;0,042;;
22/07/2026 08:15;0,117;0,117;;
22/07/2026 08:30;0,197;0,197;;
22/07/2026 08:45;0,186;0,186;;
22/07/2026 09:00;0,075;0,075;;
22/07/2026 09:15;0,071;0,071;;
22/07/2026 09:30;0,142;0,142;;
22/07/2026 09:45;0,208;0,208;;
22/07/2026 10:00;0,147;0,147;;
22/07/2026 10:15;0,146;0,146;;
22/07/2026 10:30;0,153;0,153;;
22/07/2026 10:45;0,211;0,211;;
22/07/2026 11:00;0,167;0,167;;
22/07/2026 11:15;0,14;0,14;;
22/07/2026 11:30;0,142;0,142;;
22/07/2026 11:45;0,172;0,172;;
22/07/2026 12:00;0,22;0,22;;
22/07/2026 12:15;0,135;0,135;;
22/07/2026 12:30;0,133;0,133;;
22/07/2026 12:45;0,172;0,172;;
22/07/2026 13:00;0,196;0,196;;
22/07/2026 13:15;0,198;0,198;;
22/07/2026 13:30;0,147;0,147;;
22/07/2026 13:45;0,135;0,135;;
22/07/2026 14:00;0,203;0,203;;
22/07/2026 14:15;0,2;0,2;;
22/07/2026 14:30;0,192;0,192;;
22/07/2026 14:45;0,126;0,126;;
22/07/2026 15:00;0,223;0,223;;
22/07/2026 15:15;0,245;0,245;;
22/07/2026 15:30;0,194;0,194;;
22/07/2026 15:45;0,131;0,131;;
22/07/2026 16:00;0,167;0,167;;
22/07/2026 16:15;0,239;0,239;;
22/07/2026 16:30;0,244;0,244;;
22/07/2026 16:45;0,14;0,14;;
22/07/2026 17:00;0,153;0,153;;
22/07/2026 17:15;0,203;0,203;;
22/07/2026 17:30;0,245;0,245;;
22/07/2026 17:45;0,155;0,155;;
22/07/2026 18:00;0,158;0,158;;
22/07/2026 18:15;0,181;0,181;;
22/07/2026 18:30;0,281;0,281;;
22/07/2026 18:45;0,187;0,187;;
22/07/2026 19:00;0,223;0,223;;
22/07/2026 19:15;0,188;0,188;;
22/07/2026 19:30;0,19;0,19;;
22/07/2026 19:45;0,233;0,233;;
22/07/2026 20:00;0,263;0,263;;
22/07/2026 20:15;0,388;0,388;;
22/07/2026 20:30;0,743;0,743;;
22/07/2026 20:45;0,778;0,778;;
22/07/2026 21:00;0,853;0,853;;
22/07/2026 21:15;0,774;0,774;;
22/07/2026 21:30;0,74;0,74;;
22/07/2026 21:45;0,642;0,642;;
22/07/2026 22:00;0,208;0,208;;
22/07/2026 22:15;0,096;0,096;;
22/07/2026 22:30;0,09;0,09;;
22/07/2026 22:45;0,136;0,136;;
22/07/2026 23:00;0,148;0,148;;
22/07/2026 23:15;0,147;0,147;;
22/07/2026 23:30;0,132;0,132;;
22/07/2026 23:45;0,085;0,085;;
23/07/2026 00:00;0,105;0,105;;
23/07/2026 00:15;0,164;0,164;;
23/07/2026 00:30;0,152;0,152;;
23/07/2026 00:45;0,06;0,06;;
23/07/2026 01:00;0,059;0,059;;
23/07/2026 01:15;0,11;0,11;;
23/07/2026 01:30;0,156;0,156;;
23/07/2026 01:45;0,1;0,1;;
23/07/2026 02:00;0,054;0,054;;
23/07/2026 02:15;0,091;0,091;;
23/07/2026 02:30;0,131;0,131;;
23/07/2026 02:45;0,098;0,098;;
23/07/2026 03:00;0,049;0,049;;
23/07/2026 03:15;0,098;0,098;;
23/07/2026 03:30;0,104;0,104;;
23/07/2026 03:45;0,098;0,098;;
23/07/2026 04:00;0,105;0,105;;
23/07/2026 04:15;0,074;0,074;;
23/07/2026 04:30;0,108;0,108;;
23/07/2026 04:45;0,119;0,119;;
23/07/2026 05:00;0,113;0,113;;
23/07/2026 05:15;0,058;0,058;;
23/07/2026 05:30;0,077;0,077;;
23/07/2026 05:45;0,111;0,111;;
23/07/2026 06:00;0,099;0,099;;
23/07/2026 06:15;0,102;0,102;;
23/07/2026 06:30;0,087;0,087;;
23/07/2026 06:45;0,101;0,101;;
23/07/2026 07:00;0,081;0,081;;
23/07/2026 07:15;0,116;0,116;;
23/07/2026 07:30;0,07;0,07;;
23/07/2026 07:45;0,098;0,098;;
23/07/2026 08:00;0,085;0,085;;
23/07/2026 08:15;0,078;0,078;;
23/07/2026 08:30;0,115;0,115;;
23/07/2026 08:45;0,126;0,126;;
23/07/2026 09:00;0,101;0,101;;
23/07/2026 09:15;0,094;0,094;;
23/07/2026 09:30;0,141;0,141;;
23/07/2026 09:45;0,11;0,11;;
23/07/2026 10:00;0,076;0,076;;
23/07/2026 10:15;0,162;0,162;;
23/07/2026 10:30;0,09;0,09;;
23/07/2026 10:45;0,169;0,169;;
23/07/2026 11:00;0,183;0,183;;
23/07/2026 11:15;0,187;0,187;;
23/07/2026 11:30;0,159;0,159;;
23/07/2026 11:45;0,127;0,127;;
23/07/2026 12:00;0,148;0,148;;
23/07/2026 12:15;0,239;0,239;;
23/07/2026 12:30;0,182;0,182;;
23/07/2026 12:45;0,154;0,154;;
23/07/2026 13:00;0,199;0,199;;
23/07/2026 13:15;0,219;0,219;;
23/07/2026 13:30;0,221;0,221;;
23/07/2026 13:45;0,219;0,219;;
23/07/2026 14:00;0,207;0,207;;
23/07/2026 14:15;0,241;0,241;;
23/07/2026 14:30;0,185;0,185;;
23/07/2026 14:45;0,217;0,217;;
23/07/2026 15:00;0,158;0,158;;
23/07/2026 15:15;0,196;0,196;;
23/07/2026 15:30;0,221;0,221;;
23/07/2026 15:45;0,277;0,277;;
23/07/2026 16:00;0,155;0,155;;
23/07/2026 16:15;0,16;0,16;;
23/07/2026 16:30;0,209;0,209;;
23/07/2026 16:45;0,258;0,258;;
23/07/2026 17:00;0,145;0,145;;
23/07/2026 17:15;0,159;0,159;;
23/07/2026 17:30;0,183;0,183;;
23/07/2026 17:45;0,243;0,243;;
23/07/2026 18:00;0,263;0,263;;
23/07/2026 18:15;0,232;0,232;;
23/07/2026 18:30;0,194;0,194;;
23/07/2026 18:45;0,245;0,245;;
23/07/2026 19:00;0,286;0,286;;
23/07/2026 19:15;0,206;0,206;;
23/07/2026 19:30;0,211;0,211;;
23/07/2026 19:45;0,162;0,162;;
23/07/2026 20:00;0,265;0,265;;
23/07/2026 20:15;0,247;0,247;;
23/07/2026 20:30;0,286;0,286;;
23/07/2026 20:45;1.471;1,471;;
23/07/2026 21:00;1.491;1,491;;
23/07/2026 21:15;1.509;1,509;;
23/07/2026 21:30;1.082;1,082;;
23/07/2026 21:45;0,077;0,077;;
23/07/2026 22:00;0,091;0,091;;
23/07/2026 22:15;0,134;0,134;;
23/07/2026 22:30;0,256;0,256;;
23/07/2026 22:45;0,525;0,525;;
23/07/2026 23:00;0,422;0,422;;
23/07/2026 23:15;0,407;0,407;;
23/07/2026 23:30;0,177;0,177;;
23/07/2026 23:45;0,129;0,129;;
24/07/2026 00:00;0,078;0,078;;
24/07/2026 00:15;0,111;0,111;;
24/07/2026 00:30;0,103;0,103;;
24/07/2026 00:45;0,183;0,183;;
24/07/2026 01:00;0,093;0,093;;
24/07/2026 01:15;0,067;0,067;;
24/07/2026 01:30;0,109;0,109;;
24/07/2026 01:45;0,173;0,173;;
24/07/2026 02:00;0,062;0,062;;
24/07/2026 02:15;0,069;0,069;;
24/07/2026 02:30;0,087;0,087;;
24/07/2026 02:45;0,116;0,116;;
24/07/2026 03:00;0,163;0,163;;
24/07/2026 03:15;0,109;0,109;;
24/07/2026 03:30;0,055;0,055;;
24/07/2026 03:45;0,06;0,06;;
24/07/2026 04:00;0,139;0,139;;
24/07/2026 04:15;0,098;0,098;;
24/07/2026 04:30;0,051;0,051;;
24/07/2026 04:45;0,056;0,056;;
24/07/2026 05:00;0,107;0,107;;
24/07/2026 05:15;0,102;0,102;;
24/07/2026 05:30;0,094;0,094;;
24/07/2026 05:45;0,056;0,056;;
24/07/2026 06:00;0,096;0,096;;
24/07/2026 06:15;0,073;0,073;;
24/07/2026 06:30;0,101;0,101;;
24/07/2026 06:45;0,064;0,064;;
24/07/2026 07:00;0,075;0,075;;
24/07/2026 07:15;0,092;0,092;;
24/07/2026 07:30;0,125;0,125;;
24/07/2026 07:45;0,117;0,117;;
24/07/2026 08:00;0,073;0,073;;
24/07/2026 08:15;0,069;0,069;;
24/07/2026 08:30;0,109;0,109;;
24/07/2026 08:45;0,133;0,133;;
24/07/2026 09:00;0,125;0,125;;
24/07/2026 09:15;0,166;0,166;;
24/07/2026 09:30;0,262;0,262;;
24/07/2026 09:45;0,246;0,246;;
24/07/2026 10:00;0,311;0,311;;
24/07/2026 10:15;0,278;0,278;;
24/07/2026 10:30;0,311;0,311;;
24/07/2026 10:45;0,326;0,326;;
24/07/2026 11:00;0,347;0,347;;
24/07/2026 11:15;0,292;0,292;;
24/07/2026 11:30;0,26;0,26;;
24/07/2026 11:45;0,322;0,322;;
24/07/2026 12:00;0,293;0,293;;
24/07/2026 12:15;0,326;0,326;;
24/07/2026 12:30;0,328;0,328;;
24/07/2026 12:45;0,327;0,327;;
24/07/2026 13:00;0,348;0,348;;
24/07/2026 13:15;0,336;0,336;;
24/07/2026 13:30;0,354;0,354;;
24/07/2026 13:45;0,326;0,326;;
24/07/2026 14:00;0,348;0,348;;
24/07/2026 14:15;0,279;0,279;;
24/07/2026 14:30;0,295;0,295;;
24/07/2026 14:45;0,319;0,319;;
24/07/2026 15:00;0,331;0,331;;
24/07/2026 15:15;0,293;0,293;;
24/07/2026 15:30;0,274;0,274;;
24/07/2026 15:45;0,293;0,293;;
24/07/2026 16:00;0,246;0,246;;
24/07/2026 16:15;0,297;0,297;;
24/07/2026 16:30;0,278;0,278;;
24/07/2026 16:45;0,314;0,314;;
24/07/2026 17:00;0,347;0,347;;
24/07/2026 17:15;0,342;0,342;;
24/07/2026 17:30;0,352;0,352;;
24/07/2026 17:45;0,271;0,271;;
24/07/2026 18:00;0,293;0,293;;
24/07/2026 18:15;0,297;0,297;;
24/07/2026 18:30;0,317;0,317;;
24/07/2026 18:45;0,248;0,248;;
24/07/2026 19:00;0,276;0,276;;
24/07/2026 19:15;0,233;0,233;;
24/07/2026 19:30;0,307;0,307;;
24/07/2026 19:45;0,296;0,296;;
24/07/2026 20:00;0,184;0,184;;
24/07/2026 20:15;0,219;0,219;;
24/07/2026 20:30;0,618;0,618;;
24/07/2026 20:45;0,942;0,942;;
24/07/2026 21:00;1,13;1,13;;
24/07/2026 21:15;1.294;1,294;;
24/07/2026 21:30;1.414;1,414;;
24/07/2026 21:45;1.223;1,223;;
24/07/2026 22:00;1.247;1,247;;
24/07/2026 22:15;0,73;0,73;;
24/07/2026 22:30;0,746;0,746;;
24/07/2026 22:45;0,825;0,825;;
24/07/2026 23:00;0,653;0,653;;
24/07/2026 23:15;0,396;0,396;;
24/07/2026 23:30;0,408;0,408;;
24/07/2026 23:45;0,443;0,443;;
25/07/2026 00:00;0,462;0,462;;
25/07/2026 00:15;0,428;0,428;;
25/07/2026 00:30;0,411;0,411;;
25/07/2026 00:45;0,396;0,396;;
25/07/2026 01:00;0,439;0,439;;
25/07/2026 01:15;0,284;0,284;;
25/07/2026 01:30;0,063;0,063;;
25/07/2026 01:45;0,067;0,067;;
25/07/2026 02:00;0,085;0,085;;
25/07/2026 02:15;0,15;0,15;;
25/07/2026 02:30;0,108;0,108;;
25/07/2026 02:45;0,077;0,077;;
25/07/2026 03:00;0,081;0,081;;
25/07/2026 03:15;0,099;0,099;;
25/07/2026 03:30;0,112;0,112;;
25/07/2026 03:45;0,1;0,1;;
25/07/2026 04:00;0,074;0,074;;
25/07/2026 04:15;0,095;0,095;;
25/07/2026 04:30;0,078;0,078;;
25/07/2026 04:45;0,128;0,128;;
25/07/2026 05:00;0,075;0,075;;
25/07/2026 05:15;0,051;0,051;;
25/07/2026 05:30;0,079;0,079;;
25/07/2026 05:45;0,137;0,137;;
25/07/2026 06:00;0,119;0,119;;
25/07/2026 06:15;0,054;0,054;;
25/07/2026 06:30;0,05;0,05;;
25/07/2026 06:45;0,101;0,101;;
25/07/2026 07:00;0,13;0,13;;
25/07/2026 07:15;0,096;0,096;;
25/07/2026 07:30;0,054;0,054;;
25/07/2026 07:45;0,083;0,083;;
25/07/2026 08:00;0,101;0,101;;
25/07/2026 08:15;0,127;0,127;;
25/07/2026 08:30;0,095;0,095;;
25/07/2026 08:45;0,115;0,115;;
25/07/2026 09:00;0,207;0,207;;
25/07/2026 09:15;0,186;0,186;;
25/07/2026 09:30;0,229;0,229;;
25/07/2026 09:45;0,212;0,212;;
25/07/2026 10:00;0,234;0,234;;
25/07/2026 10:15;0,227;0,227;;
25/07/2026 10:30;0,275;0,275;;
25/07/2026 10:45;0,324;0,324;;
25/07/2026 11:00;0,315;0,315;;
25/07/2026 11:15;0,313;0,313;;
25/07/2026 11:30;0,284;0,284;;
25/07/2026 11:45;0,297;0,297;;
25/07/2026 12:00;0,337;0,337;;
25/07/2026 12:15;0,338;0,338;;
25/07/2026 12:30;0,288;0,288;;
25/07/2026 12:45;0,365;0,365;;
25/07/2026 13:00;0,383;0,383;;
25/07/2026 13:15;0,234;0,234;;
25/07/2026 13:30;0,377;0,377;;
25/07/2026 13:45;0,383;0,383;;
25/07/2026 14:00;0,395;0,395;;
25/07/2026 14:15;0,289;0,289;;
25/07/2026 14:30;0,323;0,323;;
25/07/2026 14:45;0,296;0,296;;
25/07/2026 15:00;0,315;0,315;;
25/07/2026 15:15;0,267;0,267;;
25/07/2026 15:30;0,311;0,311;;
25/07/2026 15:45;0,392;0,392;;
25/07/2026 16:00;0,356;0,356;;
25/07/2026 16:15;0,322;0,322;;
25/07/2026 16:30;0,367;0,367;;
25/07/2026 16:45;0,293;0,293;;
25/07/2026 17:00;0,289;0,289;;
25/07/2026 17:15;0,38;0,38;;
25/07/2026 17:30;0,3;0,3;;
25/07/2026 17:45;0,232;0,232;;
25/07/2026 18:00;0,357;0,357;;
25/07/2026 18:15;0,255;0,255;;
25/07/2026 18:30;0,311;0,311;;
25/07/2026 18:45;0,282;0,282;;
25/07/2026 19:00;0,283;0,283;;
25/07/2026 19:15;0,292;0,292;;
25/07/2026 19:30;0,269;0,269;;
25/07/2026 19:45;0,228;0,228;;
25/07/2026 20:00;0,249;0,249;;
25/07/2026 20:15;0,246;0,246;;
25/07/2026 20:30;0,186;0,186;;
25/07/2026 20:45;0,261;0,261;;
25/07/2026 21:00;0,21;0,21;;
25/07/2026 21:15;0,228;0,228;;
25/07/2026 21:30;0,152;0,152;;
25/07/2026 21:45;0,226;0,226;;
25/07/2026 22:00;0,197;0,197;;
25/07/2026 22:15;0,198;0,198;;
25/07/2026 22:30;0,076;0,076;;
25/07/2026 22:45;0,132;0,132;;
25/07/2026 23:00;0,163;0,163;;
25/07/2026 23:15;0,133;0,133;;
25/07/2026 23:30;0,229;0,229;;
25/07/2026 23:45;0,104;0,104;;
26/07/2026 00:00;0,108;0,108;;
26/07/2026 00:15;0,155;0,155;;
26/07/2026 00:30;0,149;0,149;;
26/07/2026 00:45;0,078;0,078;;
26/07/2026 01:00;0,108;0,108;;
26/07/2026 01:15;0,161;0,161;;
26/07/2026 01:30;0,126;0,126;;
26/07/2026 01:45;0,095;0,095;;
26/07/2026 02:00;0,105;0,105;;
26/07/2026 02:15;0,143;0,143;;
26/07/2026 02:30;0,13;0,13;;
26/07/2026 02:45;0,065;0,065;;
26/07/2026 03:00;0,097;0,097;;
26/07/2026 03:15;0,15;0,15;;
26/07/2026 03:30;0,092;0,092;;
26/07/2026 03:45;0,097;0,097;;
26/07/2026 04:00;0,191;0,191;;
26/07/2026 04:15;0,072;0,072;;
26/07/2026 04:30;0,062;0,062;;
26/07/2026 04:45;0,142;0,142;;
26/07/2026 05:00;0,111;0,111;;
26/07/2026 05:15;0,053;0,053;;
26/07/2026 05:30;0,074;0,074;;
26/07/2026 05:45;0,15;0,15;;
26/07/2026 06:00;0,086;0,086;;
26/07/2026 06:15;0,117;0,117;;
26/07/2026 06:30;0,077;0,077;;
26/07/2026 06:45;0,11;0,11;;
26/07/2026 07:00;0,098;0,098;;
26/07/2026 07:15;0,104;0,104;;
26/07/2026 07:30;0,084;0,084;;
26/07/2026 07:45;0,108;0,108;;
26/07/2026 08:00;0,089;0,089;;
26/07/2026 08:15;0,115;0,115;;
26/07/2026 08:30;0,188;0,188;;
26/07/2026 08:45;0,114;0,114;;
26/07/2026 09:00;0,077;0,077;;
26/07/2026 09:15;0,127;0,127;;
26/07/2026 09:30;0,735;0,735;;
26/07/2026 09:45;0,711;0,711;;
26/07/2026 10:00;0,778;0,778;;
26/07/2026 10:15;0,907;0,907;;
26/07/2026 10:30;0,793;0,793;;
26/07/2026 10:45;0,783;0,783;;
26/07/2026 11:00;0,812;0,812;;
26/07/2026 11:15;0,877;0,877;;
26/07/2026 11:30;0,786;0,786;;
26/07/2026 11:45;0,777;0,777;;
26/07/2026 12:00;0,796;0,796;;
26/07/2026 12:15;0,835;0,835;;
26/07/2026 12:30;0,77;0,77;;
26/07/2026 12:45;0,772;0,772;;
26/07/2026 13:00;0,882;0,882;;
26/07/2026 13:15;0,768;0,768;;
26/07/2026 13:30;0,183;0,183;;
26/07/2026 13:45;0,108;0,108;;
26/07/2026 14:00;0,227;0,227;;
26/07/2026 14:15;0,165;0,165;;
26/07/2026 14:30;0,084;0,084;;
26/07/2026 14:45;0,178;0,178;;
26/07/2026 15:00;0,182;0,182;;
26/07/2026 15:15;0,101;0,101;;
26/07/2026 15:30;0,208;0,208;;
26/07/2026 15:45;0,235;0,235;;
26/07/2026 16:00;0,143;0,143;;
26/07/2026 16:15;0,234;0,234;;
26/07/2026 16:30;0,242;0,242;;
26/07/2026 16:45;0,192;0,192;;
26/07/2026 17:00;0,159;0,159;;
26/07/2026 17:15;0,288;0,288;;
26/07/2026 17:30;0,235;0,235;;
26/07/2026 17:45;0,208;0,208;;
26/07/2026 18:00;0,231;0,231;;
26/07/2026 18:15;0,148;0,148;;
26/07/2026 18:30;0,202;0,202;;
26/07/2026 18:45;0,184;0,184;;
26/07/2026 19:00;0,193;0,193;;
26/07/2026 19:15;0,175;0,175;;
26/07/2026 19:30;0,208;0,208;;
26/07/2026 19:45;0,166;0,166;;
26/07/2026 20:00;0,136;0,136;;
26/07/2026 20:15;0,185;0,185;;
26/07/2026 20:30;0,299;0,299;;
26/07/2026 20:45;0,507;0,507;;
26/07/2026 21:00;0,459;0,459;;
26/07/2026 21:15;0,413;0,413;;
26/07/2026 21:30;0,358;0,358;;
26/07/2026 21:45;0,182;0,182;;
26/07/2026 22:00;0,157;0,157;;
26/07/2026 22:15;0,128;0,128;;
26/07/2026 22:30;0,167;0,167;;
26/07/2026 22:45;0,19;0,19;;
26/07/2026 23:00;0,16;0,16;;
26/07/2026 23:15;0,108;0,108;;
26/07/2026 23:30;0,145;0,145;;
26/07/2026 23:45;0,169;0,169;;
27/07/2026 00:00;0,164;0,164;;
27/07/2026 00:15;0,071;0,071;;
27/07/2026 00:30;0,118;0,118;;
27/07/2026 00:45;0,167;0,167;;
27/07/2026 01:00;0,155;0,155;;
27/07/2026 01:15;0,151;0,151;;
27/07/2026 01:30;0,151;0,151;;
27/07/2026 01:45;0,081;0,081;;
27/07/2026 02:00;0,12;0,12;;
27/07/2026 02:15;0,199;0,199;;
27/07/2026 02:30;0,132;0,132;;
27/07/2026 02:45;0,108;0,108;;
27/07/2026 03:00;0,1;0,1;;
27/07/2026 03:15;0,177;0,177;;
27/07/2026 03:30;0,187;0,187;;
27/07/2026 03:45;0,089;0,089;;
27/07/2026 04:00;0,093;0,093;;
27/07/2026 04:15;0,175;0,175;;
27/07/2026 04:30;0,129;0,129;;
27/07/2026 04:45;0,089;0,089;;
27/07/2026 05:00;0,129;0,129;;
27/07/2026 05:15;0,082;0,082;;
27/07/2026 05:30;0,129;0,129;;
27/07/2026 05:45;0,186;0,186;;
27/07/2026 06:00;0,12;0,12;;
27/07/2026 06:15;0,083;0,083;;
27/07/2026 06:30;0,101;0,101;;
27/07/2026 06:45;0,172;0,172;;
27/07/2026 07:00;0,138;0,138;;
27/07/2026 07:15;0,06;0,06;;
27/07/2026 07:30;0,098;0,098;;
27/07/2026 07:45;0,174;0,174;;
27/07/2026 08:00;0,118;0,118;;
27/07/2026 08:15;0,151;0,151;;
27/07/2026 08:30;0,119;0,119;;
27/07/2026 08:45;0,066;0,066;;
27/07/2026 09:00;0,116;0,116;;
27/07/2026 09:15;0,16;0,16;;
27/07/2026 09:30;0,186;0,186;;
27/07/2026 09:45;0,125;0,125;;
27/07/2026 10:00;0,164;0,164;;
27/07/2026 10:15;0,175;0,175;;
27/07/2026 10:30;0,184;0,184;;
27/07/2026 10:45;0,115;0,115;;
27/07/2026 11:00;0,159;0,159;;
27/07/2026 11:15;0,179;0,179;;
27/07/2026 11:30;0,2;0,2;;
27/07/2026 11:45;0,119;0,119;;
27/07/2026 12:00;0,136;0,136;;
27/07/2026 12:15;0,117;0,117;;
27/07/2026 12:30;0,19;0,19;;
27/07/2026 12:45;0,183;0,183;;
27/07/2026 13:00;0,211;0,211;;
27/07/2026 13:15;0,181;0,181;;
27/07/2026 13:30;0,203;0,203;;
27/07/2026 13:45;0,168;0,168;;
27/07/2026 14:00;0,196;0,196;;
27/07/2026 14:15;0,169;0,169;;
27/07/2026 14:30;0,142;0,142;;
27/07/2026 14:45;0,157;0,157;;
27/07/2026 15:00;0,163;0,163;;
27/07/2026 15:15;0,152;0,152;;
27/07/2026 15:30;0,163;0,163;;
27/07/2026 15:45;0,19;0,19;;
27/07/2026 16:00;0,185;0,185;;
27/07/2026 16:15;0,189;0,189;;
27/07/2026 16:30;0,202;0,202;;
27/07/2026 16:45;0,139;0,139;;
27/07/2026 17:00;0,173;0,173;;
27/07/2026 17:15;0,174;0,174;;
27/07/2026 17:30;0,206;0,206;;
27/07/2026 17:45;0,188;0,188;;
27/07/2026 18:00;0,201;0,201;;
27/07/2026 18:15;0,199;0,199;;
27/07/2026 18:30;0,178;0,178;;
27/07/2026 18:45;0,207;0,207;;
27/07/2026 19:00;0,155;0,155;;
27/07/2026 19:15;0,156;0,156;;
27/07/2026 19:30;0,159;0,159;;
27/07/2026 19:45;0,14;0,14;;
27/07/2026 20:00;0,156;0,156;;
27/07/2026 20:15;0,201;0,201;;
27/07/2026 20:30;0,776;0,776;;
27/07/2026 20:45;1.494;1,494;;
27/07/2026 21:00;1.493;1,493;;
27/07/2026 21:15;1.482;1,482;;
27/07/2026 21:30;1.138;1,138;;
27/07/2026 21:45;0,507;0,507;;
27/07/2026 22:00;0,506;0,506;;
27/07/2026 22:15;0,514;0,514;;
27/07/2026 22:30;0,433;0,433;;
27/07/2026 22:45;0,51;0,51;;
27/07/2026 23:00;0,386;0,386;;
27/07/2026 23:15;0,073;0,073;;
27/07/2026 23:30;0,146;0,146;;
27/07/2026 23:45;0,142;0,142;;
28/07/2026 00:00;0,097;0,097;;
28/07/2026 00:15;0,139;0,139;;
28/07/2026 00:30;0,144;0,144;;
28/07/2026 00:45;0,098;0,098;;
28/07/2026 01:00;0,078;0,078;;
28/07/2026 01:15;0,143;0,143;;
28/07/2026 01:30;0,126;0,126;;
28/07/2026 01:45;0,054;0,054;;
28/07/2026 02:00;0,064;0,064;;
28/07/2026 02:15;0,111;0,111;;
28/07/2026 02:30;0,146;0,146;;
28/07/2026 02:45;0,108;0,108;;
28/07/2026 03:00;0,053;0,053;;
28/07/2026 03:15;0,1;0,1;;
28/07/2026 03:30;0,074;0,074;;
28/07/2026 03:45;0,105;0,105;;
28/07/2026 04:00;0,066;0,066;;
28/07/2026 04:15;0,099;0,099;;
28/07/2026 04:30;0,059;0,059;;
28/07/2026 04:45;0,088;0,088;;
28/07/2026 05:00;0,145;0,145;;
28/07/2026 05:15;0,072;0,072;;
28/07/2026 05:30;0,042;0,042;;
28/07/2026 05:45;0,044;0,044;;
28/07/2026 06:00;0,119;0,119;;
28/07/2026 06:15;0,117;0,117;;
28/07/2026 06:30;0,041;0,041;;
28/07/2026 06:45;0,054;0,054;;
28/07/2026 07:00;0,046;0,046;;
28/07/2026 07:15;0,162;0,162;;
28/07/2026 07:30;0,081;0,081;;
28/07/2026 07:45;0,046;0,046;;
28/07/2026 08:00;0,059;0,059;;
28/07/2026 08:15;0,078;0,078;;
28/07/2026 08:30;0,142;0,142;;
28/07/2026 08:45;0,122;0,122;;
28/07/2026 09:00;0,064;0,064;;
28/07/2026 09:15;0,095;0,095;;
28/07/2026 09:30;0,155;0,155;;
28/07/2026 09:45;0,183;0,183;;
28/07/2026 10:00;0,174;0,174;;
28/07/2026 10:15;0,185;0,185;;
28/07/2026 10:30;0,045;0,045;;
28/07/2026 10:45;0,24;0,24;;
28/07/2026 11:00;0,309;0,309;;
28/07/2026 11:15;0,314;0,314;;
28/07/2026 11:30;0,247;0,247;;
28/07/2026 11:45;0,307;0,307;;
28/07/2026 12:00;0,269;0,269;;
28/07/2026 12:15;0,357;0,357;;
28/07/2026 12:30;0,334;0,334;;
28/07/2026 12:45;0,291;0,291;;
28/07/2026 13:00;0,294;0,294;;
28/07/2026 13:15;0,335;0,335;;
28/07/2026 13:30;0,319;0,319;;
28/07/2026 13:45;0,252;0,252;;
28/07/2026 14:00;0,338;0,338;;
28/07/2026 14:15;0,339;0,339;;
28/07/2026 14:30;0,342;0,342;;
28/07/2026 14:45;0,349;0,349;;
28/07/2026 15:00;0,329;0,329;;
28/07/2026 15:15;0,321;0,321;;
28/07/2026 15:30;0,376;0,376;;
28/07/2026 15:45;0,319;0,319;;
28/07/2026 16:00;0,339;0,339;;
28/07/2026 16:15;0,338;0,338;;
28/07/2026 16:30;0,417;0,417;;
28/07/2026 16:45;0,412;0,412;;
28/07/2026 17:00;0,4;0,4;;
28/07/2026 17:15;0,359;0,359;;
28/07/2026 17:30;0,343;0,343;;
28/07/2026 17:45;0,313;0,313;;
28/07/2026 18:00;0,379;0,379;;
28/07/2026 18:15;0,324;0,324;;
28/07/2026 18:30;0,303;0,303;;
28/07/2026 18:45;0,385;0,385;;
28/07/2026 19:00;0,379;0,379;;
28/07/2026 19:15;0,399;0,399;;
28/07/2026 19:30;0,284;0,284;;
28/07/2026 19:45;0,34;0,34;;
28/07/2026 20:00;0,293;0,293;;
28/07/2026 20:15;0,322;0,322;;
28/07/2026 20:30;1.009;1,009;;
28/07/2026 20:45;1.588;1,588;;
28/07/2026 21:00;1.564;1,564;;
28/07/2026 21:15;1.577;1,577;;
28/07/2026 21:30;1.601;1,601;;
28/07/2026 21:45;1.634;1,634;;
28/07/2026 22:00;1.555;1,555;;
28/07/2026 22:15;1.507;1,507;;
28/07/2026 22:30;1.582;1,582;;
28/07/2026 22:45;1.608;1,608;;
28/07/2026 23:00;1.311;1,311;;
28/07/2026 23:15;0,515;0,515;;
28/07/2026 23:30;0,163;0,163;;
28/07/2026 23:45;0,206;0,206;;
29/07/2026 00:00;0,131;0,131;;
29/07/2026 00:15;0,091;0,091;;
29/07/2026 00:30;0,172;0,172;;
29/07/2026 00:45;0,182;0,182;;
29/07/2026 01:00;0,114;0,114;;
29/07/2026 01:15;0,121;0,121;;
29/07/2026 01:30;0,144;0,144;;
29/07/2026 01:45;0,112;0,112;;
29/07/2026 02:00;0,129;0,129;;
29/07/2026 02:15;0,129;0,129;;
29/07/2026 02:30;0,086;0,086;;
29/07/2026 02:45;0,072;0,072;;
29/07/2026 03:00;0,133;0,133;;
29/07/2026 03:15;0,146;0,146;;
29/07/2026 03:30;0,112;0,112;;
29/07/2026 03:45;0,109;0,109;;
29/07/2026 04:00;0,102;0,102;;
29/07/2026 04:15;0,139;0,139;;
29/07/2026 04:30;0,127;0,127;;
29/07/2026 04:45;0,067;0,067;;
29/07/2026 05:00;0,061;0,061;;
29/07/2026 05:15;0,158;0,158;;
29/07/2026 05:30;0,118;0,118;;
29/07/2026 05:45;0,056;0,056;;
29/07/2026 06:00;0,084;0,084;;
29/07/2026 06:15;0,129;0,129;;
29/07/2026 06:30;0,116;0,116;;
29/07/2026 06:45;0,101;0,101;;
29/07/2026 07:00;0,091;0,091;;
29/07/2026 07:15;0,076;0,076;;
29/07/2026 07:30;0,096;0,096;;
29/07/2026 07:45;0,169;0,169;;
29/07/2026 08:00;0,103;0,103;;
29/07/2026 08:15;0,088;0,088;;
29/07/2026 08:30;0,093;0,093;;
29/07/2026 08:45;0,253;0,253;;
29/07/2026 09:00;0,256;0,256;;
29/07/2026 09:15;0,205;0,205;;
29/07/2026 09:30;0,227;0,227;;
29/07/2026 09:45;0,242;0,242;;
29/07/2026 10:00;0,282;0,282;;
29/07/2026 10:15;0,282;0,282;;
29/07/2026 10:30;0,349;0,349;;
29/07/2026 10:45;0,303;0,303;;
29/07/2026 11:00;0,399;0,399;;
29/07/2026 11:15;0,37;0,37;;
29/07/2026 11:30;0,393;0,393;;
29/07/2026 11:45;0,331;0,331;;
29/07/2026 12:00;0,374;0,374;;
29/07/2026 12:15;0,349;0,349;;
29/07/2026 12:30;0,364;0,364;;
29/07/2026 12:45;0,369;0,369;;
29/07/2026 13:00;0,397;0,397;;
29/07/2026 13:15;0,345;0,345;;
29/07/2026 13:30;0,451;0,451;;
29/07/2026 13:45;0,378;0,378;;
29/07/2026 14:00;0,412;0,412;;
29/07/2026 14:15;0,342;0,342;;
29/07/2026 14:30;0,399;0,399;;
29/07/2026 14:45;0,442;0,442;;
29/07/2026 15:00;0,411;0,411;;
29/07/2026 15:15;0,373;0,373;;
29/07/2026 15:30;0,43;0,43;;
29/07/2026 15:45;0,452;0,452;;
29/07/2026 16:00;0,474;0,474;;
29/07/2026 16:15;0,348;0,348;;
29/07/2026 16:30;0,366;0,366;;
29/07/2026 16:45;0,396;0,396;;
29/07/2026 17:00;0,451;0,451;;
29/07/2026 17:15;0,383;0,383;;
29/07/2026 17:30;0,394;0,394;;
29/07/2026 17:45;0,373;0,373;;
29/07/2026 18:00;0,404;0,404;;
29/07/2026 18:15;0,416;0,416;;
29/07/2026 18:30;0,448;0,448;;
29/07/2026 18:45;0,447;0,447;;
29/07/2026 19:00;0,401;0,401;;
29/07/2026 19:15;0,36;0,36;;
29/07/2026 19:30;0,416;0,416;;
29/07/2026 19:45;0,444;0,444;;
29/07/2026 20:00;0,36;0,36;;
29/07/2026 20:15;0,402;0,402;;
29/07/2026 20:30;1.224;1,224;;
29/07/2026 20:45;1.655;1,655;;
29/07/2026 21:00;1.562;1,562;;
29/07/2026 21:15;1.617;1,617;;
29/07/2026 21:30;1.323;1,323;;
29/07/2026 21:45;0,605;0,605;;
29/07/2026 22:00;0,607;0,607;;
29/07/2026 22:15;0,563;0,563;;
29/07/2026 22:30;0,592;0,592;;
29/07/2026 22:45;0,565;0,565;;
29/07/2026 23:00;0,454;0,454;;
29/07/2026 23:15;0,21;0,21;;
29/07/2026 23:30;0,16;0,16;;
29/07/2026 23:45;0,252;0,252;;
30/07/2026 00:00;0,22;0,22;;
30/07/2026 00:15;0,165;0,165;;
30/07/2026 00:30;0,127;0,127;;
30/07/2026 00:45;0,186;0,186;;
30/07/2026 01:00;0,184;0,184;;
30/07/2026 01:15;0,165;0,165;;
30/07/2026 01:30;0,094;0,094;;
30/07/2026 01:45;0,223;0,223;;
30/07/2026 02:00;0,158;0,158;;
30/07/2026 02:15;0,138;0,138;;
30/07/2026 02:30;0,154;0,154;;
30/07/2026 02:45;0,131;0,131;;
30/07/2026 03:00;0,096;0,096;;
30/07/2026 03:15;0,147;0,147;;
30/07/2026 03:30;0,225;0,225;;
30/07/2026 03:45;0,105;0,105;;
30/07/2026 04:00;0,086;0,086;;
30/07/2026 04:15;0,122;0,122;;
30/07/2026 04:30;0,164;0,164;;
30/07/2026 04:45;0,091;0,091;;
30/07/2026 05:00;0,11;0,11;;
30/07/2026 05:15;0,114;0,114;;
30/07/2026 05:30;0,087;0,087;;
30/07/2026 05:45;0,127;0,127;;
30/07/2026 06:00;0,14;0,14;;
30/07/2026 06:15;0,117;0,117;;
30/07/2026 06:30;0,07;0,07;;
30/07/2026 06:45;0,107;0,107;;
30/07/2026 07:00;0,144;0,144;;
30/07/2026 07:15;0,116;0,116;;
30/07/2026 07:30;0,075;0,075;;
30/07/2026 07:45;0,064;0,064;;
30/07/2026 08:00;0,199;0,199;;
30/07/2026 08:15;0,184;0,184;;
30/07/2026 08:30;0,078;0,078;;
30/07/2026 08:45;0,19;0,19;;
30/07/2026 09:00;0,233;0,233;;
30/07/2026 09:15;0,217;0,217;;
30/07/2026 09:30;0,194;0,194;;
30/07/2026 09:45;0,219;0,219;;
30/07/2026 10:00;0,194;0,194;;
30/07/2026 10:15;0,237;0,237;;
30/07/2026 10:30;0,296;0,296;;
30/07/2026 10:45;0,324;0,324;;
30/07/2026 11:00;0,334;0,334;;
30/07/2026 11:15;0,33;0,33;;
30/07/2026 11:30;0,317;0,317;;
30/07/2026 11:45;0,263;0,263;;
30/07/2026 12:00;0,275;0,275;;
30/07/2026 12:15;0,28;0,28;;
30/07/2026 12:30;0,309;0,309;;
30/07/2026 12:45;0,317;0,317;;
30/07/2026 13:00;0,285;0,285;;
30/07/2026 13:15;0,3;0,3;;
30/07/2026 13:30;0,229;0,229;;
30/07/2026 13:45;0,264;0,264;;
30/07/2026 14:00;0,283;0,283;;
30/07/2026 14:15;0,202;0,202;;
30/07/2026 14:30;0,217;0,217;;
30/07/2026 14:45;0,216;0,216;;
30/07/2026 15:00;0,649;0,649;;
30/07/2026 15:15;0,602;0,602;;
30/07/2026 15:30;0,507;0,507;;
30/07/2026 15:45;0,485;0,485;;
30/07/2026 16:00;0,618;0,618;;
30/07/2026 16:15;0,542;0,542;;
30/07/2026 16:30;0,53;0,53;;
30/07/2026 16:45;0,543;0,543;;
30/07/2026 17:00;0,537;0,537;;
30/07/2026 17:15;0,597;0,597;;
30/07/2026 17:30;0,642;0,642;;
30/07/2026 17:45;0,589;0,589;;
30/07/2026 18:00;0,561;0,561;;
30/07/2026 18:15;0,633;0,633;;
30/07/2026 18:30;0,637;0,637;;
30/07/2026 18:45;0,544;0,544;;
30/07/2026 19:00;0,53;0,53;;
30/07/2026 19:15;0,549;0,549;;
30/07/2026 19:30;0,619;0,619;;
30/07/2026 19:45;0,654;0,654;;
30/07/2026 20:00;1.412;1,412;;
30/07/2026 20:15;1.586;1,586;;
30/07/2026 20:30;1.522;1,522;;
30/07/2026 20:45;1.593;1,593;;
30/07/2026 21:00;1.559;1,559;;
30/07/2026 21:15;1.513;1,513;;
30/07/2026 21:30;1.234;1,234;;
30/07/2026 21:45;0,24;0,24;;
30/07/2026 22:00;0,299;0,299;;
30/07/2026 22:15;0,236;0,236;;
30/07/2026 22:30;0,216;0,216;;
30/07/2026 22:45;0,187;0,187;;
30/07/2026 23:00;0,121;0,121;;
30/07/2026 23:15;0,122;0,122;;
30/07/2026 23:30;0,137;0,137;;
30/07/2026 23:45;0,127;0,127;;
31/07/2026 00:00;0,175;0,175;;
31/07/2026 00:15;0,18;0,18;;
31/07/2026 00:30;0,138;0,138;;
31/07/2026 00:45;0,073;0,073;;
31/07/2026 01:00;0,125;0,125;;
31/07/2026 01:15;0,198;0,198;;
31/07/2026 01:30;0,106;0,106;;
31/07/2026 01:45;0,077;0,077;;
31/07/2026 02:00;0,113;0,113;;
31/07/2026 02:15;0,076;0,076;;
31/07/2026 02:30;0,108;0,108;;
31/07/2026 02:45;0,175;0,175;;
31/07/2026 03:00;0,175;0,175;;
31/07/2026 03:15;0,076;0,076;;
31/07/2026 03:30;0,06;0,06;;
31/07/2026 03:45;0,135;0,135;;
31/07/2026 04:00;0,13;0,13;;
31/07/2026 04:15;0,089;0,089;;
31/07/2026 04:30;0,121;0,121;;
31/07/2026 04:45;0,124;0,124;;
31/07/2026 05:00;0,108;0,108;;
31/07/2026 05:15;0,115;0,115;;
31/07/2026 05:30;0,146;0,146;;
31/07/2026 05:45;0,066;0,066;;
31/07/2026 06:00;0,089;0,089;;
31/07/2026 06:15;0,148;0,148;;
31/07/2026 06:30;0,109;0,109;;
31/07/2026 06:45;0,066;0,066;;
31/07/2026 07:00;0,062;0,062;;
31/07/2026 07:15;0,145;0,145;;
31/07/2026 07:30;0,204;0,204;;
31/07/2026 07:45;0,056;0,056;;
31/07/2026 08:00;0,051;0,051;;
31/07/2026 08:15;0,118;0,118;;
31/07/2026 08:30;0,116;0,116;;
31/07/2026 08:45;0,162;0,162;;
31/07/2026 09:00;0,113;0,113;;
31/07/2026 09:15;0,175;0,175;;
31/07/2026 09:30;0,135;0,135;;
31/07/2026 09:45;0,165;0,165;;
31/07/2026 10:00;0,247;0,247;;
31/07/2026 10:15;0,187;0,187;;
31/07/2026 10:30;0,156;0,156;;
31/07/2026 10:45;0,221;0,221;;
31/07/2026 11:00;0,27;0,27;;
31/07/2026 11:15;0,236;0,236;;
31/07/2026 11:30;0,161;0,161;;
31/07/2026 11:45;0,239;0,239;;
31/07/2026 12:00;0,285;0,285;;
31/07/2026 12:15;0,29;0,29;;
31/07/2026 12:30;0,202;0,202;;
31/07/2026 12:45;0,209;0,209;;
31/07/2026 13:00;0,277;0,277;;
31/07/2026 13:15;0,296;0,296;;
31/07/2026 13:30;0,256;0,256;;
31/07/2026 13:45;0,287;0,287;;
31/07/2026 14:00;0,228;0,228;;
31/07/2026 14:15;0,267;0,267;;
31/07/2026 14:30;0,323;0,323;;
31/07/2026 14:45;0,261;0,261;;
31/07/2026 15:00;0,221;0,221;;
31/07/2026 15:15;0,277;0,277;;
31/07/2026 15:30;0,32;0,32;;
31/07/2026 15:45;0,212;0,212;;
31/07/2026 16:00;0,209;0,209;;
31/07/2026 16:15;0,252;0,252;;
31/07/2026 16:30;0,24;0,24;;
31/07/2026 16:45;0,28;0,28;;
31/07/2026 17:00;0,296;0,296;;
31/07/2026 17:15;0,183;0,183;;
31/07/2026 17:30;0,218;0,218;;
31/07/2026 17:45;0,302;0,302;;
31/07/2026 18:00;0,256;0,256;;
31/07/2026 18:15;0,194;0,194;;
31/07/2026 18:30;0,212;0,212;;
31/07/2026 18:45;0,274;0,274;;
31/07/2026 19:00;0,237;0,237;;
31/07/2026 19:15;0,214;0,214;;
31/07/2026 19:30;0,216;0,216;;
31/07/2026 19:45;0,19;0,19;;
31/07/2026 20:00;0,21;0,21;;
31/07/2026 20:15;0,252;0,252;;
31/07/2026 20:30;0,469;0,469;;
31/07/2026 20:45;0,44;0,44;;
31/07/2026 21:00;0,417;0,417;;
31/07/2026 21:15;0,55;0,55;;
31/07/2026 21:30;0,449;0,449;;
31/07/2026 21:45;0,067;0,067;;
31/07/2026 22:00;0,089;0,089;;
31/07/2026 22:15;0,16;0,16;;
31/07/2026 22:30;0,248;0,248;;
31/07/2026 22:45;0,06;0,06;;
31/07/2026 23:00;0,06;0,06;;
31/07/2026 23:15;0,134;0,134;;
31/07/2026 23:30;0,152;0,152;;
31/07/2026 23:45;0,139;0,139;;
01/08/2026 00:00;0,132;0,132;;
01/08/2026 00:15;0,12;0,12;;
01/08/2026 00:30;0,071;0,071;;
01/08/2026 00:45;0,135;0,135;;
01/08/2026 01:00;0,124;0,124;;
01/08/2026 01:15;0,112;0,112;;
01/08/2026 01:30;0,082;0,082;;
01/08/2026 01:45;0,106;0,106;;
01/08/2026 02:00;0,166;0,166;;
01/08/2026 02:15;0,101;0,101;;
01/08/2026 02:30;0,076;0,076;;
01/08/2026 02:45;0,116;0,116;;
01/08/2026 03:00;0,167;0,167;;
01/08/2026 03:15;0,102;0,102;;
01/08/2026 03:30;0,067;0,067;;
01/08/2026 03:45;0,117;0,117;;
01/08/2026 04:00;0,098;0,098;;
01/08/2026 04:15;0,121;0,121;;
01/08/2026 04:30;0,09;0,09;;
01/08/2026 04:45;0,115;0,115;;
01/08/2026 05:00;0,072;0,072;;
01/08/2026 05:15;0,082;0,082;;
01/08/2026 05:30;0,104;0,104;;
01/08/2026 05:45;0,1;0,1;;
01/08/2026 06:00;0,075;0,075;;
01/08/2026 06:15;0,064;0,064;;
01/08/2026 06:30;0,089;0,089;;
01/08/2026 06:45;0,093;0,093;;
01/08/2026 07:00;0,078;0,078;;
01/08/2026 07:15;0,105;0,105;;
01/08/2026 07:30;0,079;0,079;;
01/08/2026 07:45;0,082;0,082;;
01/08/2026 08:00;0,1;0,1;;
01/08/2026 08:15;0,089;0,089;;
01/08/2026 08:30;0,109;0,109;;
01/08/2026 08:45;0,084;0,084;;
01/08/2026 09:00;0,22;0,22;;
01/08/2026 09:15;0,22;0,22;;
01/08/2026 09:30;0,203;0,203;;
01/08/2026 09:45;0,159;0,159;;
01/08/2026 10:00;0,222;0,222;;
01/08/2026 10:15;0,292;0,292;;
01/08/2026 10:30;0,264;0,264;;
01/08/2026 10:45;0,236;0,236;;
01/08/2026 11:00;0,202;0,202;;
01/08/2026 11:15;0,264;0,264;;
01/08/2026 11:30;0,268;0,268;;
01/08/2026 11:45;0,304;0,304;;
01/08/2026 12:00;0,276;0,276;;
01/08/2026 12:15;0,274;0,274;;
01/08/2026 12:30;0,354;0,354;;
01/08/2026 12:45;0,328;0,328;;
01/08/2026 13:00;0,244;0,244;;
01/08/2026 13:15;0,277;0,277;;
01/08/2026 13:30;0,348;0,348;;
01/08/2026 13:45;0,298;0,298;;
01/08/2026 14:00;0,223;0,223;;
01/08/2026 14:15;0,301;0,301;;
01/08/2026 14:30;0,303;0,303;;
01/08/2026 14:45;0,281;0,281;;
01/08/2026 15:00;0,278;0,278;;
01/08/2026 15:15;0,265;0,265;;
01/08/2026 15:30;0,211;0,211;;
01/08/2026 15:45;0,284;0,284;;
01/08/2026 16:00;0,327;0,327;;
01/08/2026 16:15;0,323;0,323;;
01/08/2026 16:30;0,314;0,314;;
01/08/2026 16:45;0,276;0,276;;
01/08/2026 17:00;0,289;0,289;;
01/08/2026 17:15;0,297;0,297;;
01/08/2026 17:30;0,276;0,276;;
01/08/2026 17:45;0,292;0,292;;
01/08/2026 18:00;0,344;0,344;;
01/08/2026 18:15;0,284;0,284;;
01/08/2026 18:30;0,292;0,292;;
01/08/2026 18:45;0,33;0,33;;
01/08/2026 19:00;0,262;0,262;;
01/08/2026 19:15;0,299;0,299;;
01/08/2026 19:30;0,288;0,288;;
01/08/2026 19:45;0,197;0,197;;
01/08/2026 20:00;0,211;0,211;;
01/08/2026 20:15;0,186;0,186;;
01/08/2026 20:30;0,294;0,294;;
01/08/2026 20:45;0,271;0,271;;
01/08/2026 21:00;0,164;0,164;;
01/08/2026 21:15;0,163;0,163;;
01/08/2026 21:30;0,196;0,196;;
01/08/2026 21:45;0,217;0,217;;
01/08/2026 22:00;0,061;0,061;;
01/08/2026 22:15;0,094;0,094;;
01/08/2026 22:30;0,136;0,136;;
01/08/2026 22:45;0,19;0,19;;
01/08/2026 23:00;0,124;0,124;;
01/08/2026 23:15;0,14;0,14;;
01/08/2026 23:30;0,109;0,109;;
01/08/2026 23:45;0,082;0,082;;
02/08/2026 00:00;0,122;0,122;;
02/08/2026 00:15;0,126;0,126;;
02/08/2026 00:30;0,097;0,097;;
02/08/2026 00:45;0,074;0,074;;
02/08/2026 01:00;0,154;0,154;;
02/08/2026 01:15;0,196;0,196;;
02/08/2026 01:30;0,07;0,07;;
02/08/2026 01:45;0,075;0,075;;
02/08/2026 02:00;0,13;0,13;;
02/08/2026 02:15;0,122;0,122;;
02/08/2026 02:30;0,063;0,063;;
02/08/2026 02:45;0,088;0,088;;
02/08/2026 03:00;0,117;0,117;;
02/08/2026 03:15;0,08;0,08;;
02/08/2026 03:30;0,125;0,125;;
02/08/2026 03:45;0,108;0,108;;
02/08/2026 04:00;0,104;0,104;;
02/08/2026 04:15;0,047;0,047;;
02/08/2026 04:30;0,1;0,1;;
02/08/2026 04:45;0,107;0,107;;
02/08/2026 05:00;0,071;0,071;;
02/08/2026 05:15;0,073;0,073;;
02/08/2026 05:30;0,126;0,126;;
02/08/2026 05:45;0,132;0,132;;
02/08/2026 06:00;0,103;0,103;;
02/08/2026 06:15;0,067;0,067;;
02/08/2026 06:30;0,088;0,088;;
02/08/2026 06:45;0,08;0,08;;
02/08/2026 07:00;0,116;0,116;;
02/08/2026 07:15;0,088;0,088;;
02/08/2026 07:30;0,078;0,078;;
02/08/2026 07:45;0,1;0,1;;
02/08/2026 08:00;0,09;0,09;;
02/08/2026 08:15;0,125;0,125;;
02/08/2026 08:30;0,08;0,08;;
02/08/2026 08:45;0,129;0,129;;
02/08/2026 09:00;0,136;0,136;;
02/08/2026 09:15;0,228;0,228;;
02/08/2026 09:30;0,175;0,175;;
02/08/2026 09:45;0,186;0,186;;
02/08/2026 10:00;0,201;0,201;;
02/08/2026 10:15;0,277;0,277;;
02/08/2026 10:30;0,293;0,293;;
02/08/2026 10:45;0,257;0,257;;
02/08/2026 11:00;0,268;0,268;;
02/08/2026 11:15;0,311;0,311;;
02/08/2026 11:30;0,292;0,292;;
02/08/2026 11:45;0,306;0,306;;
02/08/2026 12:00;0,417;0,417;;
02/08/2026 12:15;0,369;0,369;;
02/08/2026 12:30;0,33;0,33;;
02/08/2026 12:45;0,422;0,422;;
02/08/2026 13:00;0,432;0,432;;
02/08/2026 13:15;0,473;0,473;;
02/08/2026 13:30;0,453;0,453;;
02/08/2026 13:45;0,423;0,423;;
02/08/2026 14:00;0,398;0,398;;
02/08/2026 14:15;0,405;0,405;;
02/08/2026 14:30;0,347;0,347;;
02/08/2026 14:45;0,367;0,367;;
02/08/2026 15:00;0,36;0,36;;
02/08/2026 15:15;0,372;0,372;;
02/08/2026 15:30;0,384;0,384;;
02/08/2026 15:45;0,328;0,328;;
02/08/2026 16:00;0,341;0,341;;
02/08/2026 16:15;0,424;0,424;;
02/08/2026 16:30;0,341;0,341;;
02/08/2026 16:45;0,292;0,292;;
02/08/2026 17:00;0,345;0,345;;
02/08/2026 17:15;0,359;0,359;;
02/08/2026 17:30;0,334;0,334;;
02/08/2026 17:45;0,412;0,412;;
02/08/2026 18:00;0,341;0,341;;
02/08/2026 18:15;0,322;0,322;;
02/08/2026 18:30;0,341;0,341;;
02/08/2026 18:45;0,402;0,402;;
02/08/2026 19:00;0,38;0,38;;
02/08/2026 19:15;0,37;0,37;;
02/08/2026 19:30;0,339;0,339;;
02/08/2026 19:45;0,348;0,348;;
02/08/2026 20:00;0,392;0,392;;
02/08/2026 20:15;0,242;0,242;;
02/08/2026 20:30;0,226;0,226;;
02/08/2026 20:45;0,303;0,303;;
02/08/2026 21:00;0,239;0,239;;
02/08/2026 21:15;0,198;0,198;;
02/08/2026 21:30;0,203;0,203;;
02/08/2026 21:45;0,221;0,221;;
02/08/2026 22:00;0,186;0,186;;
02/08/2026 22:15;0,232;0,232;;
02/08/2026 22:30;0,182;0,182;;
02/08/2026 22:45;0,196;0,196;;
02/08/2026 23:00;0,089;0,089;;
02/08/2026 23:15;0,181;0,181;;
02/08/2026 23:30;0,178;0,178;;
02/08/2026 23:45;0,061;0,061;;
03/08/2026 00:00;0,1;0,1;;
03/08/2026 00:15;0,162;0,162;;
03/08/2026 00:30;0,274;0,274;;
03/08/2026 00:45;0,145;0,145;;
03/08/2026 01:00;0,1;0,1;;
03/08/2026 01:15;0,13;0,13;;
03/08/2026 01:30;0,143;0,143;;
03/08/2026 01:45;0,113;0,113;;
03/08/2026 02:00;0,109;0,109;;
03/08/2026 02:15;0,118;0,118;;
03/08/2026 02:30;0,093;0,093;;
03/08/2026 02:45;0,121;0,121;;
03/08/2026 03:00;0,196;0,196;;
03/08/2026 03:15;0,162;0,162;;
03/08/2026 03:30;0,062;0,062;;
03/08/2026 03:45;0,141;0,141;;
03/08/2026 04:00;0,15;0,15;;
03/08/2026 04:15;0,089;0,089;;
03/08/2026 04:30;0,085;0,085;;
03/08/2026 04:45;0,126;0,126;;
03/08/2026 05:00;0,102;0,102;;
03/08/2026 05:15;0,124;0,124;;
03/08/2026 05:30;0,107;0,107;;
03/08/2026 05:45;0,091;0,091;;
03/08/2026 06:00;0,087;0,087;;
03/08/2026 06:15;0,111;0,111;;
03/08/2026 06:30;0,115;0,115;;
03/08/2026 06:45;0,095;0,095;;
03/08/2026 07:00;0,114;0,114;;
03/08/2026 07:15;0,152;0,152;;
03/08/2026 07:30;0,2;0,2;;
03/08/2026 07:45;0,112;0,112;;
03/08/2026 08:00;0,11;0,11;;
03/08/2026 08:15;0,145;0,145;;
03/08/2026 08:30;0,248;0,248;;
03/08/2026 08:45;0,238;0,238;;
03/08/2026 09:00;0,232;0,232;;
03/08/2026 09:15;0,277;0,277;;
03/08/2026 09:30;0,232;0,232;;
03/08/2026 09:45;0,267;0,267;;
03/08/2026 10:00;0,345;0,345;;
03/08/2026 10:15;0,307;0,307;;
03/08/2026 10:30;0,331;0,331;;
03/08/2026 10:45;0,267;0,267;;
03/08/2026 11:00;0,361;0,361;;
03/08/2026 11:15;0,381;0,381;;
03/08/2026 11:30;0,367;0,367;;
03/08/2026 11:45;0,38;0,38;;
03/08/2026 12:00;0,388;0,388;;
03/08/2026 12:15;0,384;0,384;;
03/08/2026 12:30;0,345;0,345;;
03/08/2026 12:45;0,413;0,413;;
03/08/2026 13:00;0,431;0,431;;
03/08/2026 13:15;0,403;0,403;;
03/08/2026 13:30;0,344;0,344;;
03/08/2026 13:45;0,554;0,554;;
03/08/2026 14:00;0,413;0,413;;
03/08/2026 14:15;0,301;0,301;;
03/08/2026 14:30;0,421;0,421;;
03/08/2026 14:45;0,402;0,402;;
03/08/2026 15:00;0,307;0,307;;
03/08/2026 15:15;0,411;0,411;;
03/08/2026 15:30;0,394;0,394;;
03/08/2026 15:45;0,319;0,319;;
03/08/2026 16:00;0,368;0,368;;
03/08/2026 16:15;0,433;0,433;;
03/08/2026 16:30;0,265;0,265;;
03/08/2026 16:45;0,174;0,174;;
03/08/2026 17:00;0,235;0,235;;
03/08/2026 17:15;0,259;0,259;;
03/08/2026 17:30;0,224;0,224;;
03/08/2026 17:45;0,273;0,273;;
03/08/2026 18:00;0,284;0,284;;
03/08/2026 18:15;0,242;0,242;;
03/08/2026 18:30;0,18;0,18;;
03/08/2026 18:45;0,364;0,364;;
03/08/2026 19:00;0,572;0,572;;
03/08/2026 19:15;0,569;0,569;;
03/08/2026 19:30;0,531;0,531;;
03/08/2026 19:45;0,566;0,566;;
03/08/2026 20:00;1.362;1,362;;
03/08/2026 20:15;1.551;1,551;;
03/08/2026 20:30;1,54;1,54;;
03/08/2026 20:45;1.511;1,511;;
03/08/2026 21:00;1.455;1,455;;
03/08/2026 21:15;1.477;1,477;;
03/08/2026 21:30;1.508;1,508;;
03/08/2026 21:45;1.521;1,521;;
03/08/2026 22:00;1.525;1,525;;
03/08/2026 22:15;1.406;1,406;;
03/08/2026 22:30;0,212;0,212;;
03/08/2026 22:45;0,151;0,151;;
03/08/2026 23:00;0,218;0,218;;
03/08/2026 23:15;0,203;0,203;;
03/08/2026 23:30;0,184;0,184;;
03/08/2026 23:45;0,09;0,09;;
04/08/2026 00:00;0,003;0,003;;
04/08/2026 00:15;0,002;0,002;;
04/08/2026 00:30;0,003;0,003;;
04/08/2026 00:45;0,002;0,002;;
04/08/2026 01:00;0,003;0,003;;
04/08/2026 01:15;0,002;0,002;;
04/08/2026 01:30;0,002;0,002;;
04/08/2026 01:45;0,003;0,003;;
04/08/2026 02:00;0,002;0,002;;
04/08/2026 02:15;0,003;0,003;;
04/08/2026 02:30;0,002;0,002;;
04/08/2026 02:45;0,003;0,003;;
04/08/2026 03:00;0,002;0,002;;
04/08/2026 03:15;0,003;0,003;;
04/08/2026 03:30;0,002;0,002;;
04/08/2026 03:45;0,003;0,003;;
04/08/2026 04:00;0,002;0,002;;
04/08/2026 04:15;0,003;0,003;;
04/08/2026 04:30;0,003;0,003;;
04/08/2026 04:45;0,002;0,002;;
04/08/2026 05:00;0,003;0,003;;
04/08/2026 05:15;0,002;0,002;;
04/08/2026 05:30;0,003;0,003;;
04/08/2026 05:45;0,003;0,003;;
04/08/2026 06:00;0,002;0,002;;
04/08/2026 06:15;0,003;0,003;;
04/08/2026 06:30;0,002;0,002;;
04/08/2026 06:45;0,003;0,003;;
04/08/2026 07:00;0,003;0,003;;
04/08/2026 07:15;0,002;0,002;;
04/08/2026 07:30;0,003;0,003;;
04/08/2026 07:45;0,003;0,003;;
04/08/2026 08:00;0,005;0,005;;
04/08/2026 08:15;0,076;0,076;;
04/08/2026 08:30;0,269;0,269;;
04/08/2026 08:45;0,284;0,284;;
04/08/2026 09:00;0,439;0,439;;
04/08/2026 09:15;0,393;0,393;;
04/08/2026 09:30;0,456;0,456;;
04/08/2026 09:45;0,448;0,448;;
04/08/2026 10:00;0,516;0,516;;
04/08/2026 10:15;0,507;0,507;;
04/08/2026 10:30;0,415;0,415;;
04/08/2026 10:45;0,445;0,445;;
04/08/2026 11:00;0,487;0,487;;
04/08/2026 11:15;0,494;0,494;;
04/08/2026 11:30;0,477;0,477;;
04/08/2026 11:45;0,465;0,465;;
04/08/2026 12:00;0,455;0,455;;
04/08/2026 12:15;0,436;0,436;;
04/08/2026 12:30;0,521;0,521;;
04/08/2026 12:45;0,481;0,481;;
04/08/2026 13:00;0,462;0,462;;
04/08/2026 13:15;0,46;0,46;;
04/08/2026 13:30;0,419;0,419;;
04/08/2026 13:45;0,447;0,447;;
04/08/2026 14:00;0,425;0,425;;
04/08/2026 14:15;0,371;0,371;;
04/08/2026 14:30;0,368;0,368;;
04/08/2026 14:45;0,329;0,329;;
04/08/2026 15:00;0,314;0,314;;
04/08/2026 15:15;0,307;0,307;;
04/08/2026 15:30;0,316;0,316;;
04/08/2026 15:45;0,335;0,335;;
04/08/2026 16:00;0,344;0,344;;
04/08/2026 16:15;0,314;0,314;;
04/08/2026 16:30;0,281;0,281;;
04/08/2026 16:45;0,245;0,245;;
04/08/2026 17:00;0,267;0,267;;
04/08/2026 17:15;0,25;0,25;;
04/08/2026 17:30;0,3;0,3;;
04/08/2026 17:45;0,324;0,324;;
04/08/2026 18:00;0,293;0,293;;
04/08/2026 18:15;0,279;0,279;;
04/08/2026 18:30;0,258;0,258;;
04/08/2026 18:45;0,34;0,34;;
04/08/2026 19:00;0,283;0,283;;
04/08/2026 19:15;0,229;0,229;;
04/08/2026 19:30;0,275;0,275;;
04/08/2026 19:45;0,244;0,244;;
04/08/2026 20:00;0,311;0,311;;
04/08/2026 20:15;0,309;0,309;;
04/08/2026 20:30;0,301;0,301;;
04/08/2026 20:45;0,271;0,271;;
04/08/2026 21:00;0,535;0,535;;
04/08/2026 21:15;1.564;1,564;;
04/08/2026 21:30;1.556;1,556;;
04/08/2026 21:45;1.585;1,585;;
04/08/2026 22:00;1.532;1,532;;
04/08/2026 22:15;1.528;1,528;;
04/08/2026 22:30;1.585;1,585;;
04/08/2026 22:45;1.494;1,494;;
04/08/2026 23:00;1.459;1,459;;
04/08/2026 23:15;1.502;1,502;;
04/08/2026 23:30;1.565;1,565;;
04/08/2026 23:45;1.402;1,402;;
05/08/2026 00:00;1.411;1,411;;
05/08/2026 00:15;1.046;1,046;;
05/08/2026 00:30;0,072;0,072;;
05/08/2026 00:45;0,105;0,105;;
05/08/2026 01:00;0,175;0,175;;
05/08/2026 01:15;0,086;0,086;;
05/08/2026 01:30;0,037;0,037;;
05/08/2026 01:45;0,097;0,097;;
05/08/2026 02:00;0,111;0,111;;
05/08/2026 02:15;0,109;0,109;;
05/08/2026 02:30;0,092;0,092;;
05/08/2026 02:45;0,124;0,124;;
05/08/2026 03:00;0,106;0,106;;
05/08/2026 03:15;0,127;0,127;;
05/08/2026 03:30;0,21;0,21;;
05/08/2026 03:45;0,143;0,143;;
05/08/2026 04:00;0,029;0,029;;
05/08/2026 04:15;0,128;0,128;;
05/08/2026 04:30;0,141;0,141;;
05/08/2026 04:45;0,061;0,061;;
05/08/2026 05:00;0,043;0,043;;
05/08/2026 05:15;0,125;0,125;;
05/08/2026 05:30;0,171;0,171;;
05/08/2026 05:45;0,077;0,077;;
05/08/2026 06:00;0,168;0,168;;
05/08/2026 06:15;0,141;0,141;;
05/08/2026 06:30;0,165;0,165;;
05/08/2026 06:45;0,125;0,125;;
05/08/2026 07:00;0,091;0,091;;
05/08/2026 07:15;0,074;0,074;;
05/08/2026 07:30;0,071;0,071;;
05/08/2026 07:45;0,165;0,165;;
05/08/2026 08:00;0,213;0,213;;
05/08/2026 08:15;0,138;0,138;;
05/08/2026 08:30;0,045;0,045;;
05/08/2026 08:45;0,127;0,127;;
05/08/2026 09:00;0,148;0,148;;
05/08/2026 09:15;0,183;0,183;;
05/08/2026 09:30;0,135;0,135;;
05/08/2026 09:45;0,197;0,197;;
05/08/2026 10:00;0,245;0,245;;
05/08/2026 10:15;0,233;0,233;;
05/08/2026 10:30;0,116;0,116;;
05/08/2026 10:45;0,156;0,156;;
05/08/2026 11:00;0,243;0,243;;
05/08/2026 11:15;0,219;0,219;;
05/08/2026 11:30;0,208;0,208;;
05/08/2026 11:45;0,168;0,168;;
05/08/2026 12:00;0,175;0,175;;
05/08/2026 12:15;0,26;0,26;;
05/08/2026 12:30;0,258;0,258;;
05/08/2026 12:45;0,188;0,188;;
05/08/2026 13:00;0,194;0,194;;
05/08/2026 13:15;0,269;0,269;;
05/08/2026 13:30;0,258;0,258;;
05/08/2026 13:45;0,186;0,186;;
05/08/2026 14:00;0,233;0,233;;
05/08/2026 14:15;0,224;0,224;;
05/08/2026 14:30;0,226;0,226;;
05/08/2026 14:45;0,263;0,263;;
05/08/2026 15:00;0,285;0,285;;
05/08/2026 15:15;0,191;0,191;;
05/08/2026 15:30;0,221;0,221;;
05/08/2026 15:45;0,308;0,308;;
05/08/2026 16:00;0,369;0,369;;
05/08/2026 16:15;0,272;0,272;;
05/08/2026 16:30;0,323;0,323;;
05/08/2026 16:45;0,326;0,326;;
05/08/2026 17:00;0,307;0,307;;
05/08/2026 17:15;0,314;0,314;;
05/08/2026 17:30;0,269;0,269;;
05/08/2026 17:45;0,239;0,239;;
05/08/2026 18:00;0,272;0,272;;
05/08/2026 18:15;0,293;0,293;;
05/08/2026 18:30;0,244;0,244;;
05/08/2026 18:45;0,218;0,218;;
05/08/2026 19:00;0,259;0,259;;
05/08/2026 19:15;0,284;0,284;;
05/08/2026 19:30;0,253;0,253;;
05/08/2026 19:45;0,23;0,23;;
05/08/2026 20:00;0,209;0,209;;
05/08/2026 20:15;0,865;0,865;;
05/08/2026 20:30;1.605;1,605;;
05/08/2026 20:45;1.507;1,507;;
05/08/2026 21:00;1.522;1,522;;
05/08/2026 21:15;1.565;1,565;;
05/08/2026 21:30;1.256;1,256;;
05/08/2026 21:45;0,793;0,793;;
05/08/2026 22:00;0,822;0,822;;
05/08/2026 22:15;0,734;0,734;;
05/08/2026 22:30;0,765;0,765;;
05/08/2026 22:45;0,827;0,827;;
05/08/2026 23:00;0,672;0,672;;
05/08/2026 23:15;0,439;0,439;;
05/08/2026 23:30;0,442;0,442;;
05/08/2026 23:45;0,503;0,503;;
06/08/2026 00:00;0,154;0,154;;
06/08/2026 00:15;0,135;0,135;;
06/08/2026 00:30;0,108;0,108;;
06/08/2026 00:45;0,117;0,117;;
06/08/2026 01:00;0,101;0,101;;
06/08/2026 01:15;0,124;0,124;;
06/08/2026 01:30;0,115;0,115;;
06/08/2026 01:45;0,06;0,06;;
06/08/2026 02:00;0,071;0,071;;
06/08/2026 02:15;0,173;0,173;;
06/08/2026 02:30;0,14;0,14;;
06/08/2026 02:45;0,091;0,091;;
06/08/2026 03:00;0,077;0,077;;
06/08/2026 03:15;0,123;0,123;;
06/08/2026 03:30;0,122;0,122;;
06/08/2026 03:45;0,059;0,059;;
06/08/2026 04:00;0,107;0,107;;
06/08/2026 04:15;0,109;0,109;;
06/08/2026 04:30;0,091;0,091;;
06/08/2026 04:45;0,109;0,109;;
06/08/2026 05:00;0,145;0,145;;
06/08/2026 05:15;0,1;0,1;;
06/08/2026 05:30;0,078;0,078;;
06/08/2026 05:45;0,109;0,109;;
06/08/2026 06:00;0,108;0,108;;
06/08/2026 06:15;0,092;0,092;;
06/08/2026 06:30;0,153;0,153;;
06/08/2026 06:45;0,178;0,178;;
06/08/2026 07:00;0,213;0,213;;
06/08/2026 07:15;0,176;0,176;;
06/08/2026 07:30;0,114;0,114;;
06/08/2026 07:45;0,15;0,15;;
06/08/2026 08:00;0,181;0,181;;
06/08/2026 08:15;0,15;0,15;;
06/08/2026 08:30;0,12;0,12;;
06/08/2026 08:45;0,144;0,144;;
06/08/2026 09:00;0,103;0,103;;
06/08/2026 09:15;0,248;0,248;;
06/08/2026 09:30;0,295;0,295;;
06/08/2026 09:45;0,273;0,273;;
06/08/2026 10:00;0,185;0,185;;
06/08/2026 10:15;0,142;0,142;;
06/08/2026 10:30;0,277;0,277;;
06/08/2026 10:45;0,261;0,261;;
06/08/2026 11:00;0,184;0,184;;
06/08/2026 11:15;0,188;0,188;;
06/08/2026 11:30;0,273;0,273;;
06/08/2026 11:45;0,265;0,265;;
06/08/2026 12:00;0,22;0,22;;
06/08/2026 12:15;0,238;0,238;;
06/08/2026 12:30;0,202;0,202;;
06/08/2026 12:45;0,253;0,253;;
06/08/2026 13:00;0,246;0,246;;
06/08/2026 13:15;0,188;0,188;;
06/08/2026 13:30;0,195;0,195;;
06/08/2026 13:45;0,193;0,193;;
06/08/2026 14:00;0,286;0,286;;
06/08/2026 14:15;0,234;0,234;;
06/08/2026 14:30;0,148;0,148;;
06/08/2026 14:45;0,264;0,264;;
06/08/2026 15:00;0,284;0,284;;
06/08/2026 15:15;0,301;0,301;;
06/08/2026 15:30;0,282;0,282;;
06/08/2026 15:45;0,199;0,199;;
06/08/2026 16:00;0,225;0,225;;
06/08/2026 16:15;0,291;0,291;;
06/08/2026 16:30;0,223;0,223;;
06/08/2026 16:45;0,285;0,285;;
06/08/2026 17:00;0,264;0,264;;
06/08/2026 17:15;0,165;0,165;;
06/08/2026 17:30;0,191;0,191;;
06/08/2026 17:45;0,276;0,276;;
06/08/2026 18:00;0,244;0,244;;
06/08/2026 18:15;0,213;0,213;;
06/08/2026 18:30;0,245;0,245;;
06/08/2026 18:45;0,23;0,23;;
06/08/2026 19:00;0,22;0,22;;
06/08/2026 19:15;0,25;0,25;;
06/08/2026 19:30;0,195;0,195;;
06/08/2026 19:45;0,215;0,215;;
06/08/2026 20:00;0,265;0,265;;
06/08/2026 20:15;0,884;0,884;;
06/08/2026 20:30;1,41;1,41;;
06/08/2026 20:45;1.465;1,465;;
06/08/2026 21:00;1.479;1,479;;
06/08/2026 21:15;1.441;1,441;;
06/08/2026 21:30;0,972;0,972;;
06/08/2026 21:45;0,104;0,104;;
06/08/2026 22:00;0,211;0,211;;
06/08/2026 22:15;0,206;0,206;;
06/08/2026 22:30;0,102;0,102;;
06/08/2026 22:45;0,158;0,158;;
06/08/2026 23:00;0,216;0,216;;
06/08/2026 23:15;0,187;0,187;;
06/08/2026 23:30;0,153;0,153;;
06/08/2026 23:45;0,174;0,174;;
07/08/2026 00:00;0,185;0,185;;
07/08/2026 00:15;0,129;0,129;;
07/08/2026 00:30;0,171;0,171;;
07/08/2026 00:45;0,221;0,221;;
07/08/2026 01:00;0,12;0,12;;
07/08/2026 01:15;0,124;0,124;;
07/08/2026 01:30;0,222;0,222;;
07/08/2026 01:45;0,213;0,213;;
07/08/2026 02:00;0,155;0,155;;
07/08/2026 02:15;0,133;0,133;;
07/08/2026 02:30;0,121;0,121;;
07/08/2026 02:45;0,242;0,242;;
07/08/2026 03:00;0,148;0,148;;
07/08/2026 03:15;0,175;0,175;;
07/08/2026 03:30;0,178;0,178;;
07/08/2026 03:45;0,131;0,131;;
07/08/2026 04:00;0,203;0,203;;
07/08/2026 04:15;0,184;0,184;;
07/08/2026 04:30;0,179;0,179;;
07/08/2026 04:45;0,115;0,115;;
07/08/2026 05:00;0,174;0,174;;
07/08/2026 05:15;0,222;0,222;;
07/08/2026 05:30;0,133;0,133;;
07/08/2026 05:45;0,14;0,14;;
07/08/2026 06:00;0,126;0,126;;
07/08/2026 06:15;0,255;0,255;;
07/08/2026 06:30;0,168;0,168;;
07/08/2026 06:45;0,144;0,144;;
07/08/2026 07:00;0,117;0,117;;
07/08/2026 07:15;0,191;0,191;;
07/08/2026 07:30;0,16;0,16;;
07/08/2026 07:45;0,213;0,213;;
07/08/2026 08:00;0,195;0,195;;
07/08/2026 08:15;0,182;0,182;;
07/08/2026 08:30;0,198;0,198;;
07/08/2026 08:45;0,199;0,199;;
07/08/2026 09:00;0,281;0,281;;
07/08/2026 09:15;0,288;0,288;;
07/08/2026 09:30;0,259;0,259;;
07/08/2026 09:45;0,281;0,281;;
07/08/2026 10:00;0,263;0,263;;
07/08/2026 10:15;0,193;0,193;;
07/08/2026 10:30;0,163;0,163;;
07/08/2026 10:45;0,288;0,288;;
07/08/2026 11:00;0,29;0,29;;
07/08/2026 11:15;0,27;0,27;;
07/08/2026 11:30;0,246;0,246;;
07/08/2026 11:45;0,201;0,201;;
07/08/2026 12:00;0,205;0,205;;
07/08/2026 12:15;0,277;0,277;;
07/08/2026 12:30;0,289;0,289;;
07/08/2026 12:45;0,207;0,207;;
07/08/2026 13:00;0,181;0,181;;
07/08/2026 13:15;0,286;0,286;;
07/08/2026 13:30;0,27;0,27;;
07/08/2026 13:45;0,182;0,182;;
07/08/2026 14:00;0,178;0,178;;
07/08/2026 14:15;0,288;0,288;;
07/08/2026 14:30;0,248;0,248;;
07/08/2026 14:45;0,195;0,195;;
07/08/2026 15:00;0,232;0,232;;
07/08/2026 15:15;0,177;0,177;;
07/08/2026 15:30;0,236;0,236;;
07/08/2026 15:45;0,296;0,296;;
07/08/2026 16:00;0,27;0,27;;
07/08/2026 16:15;0,195;0,195;;
07/08/2026 16:30;0,213;0,213;;
07/08/2026 16:45;0,304;0,304;;
07/08/2026 17:00;0,342;0,342;;
07/08/2026 17:15;0,26;0,26;;
07/08/2026 17:30;0,206;0,206;;
07/08/2026 17:45;0,283;0,283;;
07/08/2026 18:00;0,298;0,298;;
07/08/2026 18:15;0,219;0,219;;
07/08/2026 18:30;0,26;0,26;;
07/08/2026 18:45;0,274;0,274;;
07/08/2026 19:00;0,256;0,256;;
07/08/2026 19:15;0,258;0,258;;
07/08/2026 19:30;0,214;0,214;;
07/08/2026 19:45;0,193;0,193;;
07/08/2026 20:00;0,244;0,244;;
07/08/2026 20:15;0,493;0,493;;
07/08/2026 20:30;0,514;0,514;;
07/08/2026 20:45;0,478;0,478;;
07/08/2026 21:00;0,467;0,467;;
07/08/2026 21:15;0,529;0,529;;
07/08/2026 21:30;0,447;0,447;;
07/08/2026 21:45;0,062;0,062;;
07/08/2026 22:00;0,1;0,1;;
07/08/2026 22:15;0,131;0,131;;
07/08/2026 22:30;0,129;0,129;;
07/08/2026 22:45;0,14;0,14;;
07/08/2026 23:00;0,12;0,12;;
07/08/2026 23:15;0,065;0,065;;
07/08/2026 23:30;0,094;0,094;;
07/08/2026 23:45;0,159;0,159;;
08/08/2026 00:00;0,105;0,105;;
08/08/2026 00:15;0,042;0,042;;
08/08/2026 00:30;0,139;0,139;;
08/08/2026 00:45;0,194;0,194;;
08/08/2026 01:00;0,242;0,242;;
08/08/2026 01:15;0,131;0,131;;
08/08/2026 01:30;0,159;0,159;;
08/08/2026 01:45;0,18;0,18;;
08/08/2026 02:00;0,164;0,164;;
08/08/2026 02:15;0,191;0,191;;
08/08/2026 02:30;0,146;0,146;;
08/08/2026 02:45;0,146;0,146;;
08/08/2026 03:00;0,164;0,164;;
08/08/2026 03:15;0,194;0,194;;
08/08/2026 03:30;0,23;0,23;;
08/08/2026 03:45;0,099;0,099;;
08/08/2026 04:00;0,144;0,144;;
08/08/2026 04:15;0,177;0,177;;
08/08/2026 04:30;0,249;0,249;;
08/08/2026 04:45;0,097;0,097;;
08/08/2026 05:00;0,131;0,131;;
08/08/2026 05:15;0,159;0,159;;
08/08/2026 05:30;0,221;0,221;;
08/08/2026 05:45;0,18;0,18;;
08/08/2026 06:00;0,154;0,154;;
08/08/2026 06:15;0,171;0,171;;
08/08/2026 06:30;0,137;0,137;;
08/08/2026 06:45;0,186;0,186;;
08/08/2026 07:00;0,152;0,152;;
08/08/2026 07:15;0,171;0,171;;
08/08/2026 07:30;0,113;0,113;;
08/08/2026 07:45;0,19;0,19;;
08/08/2026 08:00;0,211;0,211;;
08/08/2026 08:15;0,138;0,138;;
08/08/2026 08:30;0,087;0,087;;
08/08/2026 08:45;0,128;0,128;;
08/08/2026 09:00;0,28;0,28;;
08/08/2026 09:15;0,207;0,207;;
08/08/2026 09:30;0,155;0,155;;
08/08/2026 09:45;0,18;0,18;;
08/08/2026 10:00;0,252;0,252;;
08/08/2026 10:15;0,235;0,235;;
08/08/2026 10:30;0,293;0,293;;
08/08/2026 10:45;0,312;0,312;;
08/08/2026 11:00;0,229;0,229;;
08/08/2026 11:15;0,267;0,267;;
08/08/2026 11:30;0,317;0,317;;
08/08/2026 11:45;0,297;0,297;;
08/08/2026 12:00;0,207;0,207;;
08/08/2026 12:15;0,271;0,271;;
08/08/2026 12:30;0,669;0,669;;
08/08/2026 12:45;0,664;0,664;;
08/08/2026 13:00;0,583;0,583;;
08/08/2026 13:15;0,62;0,62;;
08/08/2026 13:30;0,66;0,66;;
08/08/2026 13:45;0,592;0,592;;
08/08/2026 14:00;0,549;0,549;;
08/08/2026 14:15;0,612;0,612;;
08/08/2026 14:30;0,599;0,599;;
08/08/2026 14:45;0,643;0,643;;
08/08/2026 15:00;0,682;0,682;;
08/08/2026 15:15;0,659;0,659;;
08/08/2026 15:30;0,602;0,602;;
08/08/2026 15:45;0,614;0,614;;
08/08/2026 16:00;0,67;0,67;;
08/08/2026 16:15;0,576;0,576;;
08/08/2026 16:30;0,623;0,623;;
08/08/2026 16:45;0,596;0,596;;
08/08/2026 17:00;0,639;0,639;;
08/08/2026 17:15;0,676;0,676;;
08/08/2026 17:30;0,617;0,617;;
08/08/2026 17:45;0,624;0,624;;
08/08/2026 18:00;0,645;0,645;;
08/08/2026 18:15;0,654;0,654;;
08/08/2026 18:30;0,668;0,668;;
08/08/2026 18:45;0,591;0,591;;
08/08/2026 19:00;0,61;0,61;;
08/08/2026 19:15;0,611;0,611;;
08/08/2026 19:30;0,672;0,672;;
08/08/2026 19:45;0,653;0,653;;
08/08/2026 20:00;0,476;0,476;;
08/08/2026 20:15;1.026;1,026;;
08/08/2026 20:30;1.262;1,262;;
08/08/2026 20:45;1.154;1,154;;
08/08/2026 21:00;1.198;1,198;;
08/08/2026 21:15;1.174;1,174;;
08/08/2026 21:30;0,886;0,886;;
08/08/2026 21:45;0,21;0,21;;
08/08/2026 22:00;0,175;0,175;;
08/08/2026 22:15;0,072;0,072;;
08/08/2026 22:30;0,114;0,114;;
08/08/2026 22:45;0,232;0,232;;
08/08/2026 23:00;0,149;0,149;;
08/08/2026 23:15;0,067;0,067;;
08/08/2026 23:30;0,079;0,079;;
08/08/2026 23:45;0,114;0,114;;
09/08/2026 00:00;0,183;0,183;;
09/08/2026 00:15;0,173;0,173;;
09/08/2026 00:30;0,12;0,12;;
09/08/2026 00:45;0,068;0,068;;
09/08/2026 01:00;0,137;0,137;;
09/08/2026 01:15;0,16;0,16;;
09/08/2026 01:30;0,067;0,067;;
09/08/2026 01:45;0,083;0,083;;
09/08/2026 02:00;0,134;0,134;;
09/08/2026 02:15;0,091;0,091;;
09/08/2026 02:30;0,11;0,11;;
09/08/2026 02:45;0,14;0,14;;
09/08/2026 03:00;0,082;0,082;;
09/08/2026 03:15;0,055;0,055;;
09/08/2026 03:30;0,134;0,134;;
09/08/2026 03:45;0,125;0,125;;
09/08/2026 04:00;0,063;0,063;;
09/08/2026 04:15;0,09;0,09;;
09/08/2026 04:30;0,098;0,098;;
09/08/2026 04:45;0,095;0,095;;
09/08/2026 05:00;0,078;0,078;;
09/08/2026 05:15;0,111;0,111;;
09/08/2026 05:30;0,062;0,062;;
09/08/2026 05:45;0,044;0,044;;
09/08/2026 06:00;0,119;0,119;;
09/08/2026 06:15;0,105;0,105;;
09/08/2026 06:30;0,053;0,053;;
09/08/2026 06:45;0,051;0,051;;
09/08/2026 07:00;0,1;0,1;;
09/08/2026 07:15;0,135;0,135;;
09/08/2026 07:30;0,061;0,061;;
09/08/2026 07:45;0,048;0,048;;
09/08/2026 08:00;0,083;0,083;;
09/08/2026 08:15;0,116;0,116;;
09/08/2026 08:30;0,126;0,126;;
09/08/2026 08:45;0,091;0,091;;
09/08/2026 09:00;0,108;0,108;;
09/08/2026 09:15;0,091;0,091;;
09/08/2026 09:30;0,141;0,141;;
09/08/2026 09:45;0,172;0,172;;
09/08/2026 10:00;0,163;0,163;;
09/08/2026 10:15;0,067;0,067;;
09/08/2026 10:30;0,142;0,142;;
09/08/2026 10:45;0,205;0,205;;
09/08/2026 11:00;0,185;0,185;;
09/08/2026 11:15;0,176;0,176;;
09/08/2026 11:30;0,151;0,151;;
09/08/2026 11:45;0,404;0,404;;
09/08/2026 12:00;0,491;0,491;;
09/08/2026 12:15;0,44;0,44;;
09/08/2026 12:30;0,44;0,44;;
09/08/2026 12:45;0,407;0,407;;
09/08/2026 13:00;0,33;0,33;;
09/08/2026 13:15;0,415;0,415;;
09/08/2026 13:30;0,398;0,398;;
09/08/2026 13:45;0,358;0,358;;
09/08/2026 14:00;0,382;0,382;;
09/08/2026 14:15;0,415;0,415;;
09/08/2026 14:30;0,389;0,389;;
09/08/2026 14:45;0,292;0,292;;
09/08/2026 15:00;0,356;0,356;;
09/08/2026 15:15;0,361;0,361;;
09/08/2026 15:30;0,279;0,279;;
09/08/2026 15:45;0,351;0,351;;
09/08/2026 16:00;0,301;0,301;;
09/08/2026 16:15;0,28;0,28;;
09/08/2026 16:30;0,33;0,33;;
09/08/2026 16:45;0,277;0,277;;
09/08/2026 17:00;0,262;0,262;;
09/08/2026 17:15;0,275;0,275;;
09/08/2026 17:30;0,243;0,243;;
09/08/2026 17:45;0,318;0,318;;
09/08/2026 18:00;0,319;0,319;;
09/08/2026 18:15;0,245;0,245;;
09/08/2026 18:30;0,223;0,223;;
09/08/2026 18:45;0,303;0,303;;
09/08/2026 19:00;0,224;0,224;;
09/08/2026 19:15;0,174;0,174;;
09/08/2026 19:30;0,3;0,3;;
09/08/2026 19:45;0,202;0,202;;
09/08/2026 20:00;0,184;0,184;;
09/08/2026 20:15;0,263;0,263;;
09/08/2026 20:30;0,205;0,205;;
09/08/2026 20:45;0,195;0,195;;
09/08/2026 21:00;0,218;0,218;;
09/08/2026 21:15;0,217;0,217;;
09/08/2026 21:30;0,067;0,067;;
09/08/2026 21:45;0,153;0,153;;
09/08/2026 22:00;0,089;0,089;;
09/08/2026 22:15;0,142;0,142;;
09/08/2026 22:30;0,187;0,187;;
09/08/2026 22:45;0,131;0,131;;
09/08/2026 23:00;0,079;0,079;;
09/08/2026 23:15;0,176;0,176;;
09/08/2026 23:30;0,222;0,222;;
09/08/2026 23:45;0,087;0,087;;
10/08/2026 00:00;0,098;0,098;;
10/08/2026 00:15;0,185;0,185;;
10/08/2026 00:30;0,077;0,077;;
10/08/2026 00:45;0,093;0,093;;
10/08/2026 01:00;0,168;0,168;;
10/08/2026 01:15;0,117;0,117;;
10/08/2026 01:30;0,087;0,087;;
10/08/2026 01:45;0,173;0,173;;
10/08/2026 02:00;0,116;0,116;;
10/08/2026 02:15;0,073;0,073;;
10/08/2026 02:30;0,151;0,151;;
10/08/2026 02:45;0,121;0,121;;
10/08/2026 03:00;0,1;0,1;;
10/08/2026 03:15;0,114;0,114;;
10/08/2026 03:30;0,106;0,106;;
10/08/2026 03:45;0,134;0,134;;
10/08/2026 04:00;0,14;0,14;;
10/08/2026 04:15;0,122;0,122;;
10/08/2026 04:30;0,114;0,114;;
10/08/2026 04:45;0,117;0,117;;
10/08/2026 05:00;0,1;0,1;;
10/08/2026 05:15;0,133;0,133;;
10/08/2026 05:30;0,125;0,125;;
10/08/2026 05:45;0,089;0,089;;
10/08/2026 06:00;0,101;0,101;;
10/08/2026 06:15;0,166;0,166;;
10/08/2026 06:30;0,104;0,104;;
10/08/2026 06:45;0,075;0,075;;
10/08/2026 07:00;0,125;0,125;;
10/08/2026 07:15;0,164;0,164;;
10/08/2026 07:30;0,089;0,089;;
10/08/2026 07:45;0,075;0,075;;
10/08/2026 08:00;0,139;0,139;;
10/08/2026 08:15;0,17;0,17;;
10/08/2026 08:30;0,167;0,167;;
10/08/2026 08:45;0,294;0,294;;
10/08/2026 09:00;0,269;0,269;;
10/08/2026 09:15;0,196;0,196;;
10/08/2026 09:30;0,254;0,254;;
10/08/2026 09:45;0,253;0,253;;
10/08/2026 10:00;0,28;0,28;;
10/08/2026 10:15;0,319;0,319;;
10/08/2026 10:30;0,344;0,344;;
10/08/2026 10:45;0,318;0,318;;
10/08/2026 11:00;0,345;0,345;;
10/08/2026 11:15;0,344;0,344;;
10/08/2026 11:30;0,281;0,281;;
10/08/2026 11:45;0,324;0,324;;
10/08/2026 12:00;0,329;0,329;;
10/08/2026 12:15;0,317;0,317;;
10/08/2026 12:30;0,343;0,343;;
10/08/2026 12:45;0,373;0,373;;
10/08/2026 13:00;0,317;0,317;;
10/08/2026 13:15;0,356;0,356;;
10/08/2026 13:30;0,339;0,339;;
10/08/2026 13:45;0,315;0,315;;
10/08/2026 14:00;0,387;0,387;;
10/08/2026 14:15;0,358;0,358;;
10/08/2026 14:30;0,348;0,348;;
10/08/2026 14:45;0,335;0,335;;
10/08/2026 15:00;0,373;0,373;;
10/08/2026 15:15;0,381;0,381;;
10/08/2026 15:30;0,268;0,268;;
10/08/2026 15:45;0,269;0,269;;
10/08/2026 16:00;0,353;0,353;;
10/08/2026 16:15;0,34;0,34;;
10/08/2026 16:30;0,314;0,314;;
10/08/2026 16:45;0,264;0,264;;
10/08/2026 17:00;0,259;0,259;;
10/08/2026 17:15;0,368;0,368;;
10/08/2026 17:30;0,313;0,313;;
10/08/2026 17:45;0,218;0,218;;
10/08/2026 18:00;0,325;0,325;;
10/08/2026 18:15;0,29;0,29;;
10/08/2026 18:30;0,217;0,217;;
10/08/2026 18:45;0,273;0,273;;
10/08/2026 19:00;0,273;0,273;;
10/08/2026 19:15;0,218;0,218;;
10/08/2026 19:30;0,211;0,211;;
10/08/2026 19:45;0,277;0,277;;
10/08/2026 20:00;0,241;0,241;;
10/08/2026 20:15;1.575;1,575;;
10/08/2026 20:30;1.605;1,605;;
10/08/2026 20:45;1.526;1,526;;
10/08/2026 21:00;1,47;1,47;;
10/08/2026 21:15;1.501;1,501;;
10/08/2026 21:30;1.273;1,273;;
10/08/2026 21:45;0,464;0,464;;
10/08/2026 22:00;0,451;0,451;;
10/08/2026 22:15;0,428;0,428;;
10/08/2026 22:30;0,502;0,502;;
10/08/2026 22:45;0,464;0,464;;
10/08/2026 23:00;0,304;0,304;;
10/08/2026 23:15;0,176;0,176;;
10/08/2026 23:30;0,19;0,19;;
10/08/2026 23:45;0,165;0,165;;
11/08/2026 00:00;0,113;0,113;;
11/08/2026 00:15;0,169;0,169;;
11/08/2026 00:30;0,154;0,154;;
11/08/2026 00:45;0,133;0,133;;
11/08/2026 01:00;0,205;0,205;;
11/08/2026 01:15;0,185;0,185;;
11/08/2026 01:30;0,121;0,121;;
11/08/2026 01:45;0,159;0,159;;
11/08/2026 02:00;0,196;0,196;;
11/08/2026 02:15;0,166;0,166;;
11/08/2026 02:30;0,136;0,136;;
11/08/2026 02:45;0,139;0,139;;
11/08/2026 03:00;0,188;0,188;;
11/08/2026 03:15;0,225;0,225;;
11/08/2026 03:30;0,15;0,15;;
11/08/2026 03:45;0,1;0,1;;
11/08/2026 04:00;0,182;0,182;;
11/08/2026 04:15;0,223;0,223;;
11/08/2026 04:30;0,113;0,113;;
11/08/2026 04:45;0,104;0,104;;
11/08/2026 05:00;0,196;0,196;;
11/08/2026 05:15;0,147;0,147;;
11/08/2026 05:30;0,192;0,192;;
11/08/2026 05:45;0,199;0,199;;
11/08/2026 06:00;0,164;0,164;;
11/08/2026 06:15;0,121;0,121;;
11/08/2026 06:30;0,167;0,167;;
11/08/2026 06:45;0,158;0,158;;
11/08/2026 07:00;0,159;0,159;;
11/08/2026 07:15;0,22;0,22;;
11/08/2026 07:30;0,168;0,168;;
11/08/2026 07:45;0,236;0,236;;
11/08/2026 08:00;0,244;0,244;;
11/08/2026 08:15;0,151;0,151;;
11/08/2026 08:30;0,113;0,113;;
11/08/2026 08:45;0,297;0,297;;
11/08/2026 09:00;0,276;0,276;;
11/08/2026 09:15;0,193;0,193;;
11/08/2026 09:30;0,204;0,204;;
11/08/2026 09:45;0,234;0,234;;
11/08/2026 10:00;0,295;0,295;;
11/08/2026 10:15;0,337;0,337;;
11/08/2026 10:30;0,308;0,308;;
11/08/2026 10:45;0,252;0,252;;
11/08/2026 11:00;0,29;0,29;;
11/08/2026 11:15;0,372;0,372;;
11/08/2026 11:30;0,405;0,405;;
11/08/2026 11:45;0,49;0,49;;
11/08/2026 12:00;0,447;0,447;;
11/08/2026 12:15;0,421;0,421;;
11/08/2026 12:30;0,483;0,483;;
11/08/2026 12:45;0,46;0,46;;
11/08/2026 13:00;0,254;0,254;;
11/08/2026 13:15;0,303;0,303;;
11/08/2026 13:30;0,287;0,287;;
11/08/2026 13:45;0,213;0,213;;
11/08/2026 14:00;0,237;0,237;;
11/08/2026 14:15;0,291;0,291;;
11/08/2026 14:30;0,286;0,286;;
11/08/2026 14:45;0,281;0,281;;
11/08/2026 15:00;0,272;0,272;;
11/08/2026 15:15;0,307;0,307;;
11/08/2026 15:30;0,354;0,354;;
11/08/2026 15:45;0,474;0,474;;
11/08/2026 16:00;0,418;0,418;;
11/08/2026 16:15;0,606;0,606;;
11/08/2026 16:30;0,583;0,583;;
11/08/2026 16:45;0,462;0,462;;
11/08/2026 17:00;0,56;0,56;;
11/08/2026 17:15;0,644;0,644;;
11/08/2026 17:30;0,357;0,357;;
11/08/2026 17:45;0,488;0,488;;
11/08/2026 18:00;0,521;0,521;;
11/08/2026 18:15;0,292;0,292;;
11/08/2026 18:30;0,246;0,246;;
11/08/2026 18:45;0,408;0,408;;
11/08/2026 19:00;0,376;0,376;;
11/08/2026 19:15;0,164;0,164;;
11/08/2026 19:30;0,234;0,234;;
11/08/2026 19:45;0,241;0,241;;
11/08/2026 20:00;0,46;0,46;;
11/08/2026 20:15;1.563;1,563;;
11/08/2026 20:30;1.534;1,534;;
11/08/2026 20:45;1.502;1,502;;
11/08/2026 21:00;1.528;1,528;;
11/08/2026 21:15;1,43;1,43;;
11/08/2026 21:30;1.142;1,142;;
11/08/2026 21:45;0,529;0,529;;
11/08/2026 22:00;0,476;0,476;;
11/08/2026 22:15;0,495;0,495;;
11/08/2026 22:30;0,471;0,471;;
11/08/2026 22:45;0,454;0,454;;
11/08/2026 23:00;0,357;0,357;;
11/08/2026 23:15;0,12;0,12;;
11/08/2026 23:30;0,159;0,159;;
11/08/2026 23:45;0,098;0,098;;
12/08/2026 00:00;0,119;0,119;;
12/08/2026 00:15;0,159;0,159;;
12/08/2026 00:30;0,069;0,069;;
12/08/2026 00:45;0,112;0,112;;
12/08/2026 01:00;0,159;0,159;;
12/08/2026 01:15;0,07;0,07;;
12/08/2026 01:30;0,099;0,099;;
12/08/2026 01:45;0,131;0,131;;
12/08/2026 02:00;0,11;0,11;;
12/08/2026 02:15;0,07;0,07;;
12/08/2026 02:30;0,132;0,132;;
12/08/2026 02:45;0,162;0,162;;
12/08/2026 03:00;0,056;0,056;;
12/08/2026 03:15;0,1;0,1;;
12/08/2026 03:30;0,106;0,106;;
12/08/2026 03:45;0,105;0,105;;
12/08/2026 04:00;0,151;0,151;;
12/08/2026 04:15;0,095;0,095;;
12/08/2026 04:30;0,066;0,066;;
12/08/2026 04:45;0,152;0,152;;
12/08/2026 05:00;0,115;0,115;;
12/08/2026 05:15;0,046;0,046;;
12/08/2026 05:30;0,117;0,117;;
12/08/2026 05:45;0,144;0,144;;
12/08/2026 06:00;0,066;0,066;;
12/08/2026 06:15;0,092;0,092;;
12/08/2026 06:30;0,083;0,083;;
12/08/2026 06:45;0,117;0,117;;
12/08/2026 07:00;0,084;0,084;;
12/08/2026 07:15;0,11;0,11;;
12/08/2026 07:30;0,082;0,082;;
12/08/2026 07:45;0,072;0,072;;
12/08/2026 08:00;0,131;0,131;;
12/08/2026 08:15;0,103;0,103;;
12/08/2026 08:30;0,098;0,098;;
12/08/2026 08:45;0,126;0,126;;
12/08/2026 09:00;0,083;0,083;;
12/08/2026 09:15;0,138;0,138;;
12/08/2026 09:30;0,177;0,177;;
12/08/2026 09:45;0,184;0,184;;
12/08/2026 10:00;0,118;0,118;;
12/08/2026 10:15;0,176;0,176;;
12/08/2026 10:30;0,201;0,201;;
12/08/2026 10:45;0,214;0,214;;
12/08/2026 11:00;0,214;0,214;;
12/08/2026 11:15;0,196;0,196;;
12/08/2026 11:30;0,143;0,143;;
12/08/2026 11:45;0,188;0,188;;
12/08/2026 12:00;0,211;0,211;;
12/08/2026 12:15;0,152;0,152;;
12/08/2026 12:30;0,178;0,178;;
12/08/2026 12:45;0,196;0,196;;
12/08/2026 13:00;0,209;0,209;;
12/08/2026 13:15;0,187;0,187;;
12/08/2026 13:30;0,151;0,151;;
12/08/2026 13:45;0,168;0,168;;
12/08/2026 14:00;0,185;0,185;;
12/08/2026 14:15;0,21;0,21;;
12/08/2026 14:30;0,187;0,187;;
12/08/2026 14:45;0,199;0,199;;
12/08/2026 15:00;0,194;0,194;;
12/08/2026 15:15;0,201;0,201;;
12/08/2026 15:30;0,217;0,217;;
12/08/2026 15:45;0,196;0,196;;
12/08/2026 16:00;0,167;0,167;;
12/08/2026 16:15;0,164;0,164;;
12/08/2026 16:30;0,185;0,185;;
12/08/2026 16:45;0,153;0,153;;
12/08/2026 17:00;0,201;0,201;;
12/08/2026 17:15;0,24;0,24;;
12/08/2026 17:30;0,251;0,251;;
12/08/2026 17:45;0,244;0,244;;
12/08/2026 18:00;0,249;0,249;;
12/08/2026 18:15;0,235;0,235;;
12/08/2026 18:30;0,191;0,191;;
12/08/2026 18:45;0,25;0,25;;
12/08/2026 19:00;0,258;0,258;;
12/08/2026 19:15;0,399;0,399;;
12/08/2026 19:30;0,583;0,583;;
12/08/2026 19:45;0,528;0,528;;
12/08/2026 20:00;0,926;0,926;;
12/08/2026 20:15;1.798;1,798;;
12/08/2026 20:30;1.748;1,748;;
12/08/2026 20:45;1.683;1,683;;
12/08/2026 21:00;1.651;1,651;;
12/08/2026 21:15;1.624;1,624;;
12/08/2026 21:30;1.604;1,604;;
12/08/2026 21:45;1.206;1,206;;
12/08/2026 22:00;1,17;1,17;;
12/08/2026 22:15;1.182;1,182;;
12/08/2026 22:30;1.102;1,102;;
12/08/2026 22:45;1.123;1,123;;
12/08/2026 23:00;0,913;0,913;;
12/08/2026 23:15;0,449;0,449;;
12/08/2026 23:30;0,485;0,485;;
12/08/2026 23:45;0,508;0,508;;
13/08/2026 00:00;0,438;0,438;;
13/08/2026 00:15;0,109;0,109;;
13/08/2026 00:30;0,122;0,122;;
13/08/2026 00:45;0,141;0,141;;
13/08/2026 01:00;0,141;0,141;;
13/08/2026 01:15;0,12;0,12;;
13/08/2026 01:30;0,069;0,069;;
13/08/2026 01:45;0,12;0,12;;
13/08/2026 02:00;0,157;0,157;;
13/08/2026 02:15;0,139;0,139;;
13/08/2026 02:30;0,083;0,083;;
13/08/2026 02:45;0,109;0,109;;
13/08/2026 03:00;0,182;0,182;;
13/08/2026 03:15;0,061;0,061;;
13/08/2026 03:30;0,085;0,085;;
13/08/2026 03:45;0,13;0,13;;
13/08/2026 04:00;0,099;0,099;;
13/08/2026 04:15;0,157;0,157;;
13/08/2026 04:30;0,094;0,094;;
13/08/2026 04:45;0,084;0,084;;
13/08/2026 05:00;0,103;0,103;;
13/08/2026 05:15;1.115;1,115;;
13/08/2026 05:30;1.447;1,447;;
13/08/2026 05:45;1.366;1,366;;
13/08/2026 06:00;1.398;1,398;;
13/08/2026 06:15;1,41;1,41;;
13/08/2026 06:30;1.481;1,481;;
13/08/2026 06:45;1.439;1,439;;
13/08/2026 07:00;1.374;1,374;;
13/08/2026 07:15;1.419;1,419;;
13/08/2026 07:30;1.173;1,173;;
13/08/2026 07:45;1.103;1,103;;
13/08/2026 08:00;1.077;1,077;;
13/08/2026 08:15;1.041;1,041;;
13/08/2026 08:30;1.087;1,087;;
13/08/2026 08:45;1.128;1,128;;
13/08/2026 09:00;0,195;0,195;;
13/08/2026 09:15;0,169;0,169;;
13/08/2026 09:30;0,192;0,192;;
13/08/2026 09:45;0,19;0,19;;
13/08/2026 10:00;0,187;0,187;;
13/08/2026 10:15;0,201;0,201;;
13/08/2026 10:30;0,153;0,153;;
13/08/2026 10:45;0,103;0,103;;
13/08/2026 11:00;0,189;0,189;;
13/08/2026 11:15;0,183;0,183;;
13/08/2026 11:30;0,212;0,212;;
13/08/2026 11:45;0,21;0,21;;
13/08/2026 12:00;0,201;0,201;;
13/08/2026 12:15;0,205;0,205;;
13/08/2026 12:30;0,236;0,236;;
13/08/2026 12:45;0,203;0,203;;
13/08/2026 13:00;0,183;0,183;;
13/08/2026 13:15;0,191;0,191;;
13/08/2026 13:30;0,214;0,214;;
13/08/2026 13:45;0,247;0,247;;
13/08/2026 14:00;0,226;0,226;;
13/08/2026 14:15;0,261;0,261;;
13/08/2026 14:30;0,284;0,284;;
13/08/2026 14:45;0,225;0,225;;
13/08/2026 15:00;0,218;0,218;;
13/08/2026 15:15;0,18;0,18;;
13/08/2026 15:30;0,162;0,162;;
13/08/2026 15:45;0,218;0,218;;
13/08/2026 16:00;0,246;0,246;;
13/08/2026 16:15;0,247;0,247;;
13/08/2026 16:30;0,248;0,248;;
13/08/2026 16:45;0,275;0,275;;
13/08/2026 17:00;0,262;0,262;;
13/08/2026 17:15;0,275;0,275;;
13/08/2026 17:30;0,265;0,265;;
13/08/2026 17:45;0,214;0,214;;
13/08/2026 18:00;0,22;0,22;;
13/08/2026 18:15;0,248;0,248;;
13/08/2026 18:30;0,553;0,553;;
13/08/2026 18:45;0,631;0,631;;
13/08/2026 19:00;0,641;0,641;;
13/08/2026 19:15;0,624;0,624;;
13/08/2026 19:30;0,53;0,53;;
13/08/2026 19:45;0,52;0,52;;
13/08/2026 20:00;0,831;0,831;;
13/08/2026 20:15;1.432;1,432;;
13/08/2026 20:30;1.391;1,391;;
13/08/2026 20:45;1.372;1,372;;
13/08/2026 21:00;1,3;1,3;;
13/08/2026 21:15;1.452;1,452;;
13/08/2026 21:30;1.541;1,541;;
13/08/2026 21:45;1.257;1,257;;
13/08/2026 22:00;0,968;0,968;;
13/08/2026 22:15;0,936;0,936;;
13/08/2026 22:30;0,908;0,908;;
13/08/2026 22:45;0,916;0,916;;
13/08/2026 23:00;0,827;0,827;;
13/08/2026 23:15;0,569;0,569;;
13/08/2026 23:30;0,509;0,509;;
13/08/2026 23:45;0,415;0,415;;
14/08/2026 00:00;0,477;0,477;;
14/08/2026 00:15;0,467;0,467;;
14/08/2026 00:30;0,457;0,457;;
14/08/2026 00:45;0,447;0,447;;
14/08/2026 01:00;0,176;0,176;;
14/08/2026 01:15;0,155;0,155;;
14/08/2026 01:30;0,14;0,14;;
14/08/2026 01:45;0,132;0,132;;
14/08/2026 02:00;0,102;0,102;;
14/08/2026 02:15;0,123;0,123;;
14/08/2026 02:30;0,177;0,177;;
14/08/2026 02:45;0,108;0,108;;
14/08/2026 03:00;0,072;0,072;;
14/08/2026 03:15;0,138;0,138;;
14/08/2026 03:30;0,15;0,15;;
14/08/2026 03:45;0,145;0,145;;
14/08/2026 04:00;0,116;0,116;;
14/08/2026 04:15;0,084;0,084;;
14/08/2026 04:30;0,111;0,111;;
14/08/2026 04:45;0,146;0,146;;
14/08/2026 05:00;0,116;0,116;;
14/08/2026 05:15;0,08;0,08;;
14/08/2026 05:30;0,095;0,095;;
14/08/2026 05:45;0,757;0,757;;
14/08/2026 06:00;1,47;1,47;;
14/08/2026 06:15;1.449;1,449;;
14/08/2026 06:30;1.391;1,391;;
14/08/2026 06:45;1,54;1,54;;
14/08/2026 07:00;1.516;1,516;;
14/08/2026 07:15;1,47;1,47;;
14/08/2026 07:30;1.488;1,488;;
14/08/2026 07:45;1.425;1,425;;
14/08/2026 08:00;1.509;1,509;;
14/08/2026 08:15;1.355;1,355;;
14/08/2026 08:30;0,202;0,202;;
14/08/2026 08:45;0,216;0,216;;
14/08/2026 09:00;0,216;0,216;;
14/08/2026 09:15;0,302;0,302;;
14/08/2026 09:30;0,336;0,336;;
14/08/2026 09:45;0,337;0,337;;
14/08/2026 10:00;0,311;0,311;;
14/08/2026 10:15;0,31;0,31;;
14/08/2026 10:30;0,41;0,41;;
14/08/2026 10:45;0,44;0,44;;
14/08/2026 11:00;0,447;0,447;;
14/08/2026 11:15;0,452;0,452;;
14/08/2026 11:30;0,455;0,455;;
14/08/2026 11:45;0,436;0,436;;
14/08/2026 12:00;0,372;0,372;;
14/08/2026 12:15;0,408;0,408;;
14/08/2026 12:30;0,417;0,417;;
14/08/2026 12:45;0,467;0,467;;
14/08/2026 13:00;0,439;0,439;;
14/08/2026 13:15;0,427;0,427;;
14/08/2026 13:30;0,414;0,414;;
14/08/2026 13:45;0,461;0,461;;
14/08/2026 14:00;0,538;0,538;;
14/08/2026 14:15;0,515;0,515;;
14/08/2026 14:30;0,423;0,423;;
14/08/2026 14:45;0,399;0,399;;
14/08/2026 15:00;0,489;0,489;;
14/08/2026 15:15;0,441;0,441;;
14/08/2026 15:30;0,466;0,466;;
14/08/2026 15:45;0,408;0,408;;
14/08/2026 16:00;0,436;0,436;;
14/08/2026 16:15;0,494;0,494;;
14/08/2026 16:30;0,384;0,384;;
14/08/2026 16:45;0,371;0,371;;
14/08/2026 17:00;0,447;0,447;;
14/08/2026 17:15;0,4;0,4;;
14/08/2026 17:30;0,455;0,455;;
14/08/2026 17:45;0,465;0,465;;
14/08/2026 18:00;0,388;0,388;;
14/08/2026 18:15;0,362;0,362;;
14/08/2026 18:30;0,475;0,475;;
14/08/2026 18:45;0,399;0,399;;
14/08/2026 19:00;0,357;0,357;;
14/08/2026 19:15;0,357;0,357;;
14/08/2026 19:30;0,352;0,352;;
14/08/2026 19:45;0,386;0,386;;
14/08/2026 20:00;0,693;0,693;;
14/08/2026 20:15;0,994;0,994;;
14/08/2026 20:30;0,945;0,945;;
14/08/2026 20:45;0,95;0,95;;
14/08/2026 21:00;0,959;0,959;;
14/08/2026 21:15;0,882;0,882;;
14/08/2026 21:30;0,662;0,662;;
14/08/2026 21:45;0,244;0,244;;
14/08/2026 22:00;0,28;0,28;;
14/08/2026 22:15;0,236;0,236;;
14/08/2026 22:30;0,202;0,202;;
14/08/2026 22:45;0,201;0,201;;
14/08/2026 23:00;0,196;0,196;;
14/08/2026 23:15;0,224;0,224;;
14/08/2026 23:30;0,141;0,141;;
14/08/2026 23:45;0,086;0,086;;
15/08/2026 00:00;0,124;0,124;;
15/08/2026 00:15;0,101;0,101;;
15/08/2026 00:30;0,18;0,18;;
15/08/2026 00:45;0,124;0,124;;
15/08/2026 01:00;0,126;0,126;;
15/08/2026 01:15;0,084;0,084;;
15/08/2026 01:30;0,14;0,14;;
15/08/2026 01:45;0,231;0,231;;
15/08/2026 02:00;0,103;0,103;;
15/08/2026 02:15;0,103;0,103;;
15/08/2026 02:30;0,112;0,112;;
15/08/2026 02:45;0,11;0,11;;
15/08/2026 03:00;0,141;0,141;;
15/08/2026 03:15;0,126;0,126;;
15/08/2026 03:30;0,082;0,082;;
15/08/2026 03:45;0,133;0,133;;
15/08/2026 04:00;0,149;0,149;;
15/08/2026 04:15;0,08;0,08;;
15/08/2026 04:30;0,094;0,094;;
15/08/2026 04:45;0,091;0,091;;
15/08/2026 05:00;0,126;0,126;;
15/08/2026 05:15;0,167;0,167;;
15/08/2026 05:30;0,93;0,93;;
15/08/2026 05:45;1,12;1,12;;
15/08/2026 06:00;1.117;1,117;;
15/08/2026 06:15;1.127;1,127;;
15/08/2026 06:30;1.131;1,131;;
15/08/2026 06:45;1.051;1,051;;
15/08/2026 07:00;1.086;1,086;;
15/08/2026 07:15;1.086;1,086;;
15/08/2026 07:30;1,16;1,16;;
15/08/2026 07:45;1.143;1,143;;
15/08/2026 08:00;1,07;1,07;;
15/08/2026 08:15;1.076;1,076;;
15/08/2026 08:30;1.172;1,172;;
15/08/2026 08:45;1.201;1,201;;
15/08/2026 09:00;1.076;1,076;;
15/08/2026 09:15;1.155;1,155;;
15/08/2026 09:30;1.194;1,194;;
15/08/2026 09:45;1,25;1,25;;
15/08/2026 10:00;1.205;1,205;;
15/08/2026 10:15;1.152;1,152;;
15/08/2026 10:30;1.091;1,091;;
15/08/2026 10:45;1.202;1,202;;
15/08/2026 11:00;1.266;1,266;;
15/08/2026 11:15;1,13;1,13;;
15/08/2026 11:30;1.179;1,179;;
15/08/2026 11:45;1,12;1,12;;
15/08/2026 12:00;1.175;1,175;;
15/08/2026 12:15;1.167;1,167;;
15/08/2026 12:30;1.241;1,241;;
15/08/2026 12:45;1.177;1,177;;
15/08/2026 13:00;1.204;1,204;;
15/08/2026 13:15;1.182;1,182;;
15/08/2026 13:30;1.243;1,243;;
15/08/2026 13:45;1.199;1,199;;
15/08/2026 14:00;1.169;1,169;;
15/08/2026 14:15;1.307;1,307;;
15/08/2026 14:30;1.222;1,222;;
15/08/2026 14:45;0,301;0,301;;
15/08/2026 15:00;0,284;0,284;;
15/08/2026 15:15;0,253;0,253;;
15/08/2026 15:30;0,315;0,315;;
15/08/2026 15:45;0,254;0,254;;
15/08/2026 16:00;0,253;0,253;;
15/08/2026 16:15;0,251;0,251;;
15/08/2026 16:30;0,307;0,307;;
15/08/2026 16:45;0,339;0,339;;
15/08/2026 17:00;0,282;0,282;;
15/08/2026 17:15;0,235;0,235;;
15/08/2026 17:30;0,341;0,341;;
15/08/2026 17:45;0,255;0,255;;
15/08/2026 18:00;0,264;0,264;;
15/08/2026 18:15;0,314;0,314;;
15/08/2026 18:30;0,261;0,261;;
15/08/2026 18:45;0,245;0,245;;
15/08/2026 19:00;0,24;0,24;;
15/08/2026 19:15;0,24;0,24;;
15/08/2026 19:30;0,166;0,166;;
15/08/2026 19:45;0,267;0,267;;
15/08/2026 20:00;0,193;0,193;;
15/08/2026 20:15;0,187;0,187;;
15/08/2026 20:30;0,193;0,193;;
15/08/2026 20:45;0,201;0,201;;
15/08/2026 21:00;0,196;0,196;;
15/08/2026 21:15;0,163;0,163;;
15/08/2026 21:30;0,117;0,117;;
15/08/2026 21:45;0,102;0,102;;
15/08/2026 22:00;0,091;0,091;;
15/08/2026 22:15;0,186;0,186;;
15/08/2026 22:30;0,052;0,052;;
15/08/2026 22:45;0,118;0,118;;
15/08/2026 23:00;0,202;0,202;;
15/08/2026 23:15;0,125;0,125;;
15/08/2026 23:30;0,139;0,139;;
15/08/2026 23:45;0,099;0,099;;
16/08/2026 00:00;0,131;0,131;;
16/08/2026 00:15;0,073;0,073;;
16/08/2026 00:30;0,162;0,162;;
16/08/2026 00:45;0,116;0,116;;
16/08/2026 01:00;0,06;0,06;;
16/08/2026 01:15;0,121;0,121;;
16/08/2026 01:30;0,149;0,149;;
16/08/2026 01:45;0,119;0,119;;
16/08/2026 02:00;0,108;0,108;;
16/08/2026 02:15;0,158;0,158;;
16/08/2026 02:30;0,066;0,066;;
16/08/2026 02:45;0,144;0,144;;
16/08/2026 03:00;0,191;0,191;;
16/08/2026 03:15;0,054;0,054;;
16/08/2026 03:30;0,146;0,146;;
16/08/2026 03:45;0,109;0,109;;
16/08/2026 04:00;0,116;0,116;;
16/08/2026 04:15;0,108;0,108;;
16/08/2026 04:30;0,115;0,115;;
16/08/2026 04:45;0,125;0,125;;
16/08/2026 05:00;0,065;0,065;;
16/08/2026 05:15;0,167;0,167;;
16/08/2026 05:30;0,065;0,065;;
16/08/2026 05:45;0,077;0,077;;
16/08/2026 06:00;0,186;0,186;;
16/08/2026 06:15;0,084;0,084;;
16/08/2026 06:30;0,116;0,116;;
16/08/2026 06:45;0,153;0,153;;
16/08/2026 07:00;0,053;0,053;;
16/08/2026 07:15;0,127;0,127;;
16/08/2026 07:30;0,116;0,116;;
16/08/2026 07:45;0,101;0,101;;
16/08/2026 08:00;0,1;0,1;;
16/08/2026 08:15;0,106;0,106;;
16/08/2026 08:30;0,165;0,165;;
16/08/2026 08:45;0,175;0,175;;
16/08/2026 09:00;0,223;0,223;;
16/08/2026 09:15;0,216;0,216;;
16/08/2026 09:30;0,426;0,426;;
16/08/2026 09:45;0,587;0,587;;
16/08/2026 10:00;0,545;0,545;;
16/08/2026 10:15;0,531;0,531;;
16/08/2026 10:30;0,568;0,568;;
16/08/2026 10:45;0,577;0,577;;
16/08/2026 11:00;0,51;0,51;;
16/08/2026 11:15;0,602;0,602;;
16/08/2026 11:30;0,625;0,625;;
16/08/2026 11:45;0,499;0,499;;
16/08/2026 12:00;0,584;0,584;;
16/08/2026 12:15;0,47;0,47;;
16/08/2026 12:30;0,268;0,268;;
16/08/2026 12:45;0,342;0,342;;
16/08/2026 13:00;0,222;0,222;;
16/08/2026 13:15;0,283;0,283;;
16/08/2026 13:30;0,271;0,271;;
16/08/2026 13:45;0,306;0,306;;
16/08/2026 14:00;0,267;0,267;;
16/08/2026 14:15;0,223;0,223;;
16/08/2026 14:30;0,262;0,262;;
16/08/2026 14:45;0,202;0,202;;
16/08/2026 15:00;0,302;0,302;;
16/08/2026 15:15;0,245;0,245;;
16/08/2026 15:30;0,199;0,199;;
16/08/2026 15:45;0,249;0,249;;
16/08/2026 16:00;0,217;0,217;;
16/08/2026 16:15;0,252;0,252;;
16/08/2026 16:30;0,157;0,157;;
16/08/2026 16:45;0,293;0,293;;
16/08/2026 17:00;0,174;0,174;;
16/08/2026 17:15;0,216;0,216;;
16/08/2026 17:30;0,264;0,264;;
16/08/2026 17:45;0,195;0,195;;
16/08/2026 18:00;0,223;0,223;;
16/08/2026 18:15;0,235;0,235;;
16/08/2026 18:30;0,23;0,23;;
16/08/2026 18:45;0,167;0,167;;
16/08/2026 19:00;0,214;0,214;;
16/08/2026 19:15;0,238;0,238;;
16/08/2026 19:30;0,193;0,193;;
16/08/2026 19:45;0,215;0,215;;
16/08/2026 20:00;0,463;0,463;;
16/08/2026 20:15;0,502;0,502;;
16/08/2026 20:30;0,529;0,529;;
16/08/2026 20:45;0,523;0,523;;
16/08/2026 21:00;0,427;0,427;;
16/08/2026 21:15;0,469;0,469;;
16/08/2026 21:30;0,344;0,344;;
16/08/2026 21:45;0,124;0,124;;
16/08/2026 22:00;0,108;0,108;;
16/08/2026 22:15;0,151;0,151;;
16/08/2026 22:30;0,098;0,098;;
16/08/2026 22:45;0,123;0,123;;
16/08/2026 23:00;0,163;0,163;;
16/08/2026 23:15;0,074;0,074;;
16/08/2026 23:30;0,078;0,078;;
16/08/2026 23:45;0,176;0,176;;
17/08/2026 00:00;0,119;0,119;;
17/08/2026 00:15;0,06;0,06;;
17/08/2026 00:30;0,162;0,162;;
17/08/2026 00:45;0,065;0,065;;
17/08/2026 01:00;0,099;0,099;;
17/08/2026 01:15;0,138;0,138;;
17/08/2026 01:30;0,083;0,083;;
17/08/2026 01:45;0,1;0,1;;
17/08/2026 02:00;0,101;0,101;;
17/08/2026 02:15;0,114;0,114;;
17/08/2026 02:30;0,056;0,056;;
17/08/2026 02:45;0,139;0,139;;
17/08/2026 03:00;0,093;0,093;;
17/08/2026 03:15;0,069;0,069;;
17/08/2026 03:30;0,158;0,158;;
17/08/2026 03:45;0,079;0,079;;
17/08/2026 04:00;0,057;0,057;;
17/08/2026 04:15;0,249;0,249;;
17/08/2026 04:30;0,174;0,174;;
17/08/2026 04:45;0,112;0,112;;
17/08/2026 05:00;0,176;0,176;;
17/08/2026 05:15;0,18;0,18;;
17/08/2026 05:30;0,15;0,15;;
17/08/2026 05:45;0,126;0,126;;
17/08/2026 06:00;0,2;0,2;;
17/08/2026 06:15;0,151;0,151;;
17/08/2026 06:30;0,126;0,126;;
17/08/2026 06:45;0,219;0,219;;
17/08/2026 07:00;0,093;0,093;;
17/08/2026 07:15;0,142;0,142;;
17/08/2026 07:30;0,189;0,189;;
17/08/2026 07:45;0,102;0,102;;
17/08/2026 08:00;0,159;0,159;;
17/08/2026 08:15;0,175;0,175;;
17/08/2026 08:30;0,133;0,133;;
17/08/2026 08:45;0,157;0,157;;
17/08/2026 09:00;0,138;0,138;;
17/08/2026 09:15;0,2;0,2;;
17/08/2026 09:30;0,196;0,196;;
17/08/2026 09:45;0,112;0,112;;
17/08/2026 10:00;0,241;0,241;;
17/08/2026 10:15;0,143;0,143;;
17/08/2026 10:30;0,251;0,251;;
17/08/2026 10:45;0,202;0,202;;
17/08/2026 11:00;0,182;0,182;;
17/08/2026 11:15;0,223;0,223;;
17/08/2026 11:30;0,214;0,214;;
17/08/2026 11:45;0,21;0,21;;
17/08/2026 12:00;0,228;0,228;;
17/08/2026 12:15;0,205;0,205;;
17/08/2026 12:30;0,179;0,179;;
17/08/2026 12:45;0,194;0,194;;
17/08/2026 13:00;0,247;0,247;;
17/08/2026 13:15;0,204;0,204;;
17/08/2026 13:30;0,204;0,204;;
17/08/2026 13:45;0,231;0,231;;
17/08/2026 14:00;0,192;0,192;;
17/08/2026 14:15;0,215;0,215;;
17/08/2026 14:30;0,236;0,236;;
17/08/2026 14:45;0,165;0,165;;
17/08/2026 15:00;0,445;0,445;;
17/08/2026 15:15;0,569;0,569;;
17/08/2026 15:30;0,711;0,711;;
17/08/2026 15:45;1.862;1,862;;
17/08/2026 16:00;0,323;0,323;;
17/08/2026 16:15;0,205;0,205;;
17/08/2026 16:30;0,188;0,188;;
17/08/2026 16:45;0,274;0,274;;
17/08/2026 17:00;0,519;0,519;;
17/08/2026 17:15;0,482;0,482;;
17/08/2026 17:30;0,581;0,581;;
17/08/2026 17:45;0,569;0,569;;
17/08/2026 18:00;0,536;0,536;;
17/08/2026 18:15;0,528;0,528;;
17/08/2026 18:30;1.579;1,579;;
17/08/2026 18:45;1.481;1,481;;
17/08/2026 19:00;1.554;1,554;;
17/08/2026 19:15;1.529;1,529;;
17/08/2026 19:30;1.414;1,414;;
17/08/2026 19:45;1.475;1,475;;
17/08/2026 20:00;1,12;1,12;;
17/08/2026 20:15;1.096;1,096;;
17/08/2026 20:30;1.598;1,598;;
17/08/2026 20:45;1.792;1,792;;
17/08/2026 21:00;1.668;1,668;;
17/08/2026 21:15;1,63;1,63;;
17/08/2026 21:30;0,971;0,971;;
17/08/2026 21:45;0,71;0,71;;
17/08/2026 22:00;0,788;0,788;;
17/08/2026 22:15;0,797;0,797;;
17/08/2026 22:30;0,721;0,721;;
17/08/2026 22:45;0,791;0,791;;
17/08/2026 23:00;0,541;0,541;;
17/08/2026 23:15;0,106;0,106;;
17/08/2026 23:30;0,104;0,104;;
17/08/2026 23:45;0,118;0,118;;
18/08/2026 00:00;0,1;0,1;;
18/08/2026 00:15;0,096;0,096;;
18/08/2026 00:30;0,17;0,17;;
18/08/2026 00:45;0,1;0,1;;
18/08/2026 01:00;0,14;0,14;;
18/08/2026 01:15;0,131;0,131;;
18/08/2026 01:30;0,119;0,119;;
18/08/2026 01:45;0,1;0,1;;
18/08/2026 02:00;0,118;0,118;;
18/08/2026 02:15;0,057;0,057;;
18/08/2026 02:30;0,111;0,111;;
18/08/2026 02:45;0,164;0,164;;
18/08/2026 03:00;0,089;0,089;;
18/08/2026 03:15;0,111;0,111;;
18/08/2026 03:30;0,097;0,097;;
18/08/2026 03:45;0,11;0,11;;
18/08/2026 04:00;0,089;0,089;;
18/08/2026 04:15;0,11;0,11;;
18/08/2026 04:30;0,098;0,098;;
18/08/2026 04:45;0,046;0,046;;
18/08/2026 05:00;0,146;0,146;;
18/08/2026 05:15;0,095;0,095;;
18/08/2026 05:30;0,081;0,081;;
18/08/2026 05:45;0,107;0,107;;
18/08/2026 06:00;0,096;0,096;;
18/08/2026 06:15;0,084;0,084;;
18/08/2026 06:30;0,1;0,1;;
18/08/2026 06:45;0,072;0,072;;
18/08/2026 07:00;0,1;0,1;;
18/08/2026 07:15;0,329;0,329;;
18/08/2026 07:30;0,765;0,765;;
18/08/2026 07:45;0,769;0,769;;
18/08/2026 08:00;0,697;0,697;;
18/08/2026 08:15;0,798;0,798;;
18/08/2026 08:30;0,732;0,732;;
18/08/2026 08:45;0,742;0,742;;
18/08/2026 09:00;0,778;0,778;;
18/08/2026 09:15;0,716;0,716;;
18/08/2026 09:30;0,761;0,761;;
18/08/2026 09:45;0,766;0,766;;
18/08/2026 10:00;0,778;0,778;;
18/08/2026 10:15;0,722;0,722;;
18/08/2026 10:30;0,768;0,768;;
18/08/2026 10:45;0,762;0,762;;
18/08/2026 11:00;0,717;0,717;;
18/08/2026 11:15;0,76;0,76;;
18/08/2026 11:30;0,758;0,758;;
18/08/2026 11:45;0,755;0,755;;
18/08/2026 12:00;0,765;0,765;;
18/08/2026 12:15;0,806;0,806;;
18/08/2026 12:30;0,333;0,333;;
18/08/2026 12:45;0,097;0,097;;
18/08/2026 13:00;0,194;0,194;;
18/08/2026 13:15;0,055;0,055;;
18/08/2026 13:30;0,158;0,158;;
18/08/2026 13:45;0,146;0,146;;
18/08/2026 14:00;0,085;0,085;;
18/08/2026 14:15;0,136;0,136;;
18/08/2026 14:30;0,195;0,195;;
18/08/2026 14:45;0,177;0,177;;
18/08/2026 15:00;0,131;0,131;;
18/08/2026 15:15;0,162;0,162;;
18/08/2026 15:30;0,143;0,143;;
18/08/2026 15:45;0,081;0,081;;
18/08/2026 16:00;0,191;0,191;;
18/08/2026 16:15;0,123;0,123;;
18/08/2026 16:30;0,131;0,131;;
18/08/2026 16:45;0,396;0,396;;
18/08/2026 17:00;0,846;0,846;;
18/08/2026 17:15;0,77;0,77;;
18/08/2026 17:30;0,819;0,819;;
18/08/2026 17:45;0,804;0,804;;
18/08/2026 18:00;0,788;0,788;;
18/08/2026 18:15;0,941;0,941;;
18/08/2026 18:30;1.088;1,088;;
18/08/2026 18:45;1.099;1,099;;
18/08/2026 19:00;1.131;1,131;;
18/08/2026 19:15;1,13;1,13;;
18/08/2026 19:30;1.166;1,166;;
18/08/2026 19:45;1.215;1,215;;
18/08/2026 20:00;1.479;1,479;;
18/08/2026 20:15;1.608;1,608;;
18/08/2026 20:30;1.528;1,528;;
18/08/2026 20:45;1.569;1,569;;
18/08/2026 21:00;1,51;1,51;;
18/08/2026 21:15;1.554;1,554;;
18/08/2026 21:30;1.521;1,521;;
18/08/2026 21:45;1.559;1,559;;
18/08/2026 22:00;1.493;1,493;;
18/08/2026 22:15;1.577;1,577;;
18/08/2026 22:30;1.459;1,459;;
18/08/2026 22:45;1,47;1,47;;
18/08/2026 23:00;1.191;1,191;;
18/08/2026 23:15;0,46;0,46;;
18/08/2026 23:30;0,275;0,275;;
18/08/2026 23:45;0,131;0,131;;
19/08/2026 00:00;0,114;0,114;;
19/08/2026 00:15;0,08;0,08;;
19/08/2026 00:30;0,106;0,106;;
19/08/2026 00:45;0,118;0,118;;
19/08/2026 01:00;0,227;0,227;;
19/08/2026 01:15;0,135;0,135;;
19/08/2026 01:30;0,117;0,117;;
19/08/2026 01:45;0,195;0,195;;
19/08/2026 02:00;0,121;0,121;;
19/08/2026 02:15;0,132;0,132;;
19/08/2026 02:30;0,067;0,067;;
19/08/2026 02:45;0,124;0,124;;
19/08/2026 03:00;0,102;0,102;;
19/08/2026 03:15;0,103;0,103;;
19/08/2026 03:30;0,122;0,122;;
19/08/2026 03:45;0,09;0,09;;
19/08/2026 04:00;0,132;0,132;;
19/08/2026 04:15;0,136;0,136;;
19/08/2026 04:30;0,135;0,135;;
19/08/2026 04:45;0,099;0,099;;
19/08/2026 05:00;0,114;0,114;;
19/08/2026 05:15;0,121;0,121;;
19/08/2026 05:30;0,209;0,209;;
19/08/2026 05:45;0,122;0,122;;
19/08/2026 06:00;0,12;0,12;;
19/08/2026 06:15;0,099;0,099;;
19/08/2026 06:30;0,116;0,116;;
19/08/2026 06:45;0,158;0,158;;
19/08/2026 07:00;0,071;0,071;;
19/08/2026 07:15;0,157;0,157;;
19/08/2026 07:30;0,117;0,117;;
19/08/2026 07:45;0,122;0,122;;
19/08/2026 08:00;0,111;0,111;;
19/08/2026 08:15;0,072;0,072;;
19/08/2026 08:30;0,134;0,134;;
19/08/2026 08:45;0,514;0,514;;
19/08/2026 09:00;0,204;0,204;;
19/08/2026 09:15;0,159;0,159;;
19/08/2026 09:30;0,093;0,093;;
19/08/2026 09:45;0,131;0,131;;
19/08/2026 10:00;0,096;0,096;;
19/08/2026 10:15;0,146;0,146;;
19/08/2026 10:30;0,11;0,11;;
19/08/2026 10:45;0,172;0,172;;
19/08/2026 11:00;0,13;0,13;;
19/08/2026 11:15;0,168;0,168;;
19/08/2026 11:30;0,192;0,192;;
19/08/2026 11:45;0,17;0,17;;
19/08/2026 12:00;0,179;0,179;;
19/08/2026 12:15;0,182;0,182;;
19/08/2026 12:30;0,197;0,197;;
19/08/2026 12:45;0,164;0,164;;
19/08/2026 13:00;0,176;0,176;;
19/08/2026 13:15;0,147;0,147;;
19/08/2026 13:30;0,144;0,144;;
19/08/2026 13:45;0,152;0,152;;
19/08/2026 14:00;0,109;0,109;;
19/08/2026 14:15;0,183;0,183;;
19/08/2026 14:30;0,171;0,171;;
19/08/2026 14:45;0,18;0,18;;
19/08/2026 15:00;0,174;0,174;;
19/08/2026 15:15;0,154;0,154;;
19/08/2026 15:30;0,172;0,172;;
19/08/2026 15:45;0,086;0,086;;
19/08/2026 16:00;0,127;0,127;;
19/08/2026 16:15;0,174;0,174;;
19/08/2026 16:30;0,154;0,154;;
19/08/2026 16:45;0,354;0,354;;
19/08/2026 17:00;0,807;0,807;;
19/08/2026 17:15;0,827;0,827;;
19/08/2026 17:30;0,835;0,835;;
19/08/2026 17:45;0,768;0,768;;
19/08/2026 18:00;0,742;0,742;;
19/08/2026 18:15;0,767;0,767;;
19/08/2026 18:30;0,775;0,775;;
19/08/2026 18:45;0,821;0,821;;
19/08/2026 19:00;0,807;0,807;;
19/08/2026 19:15;0,84;0,84;;
19/08/2026 19:30;1.049;1,049;;
19/08/2026 19:45;1.133;1,133;;
19/08/2026 20:00;1.131;1,131;;
19/08/2026 20:15;1.068;1,068;;
19/08/2026 20:30;1.055;1,055;;
19/08/2026 20:45;1.159;1,159;;
19/08/2026 21:00;0,984;0,984;;
19/08/2026 21:15;0,756;0,756;;
19/08/2026 21:30;0,631;0,631;;
19/08/2026 21:45;0,163;0,163;;
19/08/2026 22:00;0,058;0,058;;
19/08/2026 22:15;0,074;0,074;;
19/08/2026 22:30;0,11;0,11;;
19/08/2026 22:45;0,078;0,078;;
19/08/2026 23:00;0,143;0,143;;
19/08/2026 23:15;0,18;0,18;;
19/08/2026 23:30;0,115;0,115;;
19/08/2026 23:45;0,068;0,068;;
20/08/2026 00:00;0,111;0,111;;
20/08/2026 00:15;0,12;0,12;;
20/08/2026 00:30;0,102;0,102;;
20/08/2026 00:45;0,101;0,101;;
20/08/2026 01:00;0,114;0,114;;
20/08/2026 01:15;0,08;0,08;;
20/08/2026 01:30;0,104;0,104;;
20/08/2026 01:45;0,137;0,137;;
20/08/2026 02:00;0,08;0,08;;
20/08/2026 02:15;0,05;0,05;;
20/08/2026 02:30;0,117;0,117;;
20/08/2026 02:45;0,154;0,154;;
20/08/2026 03:00;0,05;0,05;;
20/08/2026 03:15;0,066;0,066;;
20/08/2026 03:30;0,104;0,104;;
20/08/2026 03:45;0,148;0,148;;
20/08/2026 04:00;0,12;0,12;;
20/08/2026 04:15;0,069;0,069;;
20/08/2026 04:30;0,071;0,071;;
20/08/2026 04:45;0,104;0,104;;
20/08/2026 05:00;0,118;0,118;;
20/08/2026 05:15;0,07;0,07;;
20/08/2026 05:30;0,096;0,096;;
20/08/2026 05:45;0,099;0,099;;
20/08/2026 06:00;0,086;0,086;;
20/08/2026 06:15;0,112;0,112;;
20/08/2026 06:30;0,122;0,122;;
20/08/2026 06:45;0,06;0,06;;
20/08/2026 07:00;0,042;0,042;;
20/08/2026 07:15;0,116;0,116;;
20/08/2026 07:30;0,12;0,12;;
20/08/2026 07:45;0,061;0,061;;
20/08/2026 08:00;0,126;0,126;;
20/08/2026 08:15;0,151;0,151;;
20/08/2026 08:30;0,123;0,123;;
20/08/2026 08:45;0,12;0,12;;
20/08/2026 09:00;0,131;0,131;;
20/08/2026 09:15;0,115;0,115;;
20/08/2026 09:30;0,121;0,121;;
20/08/2026 09:45;0,125;0,125;;
20/08/2026 10:00;0,192;0,192;;
20/08/2026 10:15;0,15;0,15;;
20/08/2026 10:30;0,15;0,15;;
20/08/2026 10:45;0,183;0,183;;
20/08/2026 11:00;0,195;0,195;;
20/08/2026 11:15;0,194;0,194;;
20/08/2026 11:30;0,18;0,18;;
20/08/2026 11:45;0,181;0,181;;
20/08/2026 12:00;0,156;0,156;;
20/08/2026 12:15;0,13;0,13;;
20/08/2026 12:30;0,163;0,163;;
20/08/2026 12:45;0,121;0,121;;
20/08/2026 13:00;0,184;0,184;;
20/08/2026 13:15;0,182;0,182;;
20/08/2026 13:30;0,201;0,201;;
20/08/2026 13:45;0,179;0,179;;
20/08/2026 14:00;0,187;0,187;;
20/08/2026 14:15;0,169;0,169;;
20/08/2026 14:30;0,201;0,201;;
20/08/2026 14:45;0,183;0,183;;
20/08/2026 15:00;0,131;0,131;;
20/08/2026 15:15;0,273;0,273;;
20/08/2026 15:30;0,516;0,516;;
20/08/2026 15:45;0,514;0,514;;
20/08/2026 16:00;0,526;0,526;;
20/08/2026 16:15;0,62;0,62;;
20/08/2026 16:30;0,816;0,816;;
20/08/2026 16:45;0,896;0,896;;
20/08/2026 17:00;1.151;1,151;;
20/08/2026 17:15;1,14;1,14;;
20/08/2026 17:30;1.118;1,118;;
20/08/2026 17:45;1.163;1,163;;
20/08/2026 18:00;1.033;1,033;;
20/08/2026 18:15;1.012;1,012;;
20/08/2026 18:30;1.423;1,423;;
20/08/2026 18:45;1.509;1,509;;
20/08/2026 19:00;1.474;1,474;;
20/08/2026 19:15;1.414;1,414;;
20/08/2026 19:30;1.395;1,395;;
20/08/2026 19:45;1.456;1,456;;
20/08/2026 20:00;1.377;1,377;;
20/08/2026 20:15;1.115;1,115;;
20/08/2026 20:30;1.131;1,131;;
20/08/2026 20:45;1.084;1,084;;
20/08/2026 21:00;1.039;1,039;;
20/08/2026 21:15;1.121;1,121;;
20/08/2026 21:30;1.036;1,036;;
20/08/2026 21:45;0,734;0,734;;
20/08/2026 22:00;0,708;0,708;;
20/08/2026 22:15;0,78;0,78;;
20/08/2026 22:30;0,741;0,741;;
20/08/2026 22:45;0,706;0,706;;
20/08/2026 23:00;0,546;0,546;;
20/08/2026 23:15;0,124;0,124;;
20/08/2026 23:30;0,045;0,045;;
20/08/2026 23:45;0,109;0,109;;
21/08/2026 00:00;0,091;0,091;;
21/08/2026 00:15;0,071;0,071;;
21/08/2026 00:30;0,124;0,124;;
21/08/2026 00:45;0,122;0,122;;
21/08/2026 01:00;0,045;0,045;;
21/08/2026 01:15;0,08;0,08;;
21/08/2026 01:30;0,103;0,103;;
21/08/2026 01:45;0,094;0,094;;
21/08/2026 02:00;0,123;0,123;;
21/08/2026 02:15;0,065;0,065;;
21/08/2026 02:30;0,081;0,081;;
21/08/2026 02:45;0,114;0,114;;
21/08/2026 03:00;0,152;0,152;;
21/08/2026 03:15;0,045;0,045;;
21/08/2026 03:30;0,054;0,054;;
21/08/2026 03:45;0,135;0,135;;
21/08/2026 04:00;0,098;0,098;;
21/08/2026 04:15;0,047;0,047;;
21/08/2026 04:30;0,092;0,092;;
21/08/2026 04:45;0,109;0,109;;
21/08/2026 05:00;0,059;0,059;;
21/08/2026 05:15;0,125;0,125;;
21/08/2026 05:30;0,113;0,113;;
21/08/2026 05:45;0,048;0,048;;
21/08/2026 06:00;0,065;0,065;;
21/08/2026 06:15;0,15;0,15;;
21/08/2026 06:30;0,097;0,097;;
21/08/2026 06:45;0,047;0,047;;
21/08/2026 07:00;0,065;0,065;;
21/08/2026 07:15;0,113;0,113;;
21/08/2026 07:30;0,118;0,118;;
21/08/2026 07:45;0,073;0,073;;
21/08/2026 08:00;0,068;0,068;;
21/08/2026 08:15;0,109;0,109;;
21/08/2026 08:30;0,097;0,097;;
21/08/2026 08:45;0,181;0,181;;
21/08/2026 09:00;0,471;0,471;;
21/08/2026 09:15;0,54;0,54;;
21/08/2026 09:30;0,733;0,733;;
21/08/2026 09:45;0,766;0,766;;
21/08/2026 10:00;0,7;0,7;;
21/08/2026 10:15;0,483;0,483;;
21/08/2026 10:30;0,432;0,432;;
21/08/2026 10:45;0,425;0,425;;
21/08/2026 11:00;0,354;0,354;;
21/08/2026 11:15;0,193;0,193;;
21/08/2026 11:30;0,172;0,172;;
21/08/2026 11:45;0,187;0,187;;
21/08/2026 12:00;0,154;0,154;;
21/08/2026 12:15;0,2;0,2;;
21/08/2026 12:30;0,145;0,145;;
21/08/2026 12:45;0,179;0,179;;
21/08/2026 13:00;0,137;0,137;;
21/08/2026 13:15;0,159;0,159;;
21/08/2026 13:30;0,181;0,181;;
21/08/2026 13:45;0,123;0,123;;
21/08/2026 14:00;0,117;0,117;;
21/08/2026 14:15;0,123;0,123;;
21/08/2026 14:30;0,153;0,153;;
21/08/2026 14:45;0,132;0,132;;
21/08/2026 15:00;0,143;0,143;;
21/08/2026 15:15;0,171;0,171;;
21/08/2026 15:30;0,18;0,18;;
21/08/2026 15:45;0,229;0,229;;
21/08/2026 16:00;0,116;0,116;;
21/08/2026 16:15;0,181;0,181;;
21/08/2026 16:30;0,137;0,137;;
21/08/2026 16:45;0,239;0,239;;
21/08/2026 17:00;0,521;0,521;;
21/08/2026 17:15;0,509;0,509;;
21/08/2026 17:30;0,508;0,508;;
21/08/2026 17:45;0,4;0,4;;
21/08/2026 18:00;0,468;0,468;;
21/08/2026 18:15;0,741;0,741;;
21/08/2026 18:30;1.215;1,215;;
21/08/2026 18:45;1.159;1,159;;
21/08/2026 19:00;1.027;1,027;;
21/08/2026 19:15;0,859;0,859;;
21/08/2026 19:30;0,811;0,811;;
21/08/2026 19:45;0,94;0,94;;
21/08/2026 20:00;1.165;1,165;;
21/08/2026 20:15;1.079;1,079;;
21/08/2026 20:30;1.201;1,201;;
21/08/2026 20:45;1.161;1,161;;
21/08/2026 21:00;1.098;1,098;;
21/08/2026 21:15;1.099;1,099;;
21/08/2026 21:30;0,774;0,774;;
21/08/2026 21:45;0,147;0,147;;
21/08/2026 22:00;0,079;0,079;;
21/08/2026 22:15;0,069;0,069;;
21/08/2026 22:30;0,153;0,153;;
21/08/2026 22:45;0,065;0,065;;
21/08/2026 23:00;0,073;0,073;;
21/08/2026 23:15;0,176;0,176;;
21/08/2026 23:30;0,057;0,057;;
21/08/2026 23:45;0,078;0,078;;
22/08/2026 00:00;0,114;0,114;;
22/08/2026 00:15;0,107;0,107;;
22/08/2026 00:30;0,101;0,101;;
22/08/2026 00:45;0,093;0,093;;
22/08/2026 01:00;0,082;0,082;;
22/08/2026 01:15;0,079;0,079;;
22/08/2026 01:30;0,107;0,107;;
22/08/2026 01:45;0,113;0,113;;
22/08/2026 02:00;0,084;0,084;;
22/08/2026 02:15;0,097;0,097;;
22/08/2026 02:30;0,104;0,104;;
22/08/2026 02:45;0,078;0,078;;
22/08/2026 03:00;0,09;0,09;;
22/08/2026 03:15;0,085;0,085;;
22/08/2026 03:30;0,095;0,095;;
22/08/2026 03:45;0,079;0,079;;
22/08/2026 04:00;0,097;0,097;;
22/08/2026 04:15;0,065;0,065;;
22/08/2026 04:30;0,116;0,116;;
22/08/2026 04:45;0,122;0,122;;
22/08/2026 05:00;0,069;0,069;;
22/08/2026 05:15;0,059;0,059;;
22/08/2026 05:30;0,115;0,115;;
22/08/2026 05:45;0,092;0,092;;
22/08/2026 06:00;0,05;0,05;;
22/08/2026 06:15;0,112;0,112;;
22/08/2026 06:30;0,125;0,125;;
22/08/2026 06:45;0,096;0,096;;
22/08/2026 07:00;0,1;0,1;;
22/08/2026 07:15;0,105;0,105;;
22/08/2026 07:30;0,042;0,042;;
22/08/2026 07:45;0,077;0,077;;
22/08/2026 08:00;0,126;0,126;;
22/08/2026 08:15;0,074;0,074;;
22/08/2026 08:30;0,054;0,054;;
22/08/2026 08:45;0,084;0,084;;
22/08/2026 09:00;0,115;0,115;;
22/08/2026 09:15;0,381;0,381;;
22/08/2026 09:30;0,771;0,771;;
22/08/2026 09:45;0,712;0,712;;
22/08/2026 10:00;0,801;0,801;;
22/08/2026 10:15;0,86;0,86;;
22/08/2026 10:30;0,79;0,79;;
22/08/2026 10:45;0,802;0,802;;
22/08/2026 11:00;0,696;0,696;;
22/08/2026 11:15;0,44;0,44;;
22/08/2026 11:30;0,506;0,506;;
22/08/2026 11:45;0,462;0,462;;
22/08/2026 12:00;0,479;0,479;;
22/08/2026 12:15;0,6;0,6;;
22/08/2026 12:30;0,721;0,721;;
22/08/2026 12:45;0,506;0,506;;
22/08/2026 13:00;0,497;0,497;;
22/08/2026 13:15;0,446;0,446;;
22/08/2026 13:30;0,42;0,42;;
22/08/2026 13:45;0,569;0,569;;
22/08/2026 14:00;0,829;0,829;;
22/08/2026 14:15;0,805;0,805;;
22/08/2026 14:30;0,758;0,758;;
22/08/2026 14:45;0,813;0,813;;
22/08/2026 15:00;0,82;0,82;;
22/08/2026 15:15;0,819;0,819;;
22/08/2026 15:30;0,69;0,69;;
22/08/2026 15:45;0,455;0,455;;
22/08/2026 16:00;0,53;0,53;;
22/08/2026 16:15;0,582;0,582;;
22/08/2026 16:30;0,493;0,493;;
22/08/2026 16:45;0,475;0,475;;
22/08/2026 17:00;0,414;0,414;;
22/08/2026 17:15;0,18;0,18;;
22/08/2026 17:30;0,158;0,158;;
22/08/2026 17:45;0,115;0,115;;
22/08/2026 18:00;0,172;0,172;;
22/08/2026 18:15;0,162;0,162;;
22/08/2026 18:30;0,216;0,216;;
22/08/2026 18:45;0,16;0,16;;
22/08/2026 19:00;0,159;0,159;;
22/08/2026 19:15;0,126;0,126;;
22/08/2026 19:30;0,102;0,102;;
22/08/2026 19:45;0,137;0,137;;
22/08/2026 20:00;0,116;0,116;;
22/08/2026 20:15;0,11;0,11;;
22/08/2026 20:30;0,121;0,121;;
22/08/2026 20:45;0,129;0,129;;
22/08/2026 21:00;0,124;0,124;;
22/08/2026 21:15;0,116;0,116;;
22/08/2026 21:30;0,11;0,11;;
22/08/2026 21:45;0,129;0,129;;
22/08/2026 22:00;0,1;0,1;;
22/08/2026 22:15;0,055;0,055;;
22/08/2026 22:30;0,159;0,159;;
22/08/2026 22:45;0,14;0,14;;
22/08/2026 23:00;0,109;0,109;;
22/08/2026 23:15;0,12;0,12;;
22/08/2026 23:30;0,102;0,102;;
22/08/2026 23:45;0,066;0,066;;
23/08/2026 00:00;0,123;0,123;;
23/08/2026 00:15;0,114;0,114;;
23/08/2026 00:30;0,053;0,053;;
23/08/2026 00:45;0,103;0,103;;
23/08/2026 01:00;0,136;0,136;;
23/08/2026 01:15;0,076;0,076;;
23/08/2026 01:30;0,103;0,103;;
23/08/2026 01:45;0,105;0,105;;
23/08/2026 02:00;0,107;0,107;;
23/08/2026 02:15;0,094;0,094;;
23/08/2026 02:30;0,105;0,105;;
23/08/2026 02:45;0,059;0,059;;
23/08/2026 03:00;0,112;0,112;;
23/08/2026 03:15;0,133;0,133;;
23/08/2026 03:30;0,071;0,071;;
23/08/2026 03:45;0,078;0,078;;
23/08/2026 04:00;0,131;0,131;;
23/08/2026 04:15;0,069;0,069;;
23/08/2026 04:30;0,072;0,072;;
23/08/2026 04:45;0,095;0,095;;
23/08/2026 05:00;0,108;0,108;;
23/08/2026 05:15;0,047;0,047;;
23/08/2026 05:30;0,053;0,053;;
23/08/2026 05:45;0,079;0,079;;
23/08/2026 06:00;0,111;0,111;;
23/08/2026 06:15;0,083;0,083;;
23/08/2026 06:30;0,049;0,049;;
23/08/2026 06:45;0,097;0,097;;
23/08/2026 07:00;0,067;0,067;;
23/08/2026 07:15;0,103;0,103;;
23/08/2026 07:30;0,108;0,108;;
23/08/2026 07:45;0,049;0,049;;
23/08/2026 08:00;0,053;0,053;;
23/08/2026 08:15;0,104;0,104;;
23/08/2026 08:30;0,137;0,137;;
23/08/2026 08:45;0,051;0,051;;
23/08/2026 09:00;0,066;0,066;;
23/08/2026 09:15;0,433;0,433;;
23/08/2026 09:30;1.141;1,141;;
23/08/2026 09:45;1.106;1,106;;
23/08/2026 10:00;1.066;1,066;;
23/08/2026 10:15;1.246;1,246;;
23/08/2026 10:30;1.403;1,403;;
23/08/2026 10:45;1.439;1,439;;
23/08/2026 11:00;1.473;1,473;;
23/08/2026 11:15;1.504;1,504;;
23/08/2026 11:30;1.438;1,438;;
23/08/2026 11:45;1.487;1,487;;
23/08/2026 12:00;1.377;1,377;;
23/08/2026 12:15;0,883;0,883;;
23/08/2026 12:30;0,649;0,649;;
23/08/2026 12:45;0,125;0,125;;
23/08/2026 13:00;0,171;0,171;;
23/08/2026 13:15;0,204;0,204;;
23/08/2026 13:30;0,127;0,127;;
23/08/2026 13:45;0,385;0,385;;
23/08/2026 14:00;0,859;0,859;;
23/08/2026 14:15;0,813;0,813;;
23/08/2026 14:30;0,862;0,862;;
23/08/2026 14:45;0,847;0,847;;
23/08/2026 15:00;0,783;0,783;;
23/08/2026 15:15;1.037;1,037;;
23/08/2026 15:30;1.516;1,516;;
23/08/2026 15:45;1.514;1,514;;
23/08/2026 16:00;1.426;1,426;;
23/08/2026 16:15;1.488;1,488;;
23/08/2026 16:30;1.461;1,461;;
23/08/2026 16:45;1.528;1,528;;
23/08/2026 17:00;0,368;0,368;;
23/08/2026 17:15;0,189;0,189;;
23/08/2026 17:30;0,114;0,114;;
23/08/2026 17:45;0,201;0,201;;
23/08/2026 18:00;0,124;0,124;;
23/08/2026 18:15;0,139;0,139;;
23/08/2026 18:30;0,168;0,168;;
23/08/2026 18:45;0,154;0,154;;
23/08/2026 19:00;0,113;0,113;;
23/08/2026 19:15;0,261;0,261;;
23/08/2026 19:30;0,454;0,454;;
23/08/2026 19:45;0,464;0,464;;
23/08/2026 20:00;0,455;0,455;;
23/08/2026 20:15;0,468;0,468;;
23/08/2026 20:30;0,415;0,415;;
23/08/2026 20:45;0,479;0,479;;
23/08/2026 21:00;0,338;0,338;;
23/08/2026 21:15;0,092;0,092;;
23/08/2026 21:30;0,105;0,105;;
23/08/2026 21:45;0,137;0,137;;
23/08/2026 22:00;0,107;0,107;;
23/08/2026 22:15;0,16;0,16;;
23/08/2026 22:30;0,09;0,09;;
23/08/2026 22:45;0,083;0,083;;
23/08/2026 23:00;0,151;0,151;;
23/08/2026 23:15;0,07;0,07;;
23/08/2026 23:30;0,062;0,062;;
23/08/2026 23:45;0,138;0,138;;
24/08/2026 00:00;0,053;0,053;;
24/08/2026 00:15;0,066;0,066;;
24/08/2026 00:30;0,115;0,115;;
24/08/2026 00:45;0,097;0,097;;
24/08/2026 01:00;0,045;0,045;;
24/08/2026 01:15;0,1;0,1;;
24/08/2026 01:30;0,109;0,109;;
24/08/2026 01:45;0,05;0,05;;
24/08/2026 02:00;0,06;0,06;;
24/08/2026 02:15;0,098;0,098;;
24/08/2026 02:30;0,06;0,06;;
24/08/2026 02:45;0,073;0,073;;
24/08/2026 03:00;0,122;0,122;;
24/08/2026 03:15;0,037;0,037;;
24/08/2026 03:30;0,044;0,044;;
24/08/2026 03:45;0,13;0,13;;
24/08/2026 04:00;0,06;0,06;;
24/08/2026 04:15;0,036;0,036;;
24/08/2026 04:30;0,09;0,09;;
24/08/2026 04:45;0,081;0,081;;
24/08/2026 05:00;0,055;0,055;;
24/08/2026 05:15;0,088;0,088;;
24/08/2026 05:30;0,082;0,082;;
24/08/2026 05:45;0,116;0,116;;
24/08/2026 06:00;0,076;0,076;;
24/08/2026 06:15;0,087;0,087;;
24/08/2026 06:30;0,058;0,058;;
24/08/2026 06:45;0,067;0,067;;
24/08/2026 07:00;0,075;0,075;;
24/08/2026 07:15;0,071;0,071;;
24/08/2026 07:30;0,104;0,104;;
24/08/2026 07:45;0,537;0,537;;
24/08/2026 08:00;1.393;1,393;;
24/08/2026 08:15;1.425;1,425;;
24/08/2026 08:30;1.464;1,464;;
24/08/2026 08:45;1.384;1,384;;
24/08/2026 09:00;1.414;1,414;;
24/08/2026 09:15;1.468;1,468;;
24/08/2026 09:30;1.413;1,413;;
24/08/2026 09:45;1.398;1,398;;
24/08/2026 10:00;1.468;1,468;;
24/08/2026 10:15;1.597;1,597;;
24/08/2026 10:30;1.782;1,782;;
24/08/2026 10:45;1.775;1,775;;
24/08/2026 11:00;1.742;1,742;;
24/08/2026 11:15;1.786;1,786;;
24/08/2026 11:30;1.789;1,789;;
24/08/2026 11:45;1.785;1,785;;
24/08/2026 12:00;1.241;1,241;;
24/08/2026 12:15;0,142;0,142;;
24/08/2026 12:30;0,192;0,192;;
24/08/2026 12:45;0,205;0,205;;
24/08/2026 13:00;0,191;0,191;;
24/08/2026 13:15;0,201;0,201;;
24/08/2026 13:30;0,176;0,176;;
24/08/2026 13:45;0,147;0,147;;
24/08/2026 14:00;0,229;0,229;;
24/08/2026 14:15;0,141;0,141;;
24/08/2026 14:30;0,17;0,17;;
24/08/2026 14:45;0,398;0,398;;
24/08/2026 15:00;0,514;0,514;;
24/08/2026 15:15;0,575;0,575;;
24/08/2026 15:30;0,556;0,556;;
24/08/2026 15:45;0,567;0,567;;
24/08/2026 16:00;0,546;0,546;;
24/08/2026 16:15;0,615;0,615;;
24/08/2026 16:30;0,461;0,461;;
24/08/2026 16:45;0,222;0,222;;
24/08/2026 17:00;0,321;0,321;;
24/08/2026 17:15;0,205;0,205;;
24/08/2026 17:30;0,293;0,293;;
24/08/2026 17:45;0,782;0,782;;
24/08/2026 18:00;0,839;0,839;;
24/08/2026 18:15;0,909;0,909;;
24/08/2026 18:30;0,935;0,935;;
24/08/2026 18:45;1.474;1,474;;
24/08/2026 19:00;0,993;0,993;;
24/08/2026 19:15;1.129;1,129;;
24/08/2026 19:30;1,35;1,35;;
24/08/2026 19:45;1.281;1,281;;
24/08/2026 20:00;1.385;1,385;;
24/08/2026 20:15;2.124;2,124;;
24/08/2026 20:30;2,38;2,38;;
24/08/2026 20:45;2.313;2,313;;
24/08/2026 21:00;2.334;2,334;;
24/08/2026 21:15;2.261;2,261;;
24/08/2026 21:30;2.447;2,447;;
24/08/2026 21:45;3.027;3,027;;
24/08/2026 22:00;2.562;2,562;;
24/08/2026 22:15;2.339;2,339;;
24/08/2026 22:30;2,42;2,42;;
24/08/2026 22:45;2.095;2,095;;
24/08/2026 23:00;2.291;2,291;;
24/08/2026 23:15;1.893;1,893;;
24/08/2026 23:30;1.908;1,908;;
24/08/2026 23:45;1.846;1,846;;
25/08/2026 00:00;2.253;2,253;;
25/08/2026 00:15;2.346;2,346;;
25/08/2026 00:30;1.832;1,832;;
25/08/2026 00:45;1.607;1,607;;
25/08/2026 01:00;1,38;1,38;;
25/08/2026 01:15;0,152;0,152;;
25/08/2026 01:30;0,095;0,095;;
25/08/2026 01:45;0,108;0,108;;
25/08/2026 02:00;0,112;0,112;;
25/08/2026 02:15;0,116;0,116;;
25/08/2026 02:30;0,096;0,096;;
25/08/2026 02:45;0,08;0,08;;
25/08/2026 03:00;0,113;0,113;;
25/08/2026 03:15;0,077;0,077;;
25/08/2026 03:30;0,098;0,098;;
25/08/2026 03:45;0,058;0,058;;
25/08/2026 04:00;0,122;0,122;;
25/08/2026 04:15;0,105;0,105;;
25/08/2026 04:30;0,099;0,099;;
25/08/2026 04:45;0,11;0,11;;
25/08/2026 05:00;0,038;0,038;;
25/08/2026 05:15;0,12;0,12;;
25/08/2026 05:30;0,067;0,067;;
25/08/2026 05:45;0,072;0,072;;
25/08/2026 06:00;0,1;0,1;;
25/08/2026 06:15;0,041;0,041;;
25/08/2026 06:30;0,1;0,1;;
25/08/2026 06:45;0,077;0,077;;
25/08/2026 07:00;0,086;0,086;;
25/08/2026 07:15;0,069;0,069;;
25/08/2026 07:30;0,071;0,071;;
25/08/2026 07:45;0,109;0,109;;
25/08/2026 08:00;0,054;0,054;;
25/08/2026 08:15;0,081;0,081;;
25/08/2026 08:30;0,122;0,122;;
25/08/2026 08:45;0,066;0,066;;
25/08/2026 09:00;0,068;0,068;;
25/08/2026 09:15;0,58;0,58;;
25/08/2026 09:30;1.474;1,474;;
25/08/2026 09:45;1.779;1,779;;
25/08/2026 10:00;1.757;1,757;;
25/08/2026 10:15;1.745;1,745;;
25/08/2026 10:30;1.707;1,707;;
25/08/2026 10:45;1.638;1,638;;
25/08/2026 11:00;1.697;1,697;;
25/08/2026 11:15;1.672;1,672;;
25/08/2026 11:30;1.787;1,787;;
25/08/2026 11:45;1.757;1,757;;
25/08/2026 12:00;1.751;1,751;;
25/08/2026 12:15;1.733;1,733;;
25/08/2026 12:30;1.646;1,646;;
25/08/2026 12:45;1.765;1,765;;
25/08/2026 13:00;1.691;1,691;;
25/08/2026 13:15;1.764;1,764;;
25/08/2026 13:30;1.758;1,758;;
25/08/2026 13:45;1.746;1,746;;
25/08/2026 14:00;1,75;1,75;;
25/08/2026 14:15;1.738;1,738;;
25/08/2026 14:30;1.736;1,736;;
25/08/2026 14:45;1.751;1,751;;
25/08/2026 15:00;1.749;1,749;;
25/08/2026 15:15;1.713;1,713;;
25/08/2026 15:30;1.771;1,771;;
25/08/2026 15:45;1.754;1,754;;
25/08/2026 16:00;1.321;1,321;;
25/08/2026 16:15;0,46;0,46;;
25/08/2026 16:30;0,46;0,46;;
25/08/2026 16:45;0,397;0,397;;
25/08/2026 17:00;0,2;0,2;;
25/08/2026 17:15;0,166;0,166;;
25/08/2026 17:30;0,264;0,264;;
25/08/2026 17:45;0,226;0,226;;
25/08/2026 18:00;0,231;0,231;;
25/08/2026 18:15;0,536;0,536;;
25/08/2026 18:30;1.231;1,231;;
25/08/2026 18:45;0,207;0,207;;
25/08/2026 19:00;0,249;0,249;;
25/08/2026 19:15;0,38;0,38;;
25/08/2026 19:30;0,834;0,834;;
25/08/2026 19:45;0,274;0,274;;
25/08/2026 20:00;0,48;0,48;;
25/08/2026 20:15;0,52;0,52;;
25/08/2026 20:30;1,32;1,32;;
25/08/2026 20:45;2.086;2,086;;
25/08/2026 21:00;1.755;1,755;;
25/08/2026 21:15;1.445;1,445;;
25/08/2026 21:30;1.479;1,479;;
25/08/2026 21:45;1,47;1,47;;
25/08/2026 22:00;1,33;1,33;;
25/08/2026 22:15;0,125;0,125;;
25/08/2026 22:30;0,124;0,124;;
25/08/2026 22:45;0,134;0,134;;
25/08/2026 23:00;0,122;0,122;;
25/08/2026 23:15;0,155;0,155;;
25/08/2026 23:30;0,095;0,095;;
25/08/2026 23:45;0,147;0,147;;
26/08/2026 00:00;0,088;0,088;;
26/08/2026 00:15;0,143;0,143;;
26/08/2026 00:30;0,087;0,087;;
26/08/2026 00:45;0,14;0,14;;
26/08/2026 01:00;0,06;0,06;;
26/08/2026 01:15;0,119;0,119;;
26/08/2026 01:30;0,106;0,106;;
26/08/2026 01:45;0,115;0,115;;
26/08/2026 02:00;0,07;0,07;;
26/08/2026 02:15;0,118;0,118;;
26/08/2026 02:30;0,161;0,161;;
26/08/2026 02:45;0,124;0,124;;
26/08/2026 03:00;0,104;0,104;;
26/08/2026 03:15;0,097;0,097;;
26/08/2026 03:30;0,096;0,096;;
26/08/2026 03:45;0,098;0,098;;
26/08/2026 04:00;0,123;0,123;;
26/08/2026 04:15;0,075;0,075;;
26/08/2026 04:30;0,113;0,113;;
26/08/2026 04:45;0,08;0,08;;
26/08/2026 05:00;0,091;0,091;;
26/08/2026 05:15;0,105;0,105;;
26/08/2026 05:30;0,093;0,093;;
26/08/2026 05:45;0,111;0,111;;
26/08/2026 06:00;0,065;0,065;;
26/08/2026 06:15;0,112;0,112;;
26/08/2026 06:30;0,061;0,061;;
26/08/2026 06:45;0,14;0,14;;
26/08/2026 07:00;0,136;0,136;;
26/08/2026 07:15;0,085;0,085;;
26/08/2026 07:30;0,139;0,139;;
26/08/2026 07:45;0,508;0,508;;
26/08/2026 08:00;1,51;1,51;;
26/08/2026 08:15;1.428;1,428;;
26/08/2026 08:30;1.477;1,477;;
26/08/2026 08:45;1.439;1,439;;
26/08/2026 09:00;1.493;1,493;;
26/08/2026 09:15;1.541;1,541;;
26/08/2026 09:30;0,358;0,358;;
26/08/2026 09:45;0,43;0,43;;
26/08/2026 10:00;0,395;0,395;;
26/08/2026 10:15;0,45;0,45;;
26/08/2026 10:30;0,433;0,433;;
26/08/2026 10:45;0,373;0,373;;
26/08/2026 11:00;0,421;0,421;;
26/08/2026 11:15;0,448;0,448;;
26/08/2026 11:30;0,459;0,459;;
26/08/2026 11:45;0,443;0,443;;
26/08/2026 12:00;0,437;0,437;;
26/08/2026 12:15;0,34;0,34;;
26/08/2026 12:30;0,226;0,226;;
26/08/2026 12:45;0,257;0,257;;
26/08/2026 13:00;0,266;0,266;;
26/08/2026 13:15;0,363;0,363;;
26/08/2026 13:30;0,593;0,593;;
26/08/2026 13:45;0,552;0,552;;
26/08/2026 14:00;0,603;0,603;;
26/08/2026 14:15;0,544;0,544;;
26/08/2026 14:30;0,611;0,611;;
26/08/2026 14:45;0,601;0,601;;
26/08/2026 15:00;0,487;0,487;;
26/08/2026 15:15;0,385;0,385;;
26/08/2026 15:30;0,417;0,417;;
26/08/2026 15:45;0,541;0,541;;
26/08/2026 16:00;0,484;0,484;;
26/08/2026 16:15;0,432;0,432;;
26/08/2026 16:30;0,507;0,507;;
26/08/2026 16:45;0,461;0,461;;
26/08/2026 17:00;0,461;0,461;;
26/08/2026 17:15;0,46;0,46;;
26/08/2026 17:30;0,466;0,466;;
26/08/2026 17:45;1.941;1,941;;
26/08/2026 18:00;1.375;1,375;;
26/08/2026 18:15;1.222;1,222;;
26/08/2026 18:30;1.356;1,356;;
26/08/2026 18:45;1.213;1,213;;
26/08/2026 19:00;1.162;1,162;;
26/08/2026 19:15;1,35;1,35;;
26/08/2026 19:30;1.194;1,194;;
26/08/2026 19:45;1.136;1,136;;
26/08/2026 20:00;1.337;1,337;;
26/08/2026 20:15;1.964;1,964;;
26/08/2026 20:30;2.466;2,466;;
26/08/2026 20:45;2.775;2,775;;
26/08/2026 21:00;2.633;2,633;;
26/08/2026 21:15;2.446;2,446;;
26/08/2026 21:30;2.238;2,238;;
26/08/2026 21:45;2.548;2,548;;
26/08/2026 22:00;2.348;2,348;;
26/08/2026 22:15;2.446;2,446;;
26/08/2026 22:30;2,63;2,63;;
26/08/2026 22:45;2.667;2,667;;
26/08/2026 23:00;2.489;2,489;;
26/08/2026 23:15;2.706;2,706;;
26/08/2026 23:30;2.335;2,335;;
26/08/2026 23:45;2.256;2,256;;
27/08/2026 00:00;2.306;2,306;;
27/08/2026 00:15;2.207;2,207;;
27/08/2026 00:30;1.476;1,476;;
27/08/2026 00:45;0,593;0,593;;
27/08/2026 01:00;0,525;0,525;;
27/08/2026 01:15;0,542;0,542;;
27/08/2026 01:30;0,403;0,403;;
27/08/2026 01:45;0,207;0,207;;
27/08/2026 02:00;0,161;0,161;;
27/08/2026 02:15;0,197;0,197;;
27/08/2026 02:30;0,171;0,171;;
27/08/2026 02:45;0,167;0,167;;
27/08/2026 03:00;0,139;0,139;;
27/08/2026 03:15;0,178;0,178;;
27/08/2026 03:30;0,135;0,135;;
27/08/2026 03:45;0,144;0,144;;
27/08/2026 04:00;0,166;0,166;;
27/08/2026 04:15;0,096;0,096;;
27/08/2026 04:30;0,183;0,183;;
27/08/2026 04:45;0,113;0,113;;
27/08/2026 05:00;0,127;0,127;;
27/08/2026 05:15;0,139;0,139;;
27/08/2026 05:30;0,141;0,141;;
27/08/2026 05:45;0,123;0,123;;
27/08/2026 06:00;0,138;0,138;;
27/08/2026 06:15;0,106;0,106;;
27/08/2026 06:30;0,135;0,135;;
27/08/2026 06:45;0,128;0,128;;
27/08/2026 07:00;0,157;0,157;;
27/08/2026 07:15;0,154;0,154;;
27/08/2026 07:30;0,106;0,106;;
27/08/2026 07:45;0,15;0,15;;
27/08/2026 08:00;0,097;0,097;;
27/08/2026 08:15;0,178;0,178;;
27/08/2026 08:30;0,087;0,087;;
27/08/2026 08:45;0,124;0,124;;
27/08/2026 09:00;0,134;0,134;;
27/08/2026 09:15;0,548;0,548;;
27/08/2026 09:30;1.493;1,493;;
27/08/2026 09:45;1.462;1,462;;
27/08/2026 10:00;1,44;1,44;;
27/08/2026 10:15;1.499;1,499;;
27/08/2026 10:30;1,49;1,49;;
27/08/2026 10:45;1.448;1,448;;
27/08/2026 11:00;1.482;1,482;;
27/08/2026 11:15;1.434;1,434;;
27/08/2026 11:30;1.547;1,547;;
27/08/2026 11:45;1.511;1,511;;
27/08/2026 12:00;1.555;1,555;;
27/08/2026 12:15;1.526;1,526;;
27/08/2026 12:30;1.582;1,582;;
27/08/2026 12:45;1.567;1,567;;
27/08/2026 13:00;1.598;1,598;;
27/08/2026 13:15;1.565;1,565;;
27/08/2026 13:30;1.593;1,593;;
27/08/2026 13:45;1.539;1,539;;
27/08/2026 14:00;1.585;1,585;;
27/08/2026 14:15;1.564;1,564;;
27/08/2026 14:30;1.531;1,531;;
27/08/2026 14:45;1.542;1,542;;
27/08/2026 15:00;1.611;1,611;;
27/08/2026 15:15;1.558;1,558;;
27/08/2026 15:30;1.607;1,607;;
27/08/2026 15:45;1.563;1,563;;
27/08/2026 16:00;1.175;1,175;;
27/08/2026 16:15;0,448;0,448;;
27/08/2026 16:30;0,946;0,946;;
27/08/2026 16:45;0,85;0,85;;
27/08/2026 17:00;0,895;0,895;;
27/08/2026 17:15;0,333;0,333;;
27/08/2026 17:30;0,481;0,481;;
27/08/2026 17:45;0,491;0,491;;
27/08/2026 18:00;0,474;0,474;;
27/08/2026 18:15;0,504;0,504;;
27/08/2026 18:30;0,805;0,805;;
27/08/2026 18:45;0,704;0,704;;
27/08/2026 19:00;0,524;0,524;;
27/08/2026 19:15;0,543;0,543;;
27/08/2026 19:30;0,559;0,559;;
27/08/2026 19:45;0,669;0,669;;
27/08/2026 20:00;0,906;0,906;;
27/08/2026 20:15;1.081;1,081;;
27/08/2026 20:30;0,994;0,994;;
27/08/2026 20:45;0,917;0,917;;
27/08/2026 21:00;0,908;0,908;;
27/08/2026 21:15;0,915;0,915;;
27/08/2026 21:30;0,653;0,653;;
27/08/2026 21:45;0,269;0,269;;
27/08/2026 22:00;0,244;0,244;;
27/08/2026 22:15;0,234;0,234;;
27/08/2026 22:30;0,208;0,208;;
27/08/2026 22:45;0,202;0,202;;
27/08/2026 23:00;0,21;0,21;;
27/08/2026 23:15;0,215;0,215;;
27/08/2026 23:30;0,203;0,203;;
27/08/2026 23:45;0,2;0,2;;
28/08/2026 00:00;0,185;0,185;;
28/08/2026 00:15;0,202;0,202;;
28/08/2026 00:30;0,168;0,168;;
28/08/2026 00:45;0,218;0,218;;
28/08/2026 01:00;0,133;0,133;;
28/08/2026 01:15;0,189;0,189;;
28/08/2026 01:30;0,166;0,166;;
28/08/2026 01:45;0,135;0,135;;
28/08/2026 02:00;0,181;0,181;;
28/08/2026 02:15;0,121;0,121;;
28/08/2026 02:30;0,211;0,211;;
28/08/2026 02:45;0,176;0,176;;
28/08/2026 03:00;0,157;0,157;;
28/08/2026 03:15;0,101;0,101;;
28/08/2026 03:30;0,182;0,182;;
28/08/2026 03:45;0,157;0,157;;
28/08/2026 04:00;0,136;0,136;;
28/08/2026 04:15;0,164;0,164;;
28/08/2026 04:30;0,121;0,121;;
28/08/2026 04:45;0,178;0,178;;
28/08/2026 05:00;0,125;0,125;;
28/08/2026 05:15;0,166;0,166;;
28/08/2026 05:30;0,121;0,121;;
28/08/2026 05:45;0,158;0,158;;
28/08/2026 06:00;0,11;0,11;;
28/08/2026 06:15;0,161;0,161;;
28/08/2026 06:30;0,137;0,137;;
28/08/2026 06:45;0,133;0,133;;
28/08/2026 07:00;0,137;0,137;;
28/08/2026 07:15;0,195;0,195;;
28/08/2026 07:30;0,17;0,17;;
28/08/2026 07:45;0,165;0,165;;
28/08/2026 08:00;0,177;0,177;;
28/08/2026 08:15;0,134;0,134;;
28/08/2026 08:30;0,157;0,157;;
28/08/2026 08:45;0,125;0,125;;
28/08/2026 09:00;0,196;0,196;;
28/08/2026 09:15;0,566;0,566;;
28/08/2026 09:30;1.557;1,557;;
28/08/2026 09:45;1.449;1,449;;
28/08/2026 10:00;1.517;1,517;;
28/08/2026 10:15;1.566;1,566;;
28/08/2026 10:30;1.552;1,552;;
28/08/2026 10:45;1.621;1,621;;
28/08/2026 11:00;2.438;2,438;;
28/08/2026 11:15;1.554;1,554;;
28/08/2026 11:30;1,43;1,43;;
28/08/2026 11:45;0,324;0,324;;
28/08/2026 12:00;0,246;0,246;;
28/08/2026 12:15;0,571;0,571;;
28/08/2026 12:30;1.104;1,104;;
28/08/2026 12:45;1.098;1,098;;
28/08/2026 13:00;1.027;1,027;;
28/08/2026 13:15;0,555;0,555;;
28/08/2026 13:30;0,317;0,317;;
28/08/2026 13:45;0,23;0,23;;
28/08/2026 14:00;0,308;0,308;;
28/08/2026 14:15;0,266;0,266;;
28/08/2026 14:30;0,234;0,234;;
28/08/2026 14:45;0,193;0,193;;
28/08/2026 15:00;0,246;0,246;;
28/08/2026 15:15;0,212;0,212;;
28/08/2026 15:30;0,208;0,208;;
28/08/2026 15:45;0,295;0,295;;
28/08/2026 16:00;0,239;0,239;;
28/08/2026 16:15;0,336;0,336;;
28/08/2026 16:30;0,546;0,546;;
28/08/2026 16:45;0,52;0,52;;
28/08/2026 17:00;0,561;0,561;;
28/08/2026 17:15;0,596;0,596;;
28/08/2026 17:30;0,53;0,53;;
28/08/2026 17:45;0,905;0,905;;
28/08/2026 18:00;1.537;1,537;;
28/08/2026 18:15;1.369;1,369;;
28/08/2026 18:30;0,854;0,854;;
28/08/2026 18:45;0,952;0,952;;
28/08/2026 19:00;0,86;0,86;;
28/08/2026 19:15;1.116;1,116;;
28/08/2026 19:30;1.834;1,834;;
28/08/2026 19:45;1.569;1,569;;
28/08/2026 20:00;1.726;1,726;;
28/08/2026 20:15;2.215;2,215;;
28/08/2026 20:30;2,71;2,71;;
28/08/2026 20:45;2.678;2,678;;
28/08/2026 21:00;2.141;2,141;;
28/08/2026 21:15;1.685;1,685;;
28/08/2026 21:30;1.274;1,274;;
28/08/2026 21:45;0,466;0,466;;
28/08/2026 22:00;0,769;0,769;;
28/08/2026 22:15;0,601;0,601;;
28/08/2026 22:30;0,765;0,765;;
28/08/2026 22:45;0,714;0,714;;
28/08/2026 23:00;0,595;0,595;;
28/08/2026 23:15;0,643;0,643;;
28/08/2026 23:30;0,924;0,924;;
28/08/2026 23:45;0,945;0,945;;
29/08/2026 00:00;1.009;1,009;;
29/08/2026 00:15;0,951;0,951;;
29/08/2026 00:30;0,944;0,944;;
29/08/2026 00:45;0,336;0,336;;
29/08/2026 01:00;0,095;0,095;;
29/08/2026 01:15;0,148;0,148;;
29/08/2026 01:30;0,101;0,101;;
29/08/2026 01:45;0,168;0,168;;
29/08/2026 02:00;0,123;0,123;;
29/08/2026 02:15;0,155;0,155;;
29/08/2026 02:30;0,076;0,076;;
29/08/2026 02:45;0,158;0,158;;
29/08/2026 03:00;0,097;0,097;;
29/08/2026 03:15;0,141;0,141;;
29/08/2026 03:30;0,113;0,113;;
29/08/2026 03:45;0,092;0,092;;
29/08/2026 04:00;0,161;0,161;;
29/08/2026 04:15;0,1;0,1;;
29/08/2026 04:30;0,14;0,14;;
29/08/2026 04:45;0,063;0,063;;
29/08/2026 05:00;0,138;0,138;;
29/08/2026 05:15;0,091;0,091;;
29/08/2026 05:30;0,126;0,126;;
29/08/2026 05:45;0,073;0,073;;
29/08/2026 06:00;0,085;0,085;;
29/08/2026 06:15;0,158;0,158;;
29/08/2026 06:30;0,116;0,116;;
29/08/2026 06:45;0,117;0,117;;
29/08/2026 07:00;0,089;0,089;;
29/08/2026 07:15;0,133;0,133;;
29/08/2026 07:30;0,135;0,135;;
29/08/2026 07:45;0,144;0,144;;
29/08/2026 08:00;0,103;0,103;;
29/08/2026 08:15;0,091;0,091;;
29/08/2026 08:30;0,137;0,137;;
29/08/2026 08:45;0,128;0,128;;
29/08/2026 09:00;0,119;0,119;;
29/08/2026 09:15;0,354;0,354;;
29/08/2026 09:30;0,811;0,811;;
29/08/2026 09:45;0,842;0,842;;
29/08/2026 10:00;0,825;0,825;;
29/08/2026 10:15;0,938;0,938;;
29/08/2026 10:30;1.125;1,125;;
29/08/2026 10:45;1.386;1,386;;
29/08/2026 11:00;1.842;1,842;;
29/08/2026 11:15;0,648;0,648;;
29/08/2026 11:30;0,234;0,234;;
29/08/2026 11:45;0,282;0,282;;
29/08/2026 12:00;0,252;0,252;;
29/08/2026 12:15;1.035;1,035;;
29/08/2026 12:30;0,803;0,803;;
29/08/2026 12:45;0,758;0,758;;
29/08/2026 13:00;0,541;0,541;;
29/08/2026 13:15;0,385;0,385;;
29/08/2026 13:30;0,688;0,688;;
29/08/2026 13:45;1.191;1,191;;
29/08/2026 14:00;1.217;1,217;;
29/08/2026 14:15;1.168;1,168;;
29/08/2026 14:30;2.232;2,232;;
29/08/2026 14:45;1.482;1,482;;
29/08/2026 15:00;1,35;1,35;;
29/08/2026 15:15;1.483;1,483;;
29/08/2026 15:30;1.524;1,524;;
29/08/2026 15:45;1.428;1,428;;
29/08/2026 16:00;1.265;1,265;;
29/08/2026 16:15;1.089;1,089;;
29/08/2026 16:30;0,966;0,966;;
29/08/2026 16:45;0,876;0,876;;
29/08/2026 17:00;1.169;1,169;;
29/08/2026 17:15;0,986;0,986;;
29/08/2026 17:30;0,558;0,558;;
29/08/2026 17:45;0,097;0,097;;
29/08/2026 18:00;0,21;0,21;;
29/08/2026 18:15;0,171;0,171;;
29/08/2026 18:30;0,2;0,2;;
29/08/2026 18:45;0,188;0,188;;
29/08/2026 19:00;0,126;0,126;;
29/08/2026 19:15;0,151;0,151;;
29/08/2026 19:30;0,132;0,132;;
29/08/2026 19:45;0,303;0,303;;
29/08/2026 20:00;0,461;0,461;;
29/08/2026 20:15;0,516;0,516;;
29/08/2026 20:30;0,475;0,475;;
29/08/2026 20:45;0,512;0,512;;
29/08/2026 21:00;0,54;0,54;;
29/08/2026 21:15;0,475;0,475;;
29/08/2026 21:30;0,402;0,402;;
29/08/2026 21:45;0,12;0,12;;
29/08/2026 22:00;0,185;0,185;;
29/08/2026 22:15;0,092;0,092;;
29/08/2026 22:30;0,16;0,16;;
29/08/2026 22:45;0,146;0,146;;
29/08/2026 23:00;0,119;0,119;;
29/08/2026 23:15;0,156;0,156;;
29/08/2026 23:30;0,123;0,123;;
29/08/2026 23:45;0,118;0,118;;
30/08/2026 00:00;0,118;0,118;;
30/08/2026 00:15;0,19;0,19;;
30/08/2026 00:30;0,107;0,107;;
30/08/2026 00:45;0,115;0,115;;
30/08/2026 01:00;0,168;0,168;;
30/08/2026 01:15;0,154;0,154;;
30/08/2026 01:30;0,186;0,186;;
30/08/2026 01:45;0,12;0,12;;
30/08/2026 02:00;0,138;0,138;;
30/08/2026 02:15;0,114;0,114;;
30/08/2026 02:30;0,146;0,146;;
30/08/2026 02:45;0,132;0,132;;
30/08/2026 03:00;0,092;0,092;;
30/08/2026 03:15;0,172;0,172;;
30/08/2026 03:30;0,127;0,127;;
30/08/2026 03:45;0,119;0,119;;
30/08/2026 04:00;0,133;0,133;;
30/08/2026 04:15;0,089;0,089;;
30/08/2026 04:30;0,194;0,194;;
30/08/2026 04:45;0,129;0,129;;
30/08/2026 05:00;0,177;0,177;;
30/08/2026 05:15;0,157;0,157;;
30/08/2026 05:30;0,151;0,151;;
30/08/2026 05:45;0,13;0,13;;
30/08/2026 06:00;0,192;0,192;;
30/08/2026 06:15;0,175;0,175;;
30/08/2026 06:30;0,108;0,108;;
30/08/2026 06:45;0,175;0,175;;
30/08/2026 07:00;0,094;0,094;;
30/08/2026 07:15;0,177;0,177;;
30/08/2026 07:30;0,105;0,105;;
30/08/2026 07:45;0,105;0,105;;
30/08/2026 08:00;0,154;0,154;;
30/08/2026 08:15;0,119;0,119;;
30/08/2026 08:30;0,124;0,124;;
30/08/2026 08:45;0,206;0,206;;
30/08/2026 09:00;0,532;0,532;;
30/08/2026 09:15;0,935;0,935;;
30/08/2026 09:30;1.688;1,688;;
30/08/2026 09:45;0,827;0,827;;
30/08/2026 10:00;0,87;0,87;;
30/08/2026 10:15;0,931;0,931;;
30/08/2026 10:30;1.314;1,314;;
30/08/2026 10:45;1.555;1,555;;
30/08/2026 11:00;1.675;1,675;;
30/08/2026 11:15;1.217;1,217;;
30/08/2026 11:30;1,54;1,54;;
30/08/2026 11:45;1.364;1,364;;
30/08/2026 12:00;1,36;1,36;;
30/08/2026 12:15;2.293;2,293;;
30/08/2026 12:30;1.854;1,854;;
30/08/2026 12:45;1.501;1,501;;
30/08/2026 13:00;1.932;1,932;;
30/08/2026 13:15;1.193;1,193;;
30/08/2026 13:30;1,12;1,12;;
30/08/2026 13:45;1.054;1,054;;
30/08/2026 14:00;1.251;1,251;;
30/08/2026 14:15;1.272;1,272;;
30/08/2026 14:30;0,973;0,973;;
30/08/2026 14:45;1.092;1,092;;
30/08/2026 15:00;1.228;1,228;;
30/08/2026 15:15;1.113;1,113;;
30/08/2026 15:30;1.131;1,131;;
30/08/2026 15:45;1.052;1,052;;
30/08/2026 16:00;1.455;1,455;;
30/08/2026 16:15;1,25;1,25;;
30/08/2026 16:30;1.305;1,305;;
30/08/2026 16:45;1.047;1,047;;
30/08/2026 17:00;1.094;1,094;;
30/08/2026 17:15;1.277;1,277;;
30/08/2026 17:30;1.847;1,847;;
30/08/2026 17:45;1.213;1,213;;
30/08/2026 18:00;1.655;1,655;;
30/08/2026 18:15;1.491;1,491;;
30/08/2026 18:30;1,45;1,45;;
30/08/2026 18:45;1.508;1,508;;
30/08/2026 19:00;1,27;1,27;;
30/08/2026 19:15;1.149;1,149;;
30/08/2026 19:30;1.122;1,122;;
30/08/2026 19:45;1.133;1,133;;
30/08/2026 20:00;0,882;0,882;;
30/08/2026 20:15;0,85;0,85;;
30/08/2026 20:30;1.371;1,371;;
30/08/2026 20:45;1.526;1,526;;
30/08/2026 21:00;2.036;2,036;;
30/08/2026 21:15;2.125;2,125;;
30/08/2026 21:30;1.909;1,909;;
30/08/2026 21:45;1.938;1,938;;
30/08/2026 22:00;1,75;1,75;;
30/08/2026 22:15;1.381;1,381;;
30/08/2026 22:30;0,898;0,898;;
30/08/2026 22:45;0,906;0,906;;
30/08/2026 23:00;0,291;0,291;;
30/08/2026 23:15;0,203;0,203;;
30/08/2026 23:30;0,202;0,202;;
30/08/2026 23:45;0,214;0,214;;
31/08/2026 00:00;0,143;0,143;;
31/08/2026 00:15;0,204;0,204;;
31/08/2026 00:30;0,2;0,2;;
31/08/2026 00:45;0,194;0,194;;
31/08/2026 01:00;0,215;0,215;;
31/08/2026 01:15;0,252;0,252;;
31/08/2026 01:30;0,219;0,219;;
31/08/2026 01:45;0,192;0,192;;
31/08/2026 02:00;0,182;0,182;;
31/08/2026 02:15;0,15;0,15;;
31/08/2026 02:30;0,117;0,117;;
31/08/2026 02:45;0,158;0,158;;
31/08/2026 03:00;0,191;0,191;;
31/08/2026 03:15;0,187;0,187;;
31/08/2026 03:30;0,142;0,142;;
31/08/2026 03:45;0,126;0,126;;
31/08/2026 04:00;0,166;0,166;;
31/08/2026 04:15;0,195;0,195;;
31/08/2026 04:30;0,152;0,152;;
31/08/2026 04:45;0,086;0,086;;
31/08/2026 05:00;0,195;0,195;;
31/08/2026 05:15;0,151;0,151;;
31/08/2026 05:30;0,094;0,094;;
31/08/2026 05:45;0,123;0,123;;
31/08/2026 06:00;0,142;0,142;;
31/08/2026 06:15;0,159;0,159;;
31/08/2026 06:30;0,06;0,06;;
31/08/2026 06:45;0,133;0,133;;
31/08/2026 07:00;0,09;0,09;;
31/08/2026 07:15;0,15;0,15;;
31/08/2026 07:30;0,182;0,182;;
31/08/2026 07:45;0,083;0,083;;
31/08/2026 08:00;0,126;0,126;;
31/08/2026 08:15;0,12;0,12;;
31/08/2026 08:30;0,15;0,15;;
31/08/2026 08:45;0,125;0,125;;
31/08/2026 09:00;0,116;0,116;;
31/08/2026 09:15;0,158;0,158;;
31/08/2026 09:30;0,141;0,141;;
31/08/2026 09:45;0,242;0,242;;
31/08/2026 10:00;0,156;0,156;;
31/08/2026 10:15;0,217;0,217;;
31/08/2026 10:30;0,131;0,131;;
31/08/2026 10:45;0,118;0,118;;
31/08/2026 11:00;0,201;0,201;;
31/08/2026 11:15;0,207;0,207;;
31/08/2026 11:30;0,164;0,164;;
31/08/2026 11:45;0,14;0,14;;
31/08/2026 12:00;0,198;0,198;;
31/08/2026 12:15;0,186;0,186;;
31/08/2026 12:30;0,213;0,213;;
31/08/2026 12:45;0,168;0,168;;
31/08/2026 13:00;0,181;0,181;;
31/08/2026 13:15;0,136;0,136;;
31/08/2026 13:30;0,224;0,224;;
31/08/2026 13:45;0,254;0,254;;
31/08/2026 14:00;0,51;0,51;;
31/08/2026 14:15;0,521;0,521;;
31/08/2026 14:30;0,556;0,556;;
31/08/2026 14:45;0,531;0,531;;
31/08/2026 15:00;0,588;0,588;;
31/08/2026 15:15;0,52;0,52;;
31/08/2026 15:30;0,523;0,523;;
31/08/2026 15:45;0,157;0,157;;
31/08/2026 16:00;0,142;0,142;;
31/08/2026 16:15;0,181;0,181;;
31/08/2026 16:30;0,179;0,179;;
31/08/2026 16:45;0,543;0,543;;
31/08/2026 17:00;1.255;1,255;;
31/08/2026 17:15;1,22;1,22;;
31/08/2026 17:30;1.208;1,208;;
31/08/2026 17:45;1.451;1,451;;
31/08/2026 18:00;1.882;1,882;;
31/08/2026 18:15;1,97;1,97;;
31/08/2026 18:30;2.187;2,187;;
31/08/2026 18:45;2.193;2,193;;
31/08/2026 19:00;2.264;2,264;;
31/08/2026 19:15;2.211;2,211;;
31/08/2026 19:30;2.133;2,133;;
31/08/2026 19:45;1.925;1,925;;
31/08/2026 20:00;1.873;1,873;;
31/08/2026 20:15;1.808;1,808;;
31/08/2026 20:30;1,79;1,79;;
31/08/2026 20:45;1.815;1,815;;
31/08/2026 21:00;1.666;1,666;;
31/08/2026 21:15;1.533;1,533;;
31/08/2026 21:30;1,27;1,27;;
31/08/2026 21:45;0,823;0,823;;
31/08/2026 22:00;0,82;0,82;;
31/08/2026 22:15;0,883;0,883;;
31/08/2026 22:30;0,834;0,834;;
31/08/2026 22:45;0,871;0,871;;
31/08/2026 23:00;0,648;0,648;;
31/08/2026 23:15;0,157;0,157;;
31/08/2026 23:30;0,198;0,198;;
31/08/2026 23:45;0,187;0,187;;
